shipment_id,supplier_code,sku,hs_declared,hs_master,product_name,region,destination_port,order_date,etd_shipped,eta_planned,ata_arrival,customs_cleared,warehouse_receipt,unit_price_usd,fob_total_usd,freight_usd,insurance_usd,customs_value_usd,duty_igi_mxn,dta_mxn,iva_mxn,broker_fee_mxn,drayage_mxn,demurrage_mxn,storage_mxn,days_against_plan,total_lead_days,landed_cost_mxn,cost_per_unit_mxn,category,origin_port
IMP-2023-0001,SUP-1011,SKU-106,8458110100,8458110100,CNC Turning Centre TC-106,East China,Manzanillo,2023-01-02,2023-04-06,2023-05-18,2023-05-18,2023-05-20,2023-05-23,90704.25,544225.5,9386.05,2817.3,556428.85,1012962.03,81036.96,1795779.08,7063.45,60064.23,0.0,0.0,0.0,141.0,11290746.955595002,1881791.1592658337,CNC lathe,Shanghai
IMP-2023-0002,SUP-1002,SKU-106,8458110100,8458110100,CNC Turning Centre TC-106,South China,"Manzanillo, Colima",2023-01-02,2023-04-08,2023-05-26,2023-05-26,2023-05-31,2023-06-01,87635.07,175270.14,0.0,778.46,181514.83,330442.3,26435.38,585808.11,8411.14,32647.23,0.0,0.0,0.0,150.0,3602847.9984199996,1801423.9992099998,CNC lathe,Shekou
IMP-2023-0003,SUP-1013,SKU-111,8456110100,8456110100,Fibre Laser Cutting Machine FL-111,East China,Manzanillo,2023-01-03,2023-03-17,2023-04-26,2023-04-26,2023-05-04,2023-05-05,45470.74,136412.22,8144.91,674.21,145231.34,264743.66,21179.49,469337.56,6418.7,34404.32,0.0,0.0,0.0,122.0,2974182.7899939995,991394.2633313332,Laser cutting machine,Shanghai
IMP-2023-0004,SUP-1003,SKU-113,8456110100,8456110100,Fibre Laser Cutting Machine FL-113,South China,Manzanillo,2023-01-03,2023-04-10,2023-05-21,2023-05-21,2023-05-25,2023-05-27,58562.05,234248.2,6701.65,1150.5,242100.35,440736.42,35258.91,781337.53,7543.46,43689.52,0.0,0.0,0.0,144.0,4934592.5516449995,1233648.1379112499,Laser cutting machine,Nansha
IMP-2023-0005,SUP-1009,SKU-131,8462910100,8462910100,Hydraulic Press HP-131,East China,Manzanillo,2023-01-04,2023-04-06,2023-05-18,2023-05-18,2023-05-25,2023-05-26,75144.98,75144.98,0.0,0.0,81903.89,149103.57,11928.29,264330.82,6338.94,21822.56,0.0,0.0,0.0,142.0,1557185.177406,1557185.177406,Hydraulic press,Ningbo-Zhoushan
IMP-2023-0006,SUP-1014,SKU-122,8414809900,8414809900,Screw Air Compressor SAC-122,East China,Manzanillo,2023-01-04,2023-04-21,2023-06-01,2023-06-01,2023-06-06,2023-06-08,24426.35,73279.05,8959.55,328.29,82566.89,223211.74,11904.63,275711.15,6589.73,35966.96,0.0,0.0,0.0,155.0,1765751.348403,588583.782801,Air compressor,Nantong
IMP-2023-0007,SUP-1013,SKU-120,8479500100,8479500100,6-Axis Industrial Robot IR-120,East China,Manzanillo,2023-01-05,2023-04-09,2023-05-25,2023-05-25,2023-05-30,2023-05-31,61911.93,61911.93,0.0,208.83,67066.6,61046.37,9767.42,206678.58,6660.54,19585.8,0.0,0.0,0.0,146.0,1227949.9295720002,1227949.9295720002,Industrial robot,Shanghai
IMP-2023-0008,SUP-1010,SKU-110,8456110100,8456110100,Fibre Laser Cutting Machine FL-110,East China,Manzanillo,2023-01-06,2023-03-07,2023-04-22,2023-04-22,2023-04-26,2023-04-30,19380.53,19380.53,7454.95,104.52,26940.0,49109.2,3928.74,87060.78,7623.74,26247.72,0.0,0.0,0.0,114.0,578001.3539999999,578001.3539999999,Laser cutting machine,Taizhou
IMP-2023-0009,SUP-1014,SKU-105,8457100100,8457100100,CNC Vertical Machining Centre VMC-105,East China,Veracruz,2023-01-06,2023-03-26,2023-05-12,2023-05-12,2023-05-14,2023-05-18,159520.94,319041.88,0.0,1538.59,320580.47,583607.13,46688.57,1034618.72,7198.41,77148.53,0.0,0.0,0.0,132.0,6550713.922209,3275356.9611045,CNC machining centre,Nantong
IMP-2023-0010,SUP-1005,SKU-138,8428330100,8428330100,Modular Belt Conveyor CV-138,South China,Manzanillo,2023-01-07,2023-03-27,2023-05-08,2023-05-13,2023-05-17,2023-05-17,11794.38,47177.52,10234.51,0.0,57575.63,104814.71,8385.18,185815.51,5243.82,40463.27,0.0,0.0,5.0,130.0,1204075.762541,301018.94063525,Conveyor system,Shekou
IMP-2023-0011,SUP-1006,SKU-119,,8479500100,6-Axis Industrial Robot IR-119,East China,LZC,2023-01-08,2023-04-13,2023-05-11,2023-05-11,2023-05-13,2023-05-16,51319.58,51319.58,0.0,0.0,51488.67,46866.79,7498.69,158672.2,8472.75,28976.63,0.0,0.0,0.0,128.0,1026072.4180259999,1026072.4180259999,Industrial robot,Ningbo-Zhoushan
IMP-2023-0012,SUP-1005,SKU-109,8458110100,8458110100,CNC Turning Centre TC-109,South China,Manzanillo,2023-01-10,2023-03-13,2023-04-26,2023-04-26,2023-05-09,2023-05-12,77147.82,308591.28,6831.27,0.0,317218.09,578260.03,46260.8,1025139.38,6027.08,35282.06,0.0,8951.89,0.0,122.0,6424651.0662050005,1606162.7665512501,CNC lathe,Shekou
IMP-2023-0013,SUP-1013,SKU-120,8479500100,8479500100,6-Axis Industrial Robot IR-120,East China,Veracruz,2023-01-11,2023-04-16,2023-06-07,2023-06-07,,2023-06-14,61591.84,369551.04,10432.41,0.0,379983.45,342416.39,54786.62,1159284.92,8859.82,169125.55,0.0,0.0,0.0,154.0,7423516.104315,1237252.6840525,Industrial robot,Shanghai
IMP-2023-0014,SUP-1003,SKU-126,8422309900,8422309900,Automatic Filling & Sealing Line PFS-126,South China,Manzanillo,2023-01-11,2023-05-11,2023-06-19,2023-07-23,2023-07-30,2023-08-03,29237.76,58475.52,7178.36,221.59,65875.47,118393.37,9471.47,209887.77,6901.34,33326.45,12502.56,0.0,34.0,204.0,1364528.8994809997,682264.4497404998,Packaging machine,Nansha
IMP-2023-0015,SUP-1010,SKU-110,8456110100,8456110100,Fibre Laser Cutting Machine FL-110,East China,Veracruz,2023-01-11,2023-04-08,2023-05-28,2023-06-15,2023-06-17,2023-06-18,19785.49,39570.98,9261.76,149.32,48982.06,88278.9,7062.31,156500.83,8142.4,78099.18,4011.98,0.0,18.0,158.0,1068383.742762,534191.871381,Laser cutting machine,Taizhou
IMP-2023-0016,SUP-1006,SKU-101,8457100100,8457100100,CNC Vertical Machining Centre VMC-101,East China,Lázaro Cárdenas,2023-01-11,2023-03-04,2023-04-17,2023-04-17,2023-05-05,2023-05-08,149396.56,597586.24,0.0,3041.42,600627.66,1094890.17,87591.21,1941021.29,5857.84,83902.1,0.0,7765.81,0.0,117.0,12228908.806906002,3057227.2017265004,CNC machining centre,Ningbo-Zhoushan
IMP-2023-0017,SUP-1012,SKU-115,8477100100,8477100100,Injection Moulding Machine IMM-115,East China,Manzanillo,2023-01-15,2023-04-12,2023-05-21,2023-05-21,2023-05-23,2023-05-24,43878.18,87756.36,9072.06,0.0,97134.66,176830.73,14146.46,313485.53,9178.53,33213.9,0.0,0.0,0.0,129.0,1996101.9575739997,998050.9787869998,Injection moulding machine,Shanghai
IMP-2023-0018,SUP-1005,SKU-138,8428330100,8428330100,Modular Belt Conveyor CV-138,South China,Lázaro Cárdenas,2023-01-18,2023-04-07,2023-05-06,2023-05-08,2023-05-14,2023-05-18,11525.91,34577.73,7182.7,203.51,41963.94,76394.09,6111.53,135431.45,5795.69,58798.06,0.0,0.0,2.0,120.0,911040.308518,303680.1028393333,Conveyor system,Shekou
IMP-2023-0019,SUP-1004,SKU-131,8462910100,8462910100,Hydraulic Press HP-131,South China,Manzanillo,2023-01-18,2023-04-05,,2023-05-10,2023-05-13,2023-05-15,74092.21,222276.63,8195.68,0.0,231715.83,421831.72,33746.54,747823.27,4111.26,34872.6,0.0,0.0,,117.0,4690241.381857,1563413.7939523335,Hydraulic press,Yantian
IMP-2023-0020,SUP-1014,SKU-122,8414809900,8414809900,Screw Air Compressor SAC-122,East China,Lázaro Cárdenas,2023-01-20,2023-05-09,2023-06-18,2023-06-18,2023-06-21,2023-06-22,24491.02,24491.02,6032.42,145.59,30669.03,82910.81,4421.91,102411.43,8731.29,38196.74,0.0,0.0,0.0,153.0,686999.476981,686999.476981,Air compressor,Nantong
IMP-2023-0021,SUP-1003,SKU-133,8462910100,8462910100,Hydraulic Press HP-133,South China,Veracruz,2023-01-21,2023-04-20,2023-06-09,2023-06-09,2023-06-14,2023-06-17,93894.69,375578.76,11475.87,2033.53,389088.16,701241.92,56099.35,1243161.67,8748.91,92363.23,0.0,0.0,0.0,147.0,7870872.591232001,1967718.1478080002,Hydraulic press,Nansha
IMP-2023-0022,SUP-1012,SKU-103,8457100100,8457100100,CNC Vertical Machining Centre VMC-103,East China,Manzanillo,2023-01-21,2023-04-13,2023-05-25,2023-05-25,2023-05-27,2023-05-28,158274.15,316548.3,5793.28,1257.13,323598.71,589101.74,47128.14,1044359.57,8407.61,31635.58,0.0,0.0,0.0,127.0,6567290.505937001,3283645.2529685004,CNC machining centre,Shanghai
IMP-2023-0023,SUP-1002,SKU-125,8414809900,8414809900,Screw Air Compressor SAC-125,South China,Manzanillo,2023-01-22,2023-04-12,2023-05-17,2023-05-29,2023-06-05,2023-06-06,14918.7,59674.8,8842.03,238.38,68755.21,187750.2,10013.34,231909.04,7411.32,40907.29,12177.35,0.0,12.0,135.0,1509927.4714870001,377481.86787175003,Air compressor,Shekou
IMP-2023-0024,SUP-1012,SKU-142,8515310100,8515310100,Inverter Arc Welding Power Source AW-142,East China,Lázaro Cárdenas,2023-01-24,2023-04-03,2023-05-11,2023-06-14,2023-06-23,2023-06-24,7005.02,14010.04,0.0,83.57,14093.61,38100.74,2032.04,47062.03,5548.49,44186.29,24069.32,0.0,34.0,151.0,367941.784947,183970.8924735,Arc welding machine,Shanghai
IMP-2023-0025,SUP-1004,SKU-124,8414809900,8414809900,Screw Air Compressor SAC-124,South China,Manzanillo,2023-01-24,2023-05-01,2023-06-05,2023-06-08,2023-06-15,2023-06-19,7581.65,7581.65,6552.53,39.69,14173.87,38317.71,2043.61,47330.04,5694.65,26551.43,0.0,0.0,3.0,146.0,328058.80684900004,328058.80684900004,Air compressor,Yantian
IMP-2023-0026,SUP-1010,SKU-129,8422309900,8422309900,Automatic Filling & Sealing Line PFS-129,East China,Veracruz,2023-01-25,2023-04-30,2023-06-15,2023-06-15,2023-06-21,2023-06-22,40021.88,160087.52,7647.99,868.63,168604.14,303870.18,24309.61,538701.06,3586.6,131113.7,0.0,0.0,0.0,148.0,3501581.9239779995,875395.4809944999,Packaging machine,Taizhou
IMP-2023-0027,SUP-1013,SKU-109,8458110100,8458110100,CNC Turning Centre TC-109,East China,Manzanillo,2023-01-25,2023-03-23,2023-05-08,2023-05-08,2023-05-13,,81593.61,81593.61,6909.21,316.49,88819.31,161692.89,12935.43,286649.15,6363.07,18493.44,0.0,0.0,0.0,,1816413.7227570002,1816413.7227570002,CNC lathe,Shanghai
IMP-2023-0028,SUP-1002,SKU-102,8457100100,8457100100,CNC Vertical Machining Centre VMC-102,South China,Manzanillo,2023-01-26,2023-04-17,2023-05-26,2023-05-26,2023-05-28,2023-05-29,96661.01,96661.01,6200.75,472.19,103333.95,188116.36,15049.31,333492.68,6314.09,26182.47,0.0,0.0,0.0,123.0,2116825.7895649998,2116825.7895649998,CNC machining centre,Shekou
IMP-2023-0029,SUP-1007,SKU-129,8422309900,8422309900,Automatic Filling & Sealing Line PFS-129,East China,Manzanillo,2023-01-26,2023-04-28,2023-06-10,2023-06-09,2023-06-17,2023-06-20,39056.09,39056.09,7662.92,0.0,46912.83,84549.59,6763.97,149889.51,3947.72,22182.18,0.0,0.0,-1.0,145.0,959446.1615269999,959446.1615269999,Packaging machine,Ningbo-Zhoushan
IMP-2023-0030,SUP-1008,SKU-112,8456110100,8456110100,Fibre Laser Cutting Machine FL-112,East China,Lázaro Cárdenas,2023-01-27,2023-04-28,2023-06-03,2023-06-03,2023-06-05,2023-06-09,67544.33,135088.66,7544.03,656.72,143289.41,258246.2,20659.7,457818.87,6824.9,49868.92,0.0,0.0,0.0,133.0,2918061.7696070005,1459030.8848035003,Laser cutting machine,Wenzhou
IMP-2023-0031,SUP-1013,SKU-137,8428330100,8428330100,Modular Belt Conveyor CV-137,East China,Manzanillo,2023-01-28,2023-03-18,2023-04-21,2023-04-21,2023-04-28,2023-04-30,33630.83,33630.83,8037.5,122.42,41790.75,76180.78,6094.46,135053.28,5977.83,23765.89,0.0,0.0,0.0,92.0,873826.720825,873826.720825,Conveyor system,Shanghai
IMP-2023-0032,SUP-1010,SKU-125,8414809900,8414809900,Screw Air Compressor SAC-125,East China,Manzanillo,2023-02-02,2023-04-13,2023-05-27,2023-06-22,2023-06-24,2023-06-27,14221.38,14221.38,0.0,66.25,14287.63,38625.25,2060.01,47709.91,6215.61,26702.57,30593.5,0.0,26.0,145.0,361698.60920099996,361698.60920099996,Air compressor,Taizhou
IMP-2023-0033,SUP-1012,SKU-141,8515310100,8515310100,Inverter Arc Welding Power Source AW-141,East China,Manzanillo,2023-02-02,2023-04-08,2023-05-09,2023-05-27,,2023-06-03,27343.05,54686.1,8542.1,225.41,63453.61,173273.09,9241.23,214026.92,8243.66,29280.53,0.0,0.0,18.0,121.0,1375192.4439669999,687596.2219834999,Arc welding machine,Shanghai
IMP-2023-0034,SUP-1008,SKU-126,8422309900,8422309900,Automatic Filling & Sealing Line PFS-126,East China,Manzanillo,2023-02-04,2023-06-04,2023-07-14,2023-07-14,2023-07-19,2023-07-21,31610.25,31610.25,0.0,0.0,31727.3,57021.26,4561.7,101087.28,7607.56,25452.47,0.0,0.0,0.0,167.0,662751.886075,662751.886075,Packaging machine,Wenzhou
IMP-2023-0035,SUP-1006,SKU-127,8422309900,8422309900,Automatic Filling & Sealing Line PFS-127,East China,Manzanillo,2023-02-04,2023-05-05,2023-06-11,2023-07-15,2023-07-28,2023-07-30,52585.36,105170.72,0.0,488.68,113031.45,203143.51,16251.48,360132.82,6649.92,29978.65,40538.63,11484.81,34.0,176.0,2206989.43462,1103494.71731,Packaging machine,Ningbo-Zhoushan
IMP-2023-0036,SUP-1014,SKU-122,8414809900,8414809900,Screw Air Compressor SAC-122,East China,Manzanillo,2023-02-04,2023-05-28,2023-07-04,2023-07-04,2023-07-07,2023-07-08,25311.44,50622.88,0.0,0.0,50912.15,137251.27,7320.07,169532.76,4331.16,35923.1,0.0,0.0,0.0,154.0,1094635.186224,547317.593112,Air compressor,Nantong
IMP-2023-0037,SUP-1011,SKU-135,8480710100,8480710100,Precision Injection Mould MD-135,East China,Manzanillo,2023-02-04,2023-04-23,2023-06-04,2023-06-04,2023-06-24,2023-06-26,4070.08,12210.24,0.0,70.32,21378.72,19265.11,3082.42,65223.97,8851.24,42525.47,0.0,0.0,0.0,142.0,295053.088712,98351.02957066667,Mould and die,Shanghai
IMP-2023-0038,SUP-1014,SKU-128,8422309900,8422309900,Automatic Filling & Sealing Line PFS-128,East China,Manzanillo,2023-02-05,2023-05-03,2023-06-09,2023-06-17,2023-06-26,2023-06-30,52317.21,156951.63,6679.11,0.0,164519.11,296507.86,23720.63,525649.13,9119.07,35129.8,36728.77,0.0,8.0,145.0,3350273.8677979996,1116757.9559326665,Packaging machine,Nantong
IMP-2023-0039,SUP-1007,SKU-128,8422309900,8422309900,Automatic Filling & Sealing Line PFS-128,East China,Veracruz,2023-02-06,2023-05-07,2023-06-21,2023-06-21,2023-07-08,2023-07-11,49269.95,197079.8,0.0,0.0,198078.42,356990.79,28559.26,632873.28,3853.78,91453.87,0.0,0.0,0.0,155.0,4032767.81146,1008191.952865,Packaging machine,Ningbo-Zhoushan
IMP-2023-0040,SUP-1005,SKU-138,8428330100,8428330100,Modular Belt Conveyor CV-138,South China,Manzanillo,2023-02-06,2023-05-05,2023-06-17,2023-06-17,2023-06-19,2023-06-22,11466.08,11466.08,5146.06,53.03,16665.17,30035.14,2402.81,53246.29,5329.02,18760.25,0.0,0.0,0.0,136.0,356878.57935899997,356878.57935899997,Conveyor system,Shekou
IMP-2023-0041,SUP-1001,SKU-115,8477100100,8477100100,Injection Moulding Machine IMM-115,South China,Lázaro Cárdenas,2023-02-06,2023-04-16,2023-05-26,2023-05-26,2023-06-04,2023-06-05,44621.1,89242.2,0.0,418.14,89660.34,163223.96,13057.92,289363.43,5414.9,50489.94,0.0,0.0,0.0,119.0,1864426.311598,932213.155799,Injection moulding machine,Yantian
IMP-2023-0042,SUP-1003,SKU-133,8462910100,8462910100,Hydraulic Press HP-133,South China,Manzanillo,2023-02-07,2023-05-14,2023-06-26,2023-06-26,2023-06-30,2023-07-03,89664.75,89664.75,8268.36,0.0,98383.56,177313.74,14185.1,314341.8,5692.25,21265.53,0.0,0.0,0.0,146.0,1983475.681597,1983475.681597,Hydraulic press,Nansha
IMP-2023-0043,SUP-1007,SKU-129,8422309900,8422309900,Automatic Filling & Sealing Line PFS-129,East China,Lázaro Cárdenas,2023-02-07,2023-05-21,2023-06-30,2023-07-03,2023-07-08,2023-07-10,36514.57,109543.71,6861.2,441.57,116846.48,210000.0,16800.0,372288.0,5945.25,50507.19,0.0,0.0,3.0,153.0,2383252.432504,794417.4775013333,Packaging machine,Ningbo-Zhoushan
IMP-2023-0044,SUP-1014,SKU-134,8480710100,8480710100,Precision Injection Mould MD-134,East China,Manzanillo,2023-02-10,2023-04-12,2023-05-19,2023-05-19,2023-05-21,2023-05-23,7389.25,14778.5,5970.9,57.89,20807.29,18939.52,3030.32,64121.65,4211.35,28546.29,0.0,0.0,0.0,102.0,433517.95226299996,216758.97613149998,Mould and die,Nantong
IMP-2023-0045,SUP-1013,SKU-137,8428330100,8428330100,Modular Belt Conveyor CV-137,East China,Lázaro Cárdenas,2023-02-13,2023-04-05,2023-05-10,2023-05-10,2023-05-12,2023-05-16,32795.67,131182.68,0.0,567.18,131749.86,239846.67,19187.73,425200.17,6415.49,76368.03,0.0,0.0,0.0,92.0,2740284.5963419997,685071.1490854999,Conveyor system,Shanghai
IMP-2023-0046,SUP-1013,SKU-109,8458110100,8458110100,CNC Turning Centre TC-109,East China,,2023-02-14,2023-04-08,2023-05-26,2023-06-13,2023-06-15,2023-06-17,77537.9,155075.8,7922.99,873.68,163872.47,295342.44,23627.39,523583.07,5317.3,35941.88,0.0,0.0,18.0,123.0,3313653.375069,1656826.6875345,CNC lathe,Shanghai
IMP-2023-0047,SUP-1008,SKU-112,8456110100,8456110100,Fibre Laser Cutting Machine FL-112,East China,Manzanillo,2023-02-14,2023-05-10,2023-06-19,2023-06-19,2023-06-24,,69564.58,69564.58,8102.95,375.31,78042.84,140654.27,11252.34,249351.89,4013.36,18719.17,0.0,0.0,0.0,,1581181.8324679998,1581181.8324679998,Laser cutting machine,Wenzhou
IMP-2023-0048,SUP-1005,SKU-117,8477100100,8477100100,Injection Moulding Machine IMM-117,South China,Manzanillo,2023-02-15,2023-05-13,2023-07-01,2023-07-01,2023-07-09,2023-07-11,34936.6,34936.6,4930.03,0.0,39866.63,71649.5,5731.96,127020.24,7084.86,25250.21,0.0,0.0,0.0,146.0,826211.564349,826211.564349,Injection moulding machine,Shekou
IMP-2023-0049,SUP-1005,SKU-138,8428330100,8428330100,Modular Belt Conveyor CV-138,South China,Veracruz,2023-02-18,2023-05-20,2023-07-11,2023-07-12,2023-07-20,2023-07-24,11881.75,11881.75,9442.39,36.36,21360.5,38389.73,3071.18,68057.32,5964.27,64857.44,0.0,0.0,1.0,156.0,496179.93415,496179.93415,Conveyor system,Shekou
IMP-2023-0050,SUP-1006,SKU-114,8477100100,8477100100,Injection Moulding Machine IMM-114,East China,Lázaro Cárdenas,2023-02-19,2023-05-26,2023-06-25,2023-07-03,2023-07-10,2023-07-13,69291.68,-207875.04,0.0,660.54,208535.58,374786.4,29982.91,664421.33,5362.88,62612.17,0.0,0.0,8.0,144.0,-3251376.7983500003,1083792.2661166668,Injection moulding machine,Ningbo-Zhoushan
IMP-2023-0051,SUP-1014,SKU-999,8457100100,,,East China,Manzanillo,2023-02-21,2023-05-07,2023-06-11,2023-06-11,2023-06-20,2023-06-21,159819.12,479457.36,0.0,1581.07,481038.43,866961.13,69356.89,1536948.69,5882.24,32328.25,0.0,0.0,0.0,120.0,9644139.822361,3214713.274120333,,Nantong
IMP-2023-0052,SUP-1002,SKU-112,8458110100,8456110100,Fibre Laser Cutting Machine FL-112,South China,Lázaro Cárdenas,2023-02-23,2023-05-17,2023-06-22,2023-06-30,2023-07-02,2023-07-03,66656.89,133313.78,7363.93,533.63,141211.34,254500.96,20360.08,451179.3,5227.03,43390.01,25258.34,0.0,8.0,130.0,2893746.037418,1446873.018709,Laser cutting machine,Shekou
IMP-2023-0053,SUP-1014,SKU-104,8457100100,8457100100,CNC Vertical Machining Centre VMC-104,East China,Manzanillo,2023-02-24,2023-05-05,2023-06-10,2023-06-10,2023-06-17,2023-06-20,160298.79,160298.79,6735.87,0.0,167624.1,302103.89,24168.31,535569.77,4840.89,25947.47,0.0,0.0,0.0,116.0,3367476.126782,3367476.126782,CNC machining centre,Nantong
IMP-2023-0054,SUP-1011,SKU-113,8456110100,8456110100,Fibre Laser Cutting Machine FL-113,East China,Manzanillo,2023-02-24,2023-06-13,2023-07-22,,2023-07-26,2023-07-31,58433.37,116866.74,8998.86,400.44,126266.04,226929.12,18154.33,402299.94,6498.27,23262.57,0.0,0.0,,157.0,2544135.440692,1272067.720346,Laser cutting machine,Shanghai
IMP-2023-0055,SUP-1001,SKU-111,8456110100,8456110100,Fibre Laser Cutting Machine FL-111,South China,Manzanillo,2023-02-27,2023-04-17,2023-05-29,2023-05-29,2023-06-04,2023-06-05,45088.38,135265.14,7440.88,494.97,143200.99,260693.11,20855.45,462156.74,7418.1,34244.0,0.0,0.0,0.0,98.0,2930141.722653,976713.907551,Laser cutting machine,Yantian
IMP-2023-0056,SUP-1011,SKU-127,8422309900,8422309900,Automatic Filling & Sealing Line PFS-127,East China,Manzanillo,2023-03-01,2023-05-19,2023-06-20,2023-07-24,2023-07-28,2023-07-29,51966.41,207865.64,0.0,679.94,208545.58,374804.37,29984.35,664453.19,6379.45,36731.63,44136.33,0.0,34.0,150.0,4240079.857434001,1060019.9643585002,Packaging machine,Shanghai
IMP-2023-0057,SUP-1008,SKU-118,8477100100,8477100100,Injection Moulding Machine IMM-118,East China,Manzanillo,2023-03-01,2023-05-25,2023-06-28,2023-06-28,2023-07-06,2023-07-07,28614.44,28614.44,7109.73,159.07,35883.24,64671.29,5173.7,114649.26,6604.56,20493.67,0.0,0.0,0.0,128.0,743656.0895479999,743656.0895479999,Injection moulding machine,Wenzhou
IMP-2023-0058,SUP-1002,SKU-124,8414809900,8414809900,Screw Air Compressor SAC-124,South China,Manzanillo,2023-03-02,2023-05-17,2023-06-15,2023-06-17,2023-07-09,,8118.89,48713.34,6679.45,190.46,55583.25,150264.04,8014.08,185606.14,8921.07,74055.06,0.0,0.0,2.0,,1243014.489775,207169.08162916664,Air compressor,Shekou
IMP-2023-0059,SUP-1007,SKU-141,8515310100,8515310100,Inverter Arc Welding Power Source AW-141,East China,Manzanillo,2023-03-04,2023-04-20,2023-05-20,2023-05-23,2023-06-06,2023-06-10,28380.55,28380.55,7334.82,0.0,35858.34,97918.55,5222.32,120948.99,7995.84,26741.65,0.0,6405.96,3.0,98.0,794471.9162389998,794471.9162389998,Arc welding machine,Ningbo-Zhoushan
IMP-2023-0060,SUP-1011,SKU-122,8414809900,8414809900,Screw Air Compressor SAC-122,East China,Lázaro Cárdenas,2023-03-05,2023-06-08,2023-07-05,2023-07-23,2023-07-27,2023-07-30,23698.14,47396.28,9299.31,143.12,56838.71,153228.35,8172.18,189267.66,4931.32,46427.05,8069.65,0.0,18.0,147.0,1242350.897733,621175.4488665,Air compressor,Shanghai
IMP-2023-0061,SUP-1014,SKU-120,8479500100,8479500100,6-Axis Industrial Robot IR-120,East China,Veracruz,2023-03-05,2023-06-06,2023-07-14,2023-07-14,2023-07-17,2023-07-21,58195.15,232780.6,0.0,0.0,233871.31,210160.27,33625.64,711518.6,5576.31,128330.43,0.0,0.0,0.0,138.0,4561295.42738,1140323.856845,Industrial robot,Nantong
IMP-2023-0062,SUP-1011,SKU-127,8422309900,8422309900,Automatic Filling & Sealing Line PFS-127,East China,Manzanillo,2023-03-05,2023-05-22,2023-06-26,2023-06-26,2023-07-02,2023-07-04,56305.82,168917.46,5410.96,577.86,174906.28,315228.34,25218.27,558836.8,7623.17,43497.57,0.0,0.0,0.0,121.0,3543850.7625559997,1181283.5875186666,Packaging machine,Shanghai
IMP-2023-0063,SUP-1009,SKU-131,8462910100,8462910100,Hydraulic Press HP-131,East China,Manzanillo,2023-03-06,2023-05-06,2023-06-08,2023-06-10,2023-06-19,2023-06-21,79714.62,79714.62,7741.95,0.0,87916.97,158450.12,12676.01,280900.37,7633.29,17464.18,0.0,0.0,2.0,107.0,1772427.124139,1772427.124139,Hydraulic press,Ningbo-Zhoushan
IMP-2023-0064,SUP-1007,SKU-132,8462910100,8462910100,Hydraulic Press HP-132,East China,Manzanillo,2023-03-07,2023-05-15,2023-06-17,2023-06-17,2023-07-08,2023-07-12,32032.67,64065.34,8063.57,0.0,72128.91,129995.77,10399.66,230456.5,7541.53,33901.97,0.0,6244.14,0.0,127.0,1488040.7762570002,744020.3881285001,Hydraulic press,Ningbo-Zhoushan
IMP-2023-0065,SUP-1014,SKU-134,8480710100,8480710100,Precision Injection Mould MD-134,East China,Manzanillo,2023-03-07,2023-04-15,2023-05-23,2023-06-18,2023-06-26,2023-06-29,7253.87,7253.87,7763.59,0.0,15052.48,13564.32,2170.29,45923.35,3604.53,18399.95,0.0,0.0,26.0,114.0,308394.266342,308394.266342,Mould and die,Nantong
IMP-2023-0066,SUP-1013,SKU-140,8515310100,8515310100,Inverter Arc Welding Power Source AW-140,East China,Manzanillo,2023-03-07,2023-05-29,2023-06-28,2023-07-03,2023-07-07,2023-07-09,25807.67,77423.01,9294.73,0.0,87097.4,234801.09,12522.72,290026.31,6782.34,39173.53,0.0,0.0,5.0,124.0,1851796.9186019998,617265.639534,Arc welding machine,Shanghai
IMP-2023-0067,SUP-1013,SKU-109,8458110100,8458110100,CNC Turning Centre TC-109,East China,Manzanillo,2023-03-08,2023-04-11,2023-05-14,2023-05-14,2023-05-29,2023-05-31,83776.16,502656.96,7149.35,0.0,512355.02,932726.94,74618.16,1653538.33,6825.72,57131.85,0.0,10638.04,0.0,84.0,10362811.641656999,1727135.2736094997,CNC lathe,Shanghai
IMP-2023-0068,SUP-1014,SKU-103,8457100100,8457100100,CNC Vertical Machining Centre VMC-103,East China,Lázaro Cárdenas,2023-03-09,2023-05-21,2023-06-20,2023-06-20,2023-06-26,2023-06-30,178390.49,178390.49,8952.62,558.44,187901.55,338649.33,27091.95,600357.53,5049.96,32268.8,0.0,0.0,0.0,113.0,3789553.305185,3789553.305185,CNC machining centre,Nantong
IMP-2023-0069,SUP-1002,SKU-125,8414809900,8414809900,Screw Air Compressor SAC-125,South China,Manzanillo,2023-03-09,2023-05-01,2023-06-05,2023-06-05,2023-06-09,2023-06-11,14746.28,29492.56,8613.05,142.31,38247.92,103399.62,5514.65,127719.21,7910.07,34135.18,0.0,0.0,0.0,94.0,840290.307784,,Air compressor,Shekou
IMP-2023-0070,SUP-1002,SKU-107,8458110100,8458110100,CNC Turning Centre TC-107,South China,Manzanillo,2023-03-10,2023-04-14,2023-05-22,2023-06-09,2023-06-16,2023-06-20,42426.13,84852.26,8101.13,423.06,93376.45,168289.57,13463.17,298343.76,8053.4,29362.89,5749.46,0.0,18.0,102.0,1907814.235415,953907.1177075,CNC lathe,Shekou
IMP-2023-0071,SUP-1011,SKU-115,8477100100,8477100100,Injection Moulding Machine IMM-115,East China,Manzanillo,2023-03-10,2023-05-15,2023-06-20,2023-06-20,2023-07-11,2023-07-13,40423.98,80847.96,8670.73,0.0,89784.68,161816.24,12945.3,286867.82,7697.62,28646.05,0.0,0.0,0.0,125.0,1824473.704263,912236.8521315,Injection moulding machine,Shanghai
IMP-2023-0072,SUP-1003,SKU-113,8456110100,8456110100,Fibre Laser Cutting Machine FL-113,South China,Manzanillo,2023-03-10,2023-06-06,2023-07-03,2023-07-06,2023-07-10,2023-07-11,59684.72,59684.72,7185.19,306.5,67176.41,120731.46,9658.52,214032.73,7048.58,22912.14,0.0,0.0,3.0,123.0,1367665.293443,1367665.293443,Laser cutting machine,Nansha
IMP-2023-0073,SUP-1012,SKU-108,8458110100,8458110100,CNC Turning Centre TC-108,East China,Manzanillo,2023-03-11,2023-04-26,2023-05-29,2023-05-31,2023-06-20,2023-06-21,115838.17,347514.51,7295.59,0.0,356229.32,648504.79,51880.38,1149669.29,7961.98,42374.22,0.0,0.0,2.0,102.0,7209932.797470001,2403310.93249,CNC lathe,Shanghai
IMP-2023-0074,SUP-1005,SKU-126,8422309900,8422309900,Automatic Filling & Sealing Line PFS-126,South China,Veracruz,2023-03-11,2023-06-06,2023-07-10,2023-07-11,2023-07-18,2023-07-22,31385.28,188311.68,0.0,807.97,189119.65,339891.51,27191.32,602559.67,3905.05,174716.77,0.0,0.0,1.0,133.0,3944619.735695,657436.6226158333,Packaging machine,Shekou
IMP-2023-0075,SUP-1007,SKU-130,8462910100,8462910100,Hydraulic Press HP-130,East China,Manzanillo,2023-03-11,2023-05-17,2023-06-24,2023-06-26,2023-06-28,2023-06-29,82694.08,330776.32,7892.41,1457.82,340126.55,612999.88,49039.99,1086726.18,5690.7,42668.93,0.0,0.0,2.0,110.0,6840398.272685,1710099.56817125,Hydraulic press,Ningbo-Zhoushan
IMP-2023-0076,SUP-1008,SKU-114,8477100100,8477100100,Injection Moulding Machine IMM-114,East China,Manzanillo,2023-03-13,2023-06-10,2023-07-09,2023-07-09,2023-07-14,2023-07-15,69956.72,69956.72,0.0,0.0,78054.19,140281.33,11222.51,248690.75,9029.16,24340.01,0.0,0.0,0.0,124.0,1442156.168856,1442156.168856,Injection moulding machine,Wenzhou
IMP-2023-0077,SUP-1005,SKU-139,8428330100,8428330100,Modular Belt Conveyor CV-139,South China,Veracruz,2023-03-13,2023-04-20,2023-05-24,2023-05-24,2023-05-27,2023-05-30,21317.98,21317.98,7122.39,96.31,28536.68,51950.17,4156.01,92097.26,6636.54,63514.5,0.0,0.0,0.0,78.0,645758.9183959999,645758.9183959999,Conveyor system,Shekou
IMP-2023-0078,SUP-1005,SKU-139,8428330100,8428330100,Modular Belt Conveyor CV-139,South China,Manzanillo,2023-03-13,2023-04-27,2023-05-25,2023-05-25,2023-06-02,2023-06-03,22130.92,22130.92,6139.41,115.2,28385.53,51675.01,4134.0,91609.45,3624.2,23813.9,0.0,0.0,0.0,82.0,599997.167991,599997.167991,Conveyor system,Shekou
IMP-2023-0079,SUP-1012,SKU-137,8428330100,8428330100,Modular Belt Conveyor CV-137,East China,Lázaro Cárdenas,2023-03-13,2023-04-22,2023-05-27,2023-06-22,2023-06-30,2023-07-03,33207.78,66415.56,8583.45,263.72,75262.73,135643.76,10851.5,240469.26,5984.45,42291.92,0.0,0.0,26.0,112.0,1551209.2339710002,775604.6169855001,Conveyor system,Shanghai
IMP-2023-0080,SUP-1011,SKU-136,8480710100,8480710100,Precision Injection Mould MD-136,East China,Lázaro Cárdenas,2023-03-14,2023-05-14,2023-06-10,2023-06-10,2023-06-18,2023-06-20,19437.01,19437.01,4975.09,0.0,24412.1,21998.6,3519.78,74478.45,8862.57,30387.65,0.0,0.0,0.0,98.0,504740.55467,504740.55467,Mould and die,Shanghai
IMP-2023-0081,SUP-1001,SKU-120,8479500100,8479500100,6-Axis Industrial Robot IR-120,South China,Lázaro Cárdenas,2023-03-15,2023-06-11,2023-07-07,2023-07-07,2023-07-14,2023-07-16,55966.3,167898.9,8784.09,819.57,177502.56,159506.46,25521.03,540025.08,3621.89,57034.16,0.0,0.0,0.0,123.0,3435812.7990880003,1145270.9330293334,Industrial robot,Yantian
IMP-2023-0082,SUP-1008,SKU-112,8456110100,8456110100,Fibre Laser Cutting Machine FL-112,East China,Manzanillo,2023-03-17,2023-05-30,2023-06-26,2023-06-26,2023-07-03,2023-07-05,65331.16,130662.32,6942.0,0.0,137604.32,248000.14,,439654.64,7972.8,35505.37,0.0,0.0,0.0,110.0,2771479.688064,1385739.844032,Laser cutting machine,Wenzhou
IMP-2023-0083,SUP-1014,SKU-105,8457100100,8457100100,CNC Vertical Machining Centre VMC-105,East China,Manzanillo,2023-03-17,2023-05-21,2023-06-26,2023-06-26,2023-07-06,,168348.66,168348.66,8383.69,609.8,177342.15,319618.44,25569.47,566619.56,7266.1,20585.57,0.0,0.0,0.0,,3569223.946805,3569223.946805,CNC machining centre,Nantong
IMP-2023-0084,SUP-1002,SKU-136,8480710100,8480710100,Precision Injection Mould MD-136,South China,Manzanillo,2023-03-18,2023-05-17,2023-06-14,2023-06-14,2023-06-20,2023-06-24,18487.95,36975.9,9379.55,215.87,46571.32,41967.05,6714.73,142083.63,3927.69,32661.55,0.0,0.0,0.0,98.0,924611.948964,462305.974482,Mould and die,Shekou
IMP-2023-0085,SUP-1002,SKU-107,8458110100,8458110100,CNC Turning Centre TC-107,South China,Manzanillo,2023-03-19,2023-05-12,2023-06-15,2023-06-15,2023-06-18,2023-06-21,45025.96,135077.88,8346.43,776.9,144201.21,259889.51,20791.16,460732.13,7972.05,42974.29,0.0,0.0,0.0,94.0,2930522.1574669997,976840.7191556665,CNC lathe,Shekou
IMP-2023-0086,SUP-1014,SKU-104,8457100100,8457100100,CNC Vertical Machining Centre VMC-104,East China,Manzanillo,2023-03-19,2023-05-26,2023-06-23,2023-06-23,2023-06-28,2023-07-01,143486.09,286972.18,7287.82,1659.17,295919.17,533326.24,42666.1,945480.76,8559.38,29104.8,0.0,0.0,0.0,104.0,5946918.945158999,2973459.4725794997,CNC machining centre,Nantong
IMP-2023-0087,SUP-1006,SKU-112,8456110100,8456110100,Fibre Laser Cutting Machine FL-112,East China,Manzanillo,2023-03-19,2023-05-22,2023-07-01,2023-05-19,2023-07-24,,70713.09,70713.09,0.0,322.02,79897.72,143594.58,11487.57,254564.47,4381.75,20101.52,10255.89,0.0,,,1466485.617453,1466485.617453,Laser cutting machine,Ningbo-Zhoushan
IMP-2023-0088,SUP-1003,SKU-999,8456110100,,,South China,Manzanillo,2023-03-19,2023-06-12,2023-07-14,2023-07-14,2023-07-22,2023-07-25,59030.85,59030.85,8602.05,251.82,67884.72,122004.46,9760.36,216289.5,8847.77,22113.89,0.0,0.0,0.0,128.0,1382771.0332560001,1382771.0332560001,,Nansha
IMP-2023-0089,SUP-1013,SKU-109,8458110100,8458110100,CNC Turning Centre TC-109,East China,"Manzanillo, Colima",2023-03-20,2023-04-28,2023-05-31,2023-05-31,2023-06-09,2023-06-10,78853.25,236559.75,6713.63,0.0,244209.78,444576.58,35566.13,788145.36,5796.82,42873.8,0.0,0.0,0.0,82.0,4957532.230886,1652510.7436286667,CNC lathe,Shanghai
IMP-2023-0090,SUP-1006,SKU-108,8458110100,8458110100,CNC Turning Centre TC-108,East China,Manzanillo,2023-03-20,2023-05-11,2023-06-11,2023-06-11,2023-06-13,,115302.26,345906.78,8670.12,0.0,356164.44,641904.49,51352.36,1137968.27,7875.52,43138.95,0.0,0.0,0.0,,7134704.415630001,2378234.8052100004,CNC lathe,Ningbo-Zhoushan
IMP-2023-0091,SUP-1002,SKU-106,8458110100,8458110100,CNC Turning Centre TC-106,South China,Manzanillo,2023-03-21,2023-06-07,2023-07-06,2023-07-06,2023-07-14,2023-07-16,87901.22,351604.88,9453.86,0.0,363133.15,652633.79,52210.7,1156989.18,5283.32,49960.79,0.0,0.0,0.0,117.0,7249144.592902,1812286.1482255,CNC lathe,Shekou
IMP-2023-0092,SUP-1012,SKU-108,8458110100,8458110100,CNC Turning Centre TC-108,East China,Lázaro Cárdenas,2023-03-22,2023-05-03,2023-05-31,2023-05-30,2023-06-08,2023-06-11,105012.44,210024.88,8217.46,910.02,219152.36,398960.3,31916.82,707276.81,5765.56,39258.2,0.0,0.0,-1.0,81.0,4465503.848092,2232751.924046,CNC lathe,Shanghai
IMP-2023-0093,SUP-1003,SKU-133,8462910100,8462910100,Hydraulic Press HP-133,South China,Lázaro Cárdenas,2023-03-22,2023-05-23,2023-06-20,2023-06-20,2023-06-24,2023-06-26,99361.16,198722.32,6323.65,0.0,205045.97,369548.2,29563.86,655135.05,3733.75,50622.08,0.0,0.0,0.0,96.0,4148949.893519,2074474.9467595,Hydraulic press,Nansha
IMP-2023-0094,SUP-1003,SKU-133,8462910100,8462910100,Hydraulic Press HP-133,South China,Veracruz,2023-03-22,2023-06-04,2023-07-18,2023-07-18,2023-07-23,2023-07-26,97693.52,195387.04,8105.15,0.0,204320.31,367210.59,29376.85,650990.94,3731.88,68326.21,0.0,0.0,0.0,126.0,4125868.216337,2062934.1081685,Hydraulic press,Nansha
IMP-2023-0095,SUP-1003,SKU-113,8456110100,8456110100,Fibre Laser Cutting Machine FL-113,South China,Manzanillo,2023-03-23,2023-06-15,2023-07-13,2023-07-31,2023-08-08,2023-08-10,64950.77,389704.62,6411.85,1543.7,397660.17,714686.79,57174.94,1266996.74,7415.15,67794.34,35219.3,0.0,18.0,140.0,8029158.393291,1338193.0655485,Laser cutting machine,Nansha
IMP-2023-0096,SUP-1014,SKU-139,8428330100,8428330100,Modular Belt Conveyor CV-139,East China,Manzanillo,2023-03-23,2023-05-09,2023-06-07,2023-06-07,2023-06-10,2023-06-12,22403.3,67209.9,7112.69,381.48,74704.07,134636.9,10770.95,238684.3,6079.01,36439.18,0.0,0.0,0.0,81.0,1534295.0823889999,511431.6941296666,Conveyor system,Nantong
IMP-2023-0097,SUP-1005,SKU-139,8428330100,8428330100,Modular Belt Conveyor CV-139,South China,Manzanillo,2023-03-23,2023-05-05,2023-06-02,2023-06-02,2023-06-11,2023-06-15,22813.32,68439.96,8886.38,0.0,77698.96,140034.5,11202.76,248253.17,6526.25,41174.86,0.0,0.0,0.0,84.0,1592567.7979180003,530855.9326393334,Conveyor system,Shekou
IMP-2023-0098,SUP-1001,SKU-114,8477100100,8477100100,Injection Moulding Machine IMM-114,South China,"Manzanillo, Colima",2023-03-24,2023-06-20,2023-07-25,2023-07-25,2023-08-03,2023-08-07,64263.88,64263.88,7262.51,303.23,71829.62,129094.35,10327.55,228858.46,4514.08,17274.78,0.0,0.0,0.0,136.0,1452154.2395259999,1452154.2395259999,Injection moulding machine,Yantian
IMP-2023-0099,SUP-1002,SKU-107,8458110100,8458110100,CNC Turning Centre TC-107,South China,Manzanillo,2023-03-25,2023-05-14,2023-06-11,2023-06-14,2023-06-22,2023-06-26,42674.91,42674.91,7547.06,181.42,50403.39,90840.52,7267.24,161042.07,7196.27,20848.98,0.0,0.0,3.0,93.0,1034558.186953,1034558.186953,CNC lathe,Shekou
IMP-2023-0100,SUP-1007,SKU-127,8422309900,8422309900,Automatic Filling & Sealing Line PFS-127,East China,Manzanillo,2023-03-26,2023-06-22,2023-07-20,2023-07-20,2023-07-27,2023-07-30,54695.55,109391.1,8356.03,551.16,118298.29,212609.24,17008.74,376913.65,8803.42,34481.46,0.0,0.0,0.0,126.0,2398995.217367,1199497.6086835,Packaging machine,Ningbo-Zhoushan
IMP-2023-0101,SUP-1008,SKU-112,8456110100,8456110100,Fibre Laser Cutting Machine FL-112,East China,Manzanillo,2023-03-27,2023-06-12,2023-07-11,2023-07-23,2023-08-01,2023-08-05,69170.18,69170.18,8481.86,335.62,77987.66,140161.76,11212.94,248478.77,7387.84,22179.5,0.0,0.0,12.0,131.0,1582559.6618179998,1582559.6618179998,Laser cutting machine,Wenzhou
IMP-2023-0102,SUP-1012,SKU-142,8515310100,8515310100,Inverter Arc Welding Power Source AW-142,East China,Veracruz,2023-03-27,2023-05-19,2023-06-24,2023-06-24,2023-06-28,2023-06-29,6872.95,13745.9,10628.3,0.0,24374.2,65893.33,3514.31,81391.45,4433.3,74405.4,0.0,0.0,0.0,94.0,587535.23434,293767.61717,Arc welding machine,Shanghai
IMP-2023-0103,SUP-1001,SKU-136,8480710100,8480710100,Precision Injection Mould MD-136,South China,Lázaro Cárdenas,2023-04-01,2023-05-30,2023-06-28,2023-07-01,2023-07-20,2023-07-24,19087.33,19087.33,5890.23,0.0,25061.62,22520.75,3603.32,76246.24,4162.61,32439.8,0.0,5505.12,3.0,114.0,517135.80158800003,517135.80158800003,Mould and die,Yantian
IMP-2023-0104,SUP-1014,SKU-116,8479500100,8477100100,Injection Moulding Machine IMM-116,East China,Manzanillo,2023-04-02,2023-06-19,2023-07-18,2023-07-21,2023-07-28,2023-07-29,83820.0,335280.0,8707.74,1039.56,345027.3,620093.41,49607.47,1099301.61,4570.68,51572.56,0.0,0.0,3.0,118.0,6926778.26379,1731694.5659475,Injection moulding machine,Nantong
IMP-2023-0105,SUP-1014,SKU-105,8457100100,8457100100,CNC Vertical Machining Centre VMC-105,East China,Manzanillo,2023-04-02,2023-05-31,2023-06-30,2023-06-30,2023-07-02,2023-07-04,152337.64,304675.28,7152.69,0.0,311827.97,561998.2,44959.86,996310.4,5530.56,28728.4,0.0,0.0,0.0,93.0,6261198.974919001,3130599.4874595003,CNC machining centre,Nantong
IMP-2023-0106,SUP-1001,SKU-111,8456110100,8456110100,Fibre Laser Cutting Machine FL-111,South China,Manzanillo,2023-04-03,2023-05-11,2023-06-09,2023-06-21,2023-06-23,2023-06-27,47407.44,189629.76,7324.9,800.44,197755.1,356408.08,28512.65,631840.25,5205.7,55331.63,9592.24,0.0,12.0,85.0,4019131.1407700004,1004782.7851925001,Laser cutting machine,Yantian
IMP-2023-0107,SUP-1013,SKU-120,8479500100,8479500100,6-Axis Industrial Robot IR-120,East China,Manzanillo,2023-04-04,2023-07-08,2023-08-10,2023-08-10,2023-08-18,2023-08-22,58568.07,58568.07,7959.95,0.0,66778.02,59330.27,9492.84,200868.55,7847.33,23073.81,0.0,0.0,0.0,140.0,1281907.2485880002,1281907.2485880002,Industrial robot,Shanghai
IMP-2023-0108,SUP-1014,SKU-105,8457100100,8457100100,CNC Vertical Machining Centre VMC-105,East China,"Manzanillo, Colima",2023-04-05,2023-06-11,2023-07-08,2023-07-08,2023-07-12,2023-07-13,156321.52,468964.56,8216.25,1666.07,478846.88,860597.98,68847.84,1525668.1,5675.68,36594.39,0.0,0.0,0.0,99.0,9577695.671424001,3192565.2238080003,CNC machining centre,Nantong
IMP-2023-0109,SUP-1001,SKU-121,8479500100,8479500100,6-Axis Industrial Robot IR-121,South China,Manzanillo,2023-04-08,2023-07-08,2023-08-06,2023-08-06,2023-08-11,2023-08-13,61123.17,244492.68,7535.62,1206.41,253234.71,224991.44,35998.63,761731.03,6813.13,40005.19,0.0,0.0,0.0,127.0,4807637.245874,1201909.3114685,Industrial robot,Yantian
IMP-2023-0110,SUP-1014,SKU-116,8477100100,8477100100,Injection Moulding Machine IMM-116,East China,Manzanillo,2023-04-06,2023-07-03,2023-08-06,2023-08-06,2023-08-14,2023-08-15,80559.53,80559.53,8614.04,438.34,89611.91,159234.99,12738.8,282291.79,5778.7,22261.51,0.0,0.0,0.0,131.0,1792363.8735540002,1792363.8735540002,Injection moulding machine,Nantong
IMP-2023-0111,SUP-1007,SKU-135,8480710100,8480710100,Precision Injection Mould MD-135,East China,Manzanillo,2023-04-06,2023-06-01,2023-07-04,2023-07-04,2023-07-12,2023-07-14,4400.9,13202.7,9723.56,0.0,22926.26,20601.88,3296.3,69749.73,4332.07,36043.0,0.0,0.0,0.0,99.0,476310.87259800005,158770.29086600002,Mould and die,Ningbo-Zhoushan
IMP-2023-0112,SUP-1006,SKU-101,8457100100,8457100100,CNC Vertical Machining Centre VMC-101,East China,Veracruz,2023-04-06,2023-06-02,2023-07-06,2023-08-01,2023-08-10,2023-08-13,148911.53,148911.53,7902.1,591.74,157405.37,279699.9,22375.99,495851.98,8193.16,46806.75,0.0,0.0,26.0,129.0,3154074.781678,3154074.781678,CNC machining centre,Ningbo-Zhoushan
IMP-2023-0113,SUP-1002,SKU-102,8457100100,8457100100,CNC Vertical Machining Centre VMC-102,South China,Manzanillo,2023-04-06,2023-05-26,2023-06-30,,2023-07-09,2023-07-13,94580.44,283741.32,8210.7,0.0,293156.16,528346.55,42267.72,936652.77,6826.59,30420.99,0.0,0.0,,98.0,5869625.520854,1956541.8402846667,CNC machining centre,Shekou
IMP-2023-0114,SUP-1002,SKU-125,8414809900,8414809900,Screw Air Compressor SAC-125,South China,Manzanillo,2023-04-07,2023-05-29,2023-07-02,2023-07-02,2023-07-09,2023-07-10,13923.29,13923.29,8436.75,0.0,22437.71,60488.59,3226.06,74715.5,4449.72,21810.01,0.0,0.0,0.0,94.0,491835.726892,491835.726892,Air compressor,Shekou
IMP-2023-0115,SUP-1011,SKU-120,8479500100,8479500100,6-Axis Industrial Robot IR-120,East China,Manzanillo,2023-04-07,2023-06-26,2023-07-24,2023-07-24,2023-07-27,2023-07-31,56946.39,170839.17,0.0,0.0,180151.9,161887.2,25901.95,548085.3,6734.94,34430.66,0.0,0.0,0.0,115.0,3299327.564991,1099775.854997,Industrial robot,Shanghai
IMP-2023-0116,SUP-1010,SKU-110,8456110100,8456110100,Fibre Laser Cutting Machine FL-110,East China,Manzanillo,2023-04-08,2023-06-11,2023-07-10,2023-07-22,2023-07-27,2023-07-28,18826.09,56478.27,9214.89,0.0,65898.83,118435.35,9474.83,209962.2,4732.1,42182.29,12605.45,0.0,12.0,111.0,1368087.199468,456029.06648933335,Laser cutting machine,Taizhou
IMP-2023-0117,SUP-1002,SKU-124,8414809900,8414809900,Screw Air Compressor SAC-124,South China,Manzanillo,2023-04-10,2023-06-22,2023-07-28,2023-08-31,2023-09-12,2023-09-16,7620.24,22860.72,7584.4,93.5,30538.62,81397.94,4341.22,100542.74,8905.99,33963.79,0.0,0.0,34.0,159.0,671261.8942280002,223753.96474266672,Air compressor,Shekou
IMP-2023-0118,SUP-1011,SKU-127,8422309900,8422309900,Automatic Filling & Sealing Line PFS-127,East China,Manzanillo,2023-04-10,2023-07-08,2023-08-13,2023-08-13,2023-08-22,2023-08-26,54066.43,108132.86,0.0,0.0,116426.13,206882.25,16550.58,366760.85,6722.27,33402.49,0.0,0.0,0.0,138.0,2185013.632484,1092506.816242,Packaging machine,Shanghai
IMP-2023-0119,SUP-1006,SKU-119,8479500100,8479500100,6-Axis Industrial Robot IR-119,East China,Lázaro Cárdenas,2023-04-10,2023-06-29,2023-07-28,2023-07-28,,2023-08-08,51666.85,155000.55,5417.74,726.13,161144.42,144806.79,23169.09,490257.88,9001.24,68619.67,0.0,0.0,0.0,120.0,3141732.649566,1047244.2165219999,Industrial robot,Ningbo-Zhoushan
IMP-2023-0120,SUP-1007,SKU-132,8462910100,8462910100,Hydraulic Press HP-132,East China,Veracruz,2023-04-11,2023-06-21,2023-07-29,2023-07-29,2023-08-02,,30446.12,30446.12,0.0,0.0,30588.85,54975.2,4398.02,97460.03,7162.89,45348.22,0.0,0.0,0.0,,659071.132476,659071.132476,Hydraulic press,Ningbo-Zhoushan
IMP-2023-0121,SUP-1011,SKU-115,8477100100,8477100100,Injection Moulding Machine IMM-115,East China,Manzanillo,2023-04-13,2023-06-29,2023-07-26,2023-07-26,2023-08-04,2023-08-06,44982.72,89965.44,6513.79,0.0,96479.23,173395.37,13871.63,307395.31,3716.08,23321.3,0.0,0.0,0.0,115.0,1948258.0453289999,974129.0226644999,Injection moulding machine,Shanghai
IMP-2023-0122,SUP-1003,SKU-113,8456110100,8456110100,Fibre Laser Cutting Machine FL-113,South China,Manzanillo,2023-04-13,2023-07-07,2023-08-03,2023-08-03,2023-08-08,2023-08-12,62699.8,62699.8,6897.98,226.63,69824.41,124073.79,9925.9,219958.01,7094.47,26970.19,0.0,0.0,0.0,121.0,1408802.2210540003,1408802.2210540003,Laser cutting machine,Nansha
IMP-2023-0123,SUP-1006,SKU-137,8428330100,8428330100,Modular Belt Conveyor CV-137,East China,Lázaro Cárdenas,2023-04-15,2023-05-25,2023-06-20,2023-06-20,2023-06-24,2023-06-28,34764.18,34764.18,5462.5,0.0,40405.68,72821.94,5825.76,129098.74,3882.59,29233.23,0.0,0.0,0.0,74.0,836756.905636,836756.905636,Conveyor system,Ningbo-Zhoushan
IMP-2023-0124,SUP-1014,SKU-123,8414809900,8414809900,Screw Air Compressor SAC-123,East China,Manzanillo,2023-04-15,2023-06-28,2023-07-25,2023-07-25,2023-07-27,2023-07-28,17728.35,53185.05,6924.66,172.08,60281.79,162510.36,8667.22,200732.8,7049.12,29424.59,0.0,0.0,0.0,104.0,1291053.7044170003,430351.2348056668,Air compressor,Nantong
IMP-2023-0125,SUP-1011,SKU-135,8480710100,8480710100,Precision Injection Mould MD-135,East China,Manzanillo,2023-04-15,2023-06-20,2023-07-21,2023-07-22,2023-07-27,2023-07-31,3898.45,15593.8,6318.73,82.04,21994.57,19764.65,3162.34,66915.2,5320.45,49378.92,0.0,0.0,1.0,107.0,472919.370411,118229.84260275,Mould and die,Shanghai
IMP-2023-0126,SUP-1007,SKU-128,8422309900,8422309900,Automatic Filling & Sealing Line PFS-128,East China,Manzanillo,2023-04-16,2023-06-21,2023-07-18,2023-07-18,2023-08-08,2023-08-10,52884.59,317307.54,0.0,1313.56,318621.1,572635.4,45810.83,1015168.04,8357.18,58006.13,0.0,0.0,0.0,116.0,6411163.53553,1068527.2559216667,Packaging machine,Ningbo-Zhoushan
IMP-2023-0127,SUP-1002,SKU-107,8458110100,8458110100,CNC Turning Centre TC-107,South China,Manzanillo,2023-04-17,2023-06-03,2023-07-03,2023-07-03,2023-07-18,2023-07-22,46784.7,46784.7,5042.32,268.27,52095.29,93627.22,7490.18,165982.33,6398.65,20809.5,0.0,0.0,0.0,96.0,1064597.7304669998,1064597.7304669998,CNC lathe,Shekou
IMP-2023-0128,SUP-1008,SKU-126,8422309900,8422309900,Automatic Filling & Sealing Line PFS-126,East China,Manzanillo,2023-04-18,2023-07-19,2023-08-15,2023-08-15,2023-08-18,2023-08-20,31761.83,95285.49,8077.14,346.94,103709.57,184285.68,14742.85,326701.66,5357.12,38331.54,0.0,0.0,0.0,124.0,2085574.023158,695191.3410526667,Packaging machine,Wenzhou
IMP-2023-0129,SUP-1002,SKU-102,8457100100,8457100100,CNC Vertical Machining Centre VMC-102,South China,Manzanillo,2023-04-18,2023-06-08,2023-07-08,2023-08-11,2023-08-14,2023-08-17,101359.64,202719.28,9703.61,0.0,213431.66,379255.25,30340.42,672343.71,5655.65,32368.89,0.0,0.0,34.0,121.0,4222247.511566001,2111123.7557830005,CNC machining centre,Shekou
IMP-2023-0130,SUP-1013,SKU-109,8458110100,8458110100,CNC Turning Centre TC-109,East China,Manzanillo,2023-04-18,2023-05-27,2023-06-27,2023-07-05,2023-07-07,,79334.61,238003.83,8480.69,0.0,246484.52,442989.37,35439.15,785331.56,7159.74,45658.9,0.0,0.0,8.0,,4961140.8987960005,1653713.632932,CNC lathe,Shanghai
IMP-2023-0131,SUP-1002,SKU-125,8414809900,8414809900,Screw Air Compressor SAC-125,South China,Veracruz,2023-04-19,2023-06-10,2023-07-14,2023-07-14,2023-07-20,2023-07-24,14410.13,14410.13,8249.57,77.4,22737.1,61295.7,3269.1,75712.45,3845.12,45431.88,0.0,0.0,0.0,96.0,522479.78232999996,522479.78232999996,Air compressor,Shekou
IMP-2023-0132,SUP-1011,SKU-107,8458110100,8458110100,CNC Turning Centre TC-107,East China,Manzanillo,2023-04-20,2023-06-07,2023-07-06,2023-07-06,2023-07-21,2023-07-26,43256.07,259536.42,9784.69,1243.36,270564.47,486266.58,38901.33,862053.4,8387.8,60652.33,0.0,0.0,0.0,97.0,5456873.864181,909478.9773634999,CNC lathe,Shanghai
IMP-2023-0133,SUP-1010,SKU-104,8457100100,8457100100,CNC Vertical Machining Centre VMC-104,East China,Manzanillo,2023-04-20,2023-06-15,2023-07-23,2023-07-23,2023-07-29,2023-08-01,156600.56,313201.12,6737.76,1524.36,321463.24,577743.38,46219.47,1024223.46,7996.95,34433.42,0.0,0.0,0.0,103.0,6443827.0082519995,3221913.5041259998,CNC machining centre,Taizhou
IMP-2023-0134,SUP-1010,SKU-110,8456110100,8456110100,Fibre Laser Cutting Machine FL-110,East China,Manzanillo,2023-04-21,2023-06-07,2023-07-08,2023-07-08,2023-07-13,2023-07-17,18242.5,18242.5,8152.36,89.07,26483.93,47597.71,3807.82,84381.23,3721.66,26224.67,0.0,0.0,0.0,87.0,557328.995139,557328.995139,Laser cutting machine,Taizhou
IMP-2023-0135,SUP-1012,SKU-142,8515310100,8515310100,Inverter Arc Welding Power Source AW-142,East China,Manzanillo,2023-04-20,2023-06-23,2023-07-27,2023-07-30,2023-08-08,2023-08-09,6868.5,13737.0,9219.56,46.11,23002.67,62011.63,3307.29,76596.77,7345.15,27146.19,0.0,0.0,3.0,111.0,513221.14604099997,256610.57302049999,Arc welding machine,Shanghai
IMP-2023-0136,SUP-1001,SKU-114,8477100100,8477100100,Injection Moulding Machine IMM-114,South China,Manzanillo,2023-04-21,2023-07-17,2023-08-17,2023-08-17,2023-08-19,2023-08-21,71181.74,142363.48,6710.46,506.25,149580.19,265795.02,21263.6,471201.42,8003.35,29952.01,0.0,0.0,0.0,122.0,2982964.208186,1491482.104093,Injection moulding machine,Yantian
IMP-2023-0137,SUP-1001,SKU-114,8458110100,8477100100,Injection Moulding Machine IMM-114,South China,Veracruz,2023-04-22,2023-07-20,2023-08-30,2023-08-30,2023-09-06,2023-09-08,63883.01,63883.01,9727.7,327.44,73938.15,131383.66,10510.69,232916.95,4659.31,45723.75,0.0,0.0,0.0,139.0,1506113.97261,1506113.97261,Injection moulding machine,Yantian
IMP-2023-0138,SUP-1001,SKU-114,8477100100,8477100100,Injection Moulding Machine IMM-114,South China,Manzanillo,2023-04-22,2023-07-19,2023-08-23,2023-08-23,2023-08-27,2023-08-29,71507.64,143015.28,5094.79,0.0,148752.55,264324.36,21145.95,468594.22,4242.57,32960.84,0.0,0.0,0.0,129.0,2954500.797858,1477250.398929,Injection moulding machine,Yantian
IMP-2023-0139,SUP-1012,SKU-142,8515310100,8515310100,Inverter Arc Welding Power Source AW-142,East China,Manzanillo,2023-04-23,2023-06-24,2023-07-29,2023-07-29,2023-08-02,2023-08-05,7113.0,28452.0,8342.23,88.03,36882.26,99428.86,5302.87,122814.52,8741.52,45938.15,0.0,0.0,0.0,104.0,822270.441398,205567.6103495,Arc welding machine,Shanghai
IMP-2023-0140,SUP-1002,SKU-106,8458110100,8458110100,CNC Turning Centre TC-106,South China,Manzanillo,2023-04-23,2023-07-14,2023-08-12,2023-08-13,2023-08-17,2023-08-21,81942.18,81942.18,7653.02,0.0,89894.63,159737.36,12778.99,283182.4,8081.07,17570.3,0.0,0.0,1.0,120.0,1790220.66688,1790220.66688,CNC lathe,Shekou
IMP-2023-0141,SUP-1011,SKU-127,8422309900,8422309900,Automatic Filling & Sealing Line PFS-127,East China,Manzanillo,2023-04-23,2023-07-20,2023-08-21,2023-08-22,2023-08-27,2023-08-31,53233.67,212934.68,6358.34,726.63,220019.65,390961.72,31276.94,693096.93,8632.67,54026.03,0.0,0.0,1.0,130.0,4394514.52871,1098628.6321775,Packaging machine,Shanghai
IMP-2023-0142,SUP-1002,SKU-102,8457100100,8457100100,CNC Vertical Machining Centre VMC-102,South China,Manzanillo,2023-04-24,2023-06-19,2023-07-22,2023-07-22,2023-08-08,2023-08-11,95764.49,574586.94,0.0,3045.28,577632.22,1038137.95,83051.04,1840410.97,6985.66,70881.12,0.0,0.0,0.0,109.0,11580435.317505999,1930072.5529176665,CNC machining centre,Shekou
IMP-2023-0143,SUP-1008,SKU-112,8456110100,8456110100,Fibre Laser Cutting Machine FL-112,East China,Manzanillo,2023-04-25,2023-07-01,2023-08-05,2023-08-05,2023-08-09,2023-08-12,66972.62,66972.62,8178.14,392.27,75543.03,134235.43,10738.83,237972.57,4275.16,25578.85,0.0,0.0,0.0,109.0,1517182.587282,1517182.587282,Laser cutting machine,Wenzhou
IMP-2023-0144,SUP-1013,SKU-109,8458110100,8458110100,CNC Turning Centre TC-109,East China,Manzanillo,2023-04-25,2023-06-03,2023-07-06,2023-08-01,2023-08-09,2023-08-11,85809.16,85809.16,8716.17,439.02,94964.35,168745.95,13499.68,299152.82,8848.67,22808.25,38684.11,0.0,26.0,108.0,1940046.1808900004,1940046.1808900004,CNC lathe,Shanghai
IMP-2023-0145,SUP-1013,SKU-140,8515310100,8515310100,Inverter Arc Welding Power Source AW-140,East China,Manzanillo,2023-04-26,2023-07-03,2023-07-31,2023-07-31,2023-08-04,2023-08-08,25219.66,25219.66,0.0,96.17,33386.16,90003.91,4800.21,111172.83,6585.83,23754.45,0.0,0.0,0.0,104.0,580128.0915089999,580128.0915089999,Arc welding machine,Shanghai
IMP-2023-0146,SUP-1013,SKU-117,8477100100,8477100100,Injection Moulding Machine IMM-117,East China,Manzanillo,2023-04-27,2023-07-05,2023-08-10,2023-08-10,2023-08-12,2023-08-14,34010.54,68021.08,6516.15,265.72,74802.95,132920.35,10633.63,235641.2,5937.09,27239.14,0.0,0.0,0.0,109.0,1505933.74973,752966.874865,Injection moulding machine,Shanghai
IMP-2023-0147,SUP-1002,SKU-125,8414809900,8414809900,Screw Air Compressor SAC-125,South China,Manzanillo,2023-04-27,2023-07-07,2023-08-12,2023-08-12,2023-08-15,2023-08-16,14516.71,29033.42,5661.56,0.0,34694.98,92476.35,4932.07,114226.78,3656.16,35325.75,0.0,0.0,0.0,111.0,752899.307612,376449.653806,Air compressor,Shekou
IMP-2023-0148,SUP-1008,SKU-122,8414809900,8414809900,Screw Air Compressor SAC-122,East China,Manzanillo,2023-05-01,2023-08-09,2023-09-15,2023-09-15,2023-09-19,2023-09-21,23712.77,47425.54,0.0,214.3,53287.37,140760.19,7507.21,173866.98,4592.7,26778.7,0.0,0.0,0.0,143.0,1018585.910368,509292.955184,Air compressor,Wenzhou
IMP-2023-0149,SUP-1013,SKU-105,8457100100,8457100100,CNC Vertical Machining Centre VMC-105,East China,Manzanillo,2023-05-02,2023-07-06,,2023-08-20,2023-08-24,2023-08-26,162312.64,162312.64,5090.01,0.0,168284.51,299031.48,23922.52,530123.0,5432.09,24204.79,0.0,0.0,,116.0,3327235.5289100003,3327235.5289100003,CNC machining centre,Shanghai
IMP-2023-0150,SUP-1014,SKU-105,8414809900,8457100100,CNC Vertical Machining Centre VMC-105,East China,"Manzanillo, Colima",2023-05-03,2023-07-06,2023-08-04,2023-08-04,2023-08-08,2023-08-12,164221.26,164221.26,7140.74,562.78,171924.78,305500.02,24440.0,541590.43,8323.89,20681.17,0.0,0.0,0.0,101.0,3413945.265732,3413945.265732,CNC machining centre,Nantong
IMP-2023-0151,SUP-1001,SKU-121,8479500100,8479500100,6-Axis Industrial Robot IR-121,South China,Manzanillo,2023-05-04,2023-08-01,2023-09-03,2023-07-14,2023-09-06,2023-09-10,59674.32,59674.32,6743.21,225.13,66642.66,58679.53,9388.72,198665.41,8541.84,21923.82,0.0,0.0,,,1272124.481132,1272124.481132,Industrial robot,Yantian
IMP-2023-0152,SUP-1001,SKU-141,8515310100,8515310100,Inverter Arc Welding Power Source AW-141,South China,Lázaro Cárdenas,2023-05-07,2023-07-01,2023-08-01,,2023-08-07,2023-08-10,30070.34,30070.34,8805.95,122.56,38998.85,103947.92,5543.89,128396.48,5708.26,30978.09,0.0,0.0,,95.0,839164.32519,839164.32519,Arc welding machine,Yantian
IMP-2023-0153,SUP-1011,SKU-123,8414809900,8414809900,Screw Air Compressor SAC-123,East China,Veracruz,2023-05-09,2023-08-04,2023-09-17,2023-09-29,2023-10-07,2023-10-09,19044.5,19044.5,9995.17,57.99,29097.66,76862.34,4099.32,94940.36,5307.34,57913.55,0.0,0.0,12.0,153.0,656598.162132,656598.162132,Air compressor,Shanghai
IMP-2023-0154,SUP-1011,SKU-136,8480710100,8480710100,Precision Injection Mould MD-136,East China,Manzanillo,2023-05-08,2023-06-26,2023-07-29,2023-07-29,2023-08-06,2023-08-07,18858.68,18858.68,7753.79,84.31,26696.78,23990.13,3838.42,81220.97,6958.79,23350.99,0.0,0.0,0.0,91.0,537940.869194,537940.869194,Mould and die,Shanghai
IMP-2023-0155,SUP-1013,SKU-117,8477100100,8477100100,Injection Moulding Machine IMM-117,East China,Lázaro Cárdenas,2023-05-08,2023-07-14,2023-08-09,2023-09-12,2023-09-20,2023-09-21,32721.46,98164.38,7754.19,470.37,106388.94,187353.05,14988.24,332139.49,4173.91,67470.23,5427.66,0.0,34.0,136.0,2152943.601188,717647.8670626666,Injection moulding machine,Shanghai
IMP-2023-0156,SUP-1011,SKU-136,8480710100,8480710100,Precision Injection Mould MD-136,East China,Manzanillo,2023-05-09,2023-06-27,2023-07-24,2023-07-24,2023-07-30,2023-08-01,18290.67,18290.67,6888.7,0.0,25179.37,22626.56,3620.25,76604.48,7592.15,26764.54,0.0,0.0,0.0,84.0,513134.691451,513134.691451,Mould and die,Shanghai
IMP-2023-0157,SUP-1011,SKU-133,8462910100,8462910100,Hydraulic Press HP-133,East China,Manzanillo,2023-05-09,2023-07-24,2023-08-29,2023-08-27,2023-09-12,2023-09-13,92067.66,184135.32,5737.48,0.0,190535.69,338570.49,27085.64,600217.76,6476.79,32553.65,0.0,2771.85,-2.0,127.0,3781384.1523200003,1890692.0761600002,Hydraulic press,Shanghai
IMP-2023-0158,SUP-1014,SKU-134,8480710100,8480710100,Precision Injection Mould MD-134,East China,Veracruz,2023-05-10,2023-07-02,2023-08-04,2023-08-04,2023-08-13,2023-08-17,6869.47,6869.47,0.0,0.0,6898.89,6129.46,980.71,20751.89,5934.75,63217.04,0.0,0.0,0.0,99.0,198328.32021800004,198328.32021800004,Mould and die,Nantong
IMP-2023-0159,SUP-1012,SKU-141,8515310100,8515310100,Inverter Arc Welding Power Source AW-141,East China,Lázaro Cárdenas,2023-05-12,2023-06-30,2023-08-03,2023-08-03,2023-08-08,2023-08-12,28555.93,28555.93,0.0,0.0,28666.47,76407.9,4075.09,94379.03,8258.28,35623.36,0.0,0.0,0.0,92.0,631786.372542,631786.372542,Arc welding machine,Shanghai
IMP-2023-0160,SUP-1013,SKU-117,8477100100,8477100100,Injection Moulding Machine IMM-117,East China,Lázaro Cárdenas,2023-05-12,2023-07-27,2023-08-31,2023-08-31,2023-09-09,2023-09-12,31718.93,63437.86,7657.38,280.26,71375.5,126829.98,10146.4,224844.19,4616.51,45518.97,0.0,0.0,0.0,123.0,1455411.6697000002,727705.8348500001,Injection moulding machine,Shanghai
IMP-2023-0161,SUP-1004,SKU-134,8480710100,8480710100,Precision Injection Mould MD-134,South China,Manzanillo,2023-05-12,2023-07-03,2023-08-06,2023-08-06,2023-08-11,2023-08-12,7031.47,7031.47,7791.71,0.0,14823.18,13169.95,2107.19,44588.19,7972.83,18122.77,0.0,0.0,0.0,92.0,304771.754692,304771.754692,Mould and die,Yantian
IMP-2023-0162,SUP-1013,SKU-120,8479500100,8479500100,6-Axis Industrial Robot IR-120,East China,Lázaro Cárdenas,2023-05-13,2023-08-11,2023-09-08,2023-09-08,2023-09-14,2023-09-17,57044.59,171133.77,0.0,684.62,171818.39,151287.81,24206.05,512200.01,7758.3,55909.5,0.0,0.0,0.0,127.0,3264917.8715779996,1088305.9571926666,Industrial robot,Shanghai
IMP-2023-0163,SUP-1005,SKU-138,8428330100,8428330100,Modular Belt Conveyor CV-138,South China,Manzanillo,2023-05-14,2023-07-26,2023-08-27,2023-08-27,2023-08-30,2023-09-03,1087743.0,43509.72,6314.32,0.0,50072.13,88975.17,7118.01,157735.18,6854.02,36231.19,0.0,0.0,0.0,112.0,1024521.686376,256130.421594,Conveyor system,Shekou
IMP-2023-0164,SUP-1013,SKU-137,8428330100,8428330100,Modular Belt Conveyor CV-137,East China,Manzanillo,2023-05-14,2023-06-12,2023-07-13,2023-07-15,2023-07-19,2023-07-23,33593.0,100779.0,7347.05,603.7,108729.75,195412.37,15632.99,346427.05,7801.96,34943.46,0.0,0.0,2.0,70.0,2207914.465925,735971.4886416667,Conveyor system,Shanghai
IMP-2023-0165,SUP-1013,SKU-109,8458110100,8458110100,CNC Turning Centre TC-109,East China,Lázaro Cárdenas,2023-05-15,2023-06-24,2023-07-25,2023-07-25,2023-08-01,2023-08-04,79932.91,159865.82,8621.63,625.66,169113.11,303935.15,24314.81,538816.24,7908.03,43331.75,0.0,0.0,0.0,81.0,3418841.2868530005,1709420.6434265003,CNC lathe,Shanghai
IMP-2023-0166,SUP-1007,SKU-129,8422309900,8422309900,Automatic Filling & Sealing Line PFS-129,East China,Manzanillo,2023-05-15,2023-08-14,2023-09-14,2023-10-02,2023-10-23,2023-10-26,40412.59,121237.77,7210.55,0.0,129169.08,224138.06,17931.05,397351.96,5729.16,37267.13,0.0,0.0,18.0,164.0,2513939.183136,837979.7277119999,Packaging machine,Ningbo-Zhoushan
IMP-2023-0167,SUP-1012,SKU-142,8515310100,8515310100,Inverter Arc Welding Power Source AW-142,East China,Lázaro Cárdenas,2023-05-16,2023-07-15,2023-08-17,,2023-08-25,2023-08-27,7363.12,7363.12,8588.38,0.0,15974.83,42579.47,2270.91,52594.16,4767.21,32912.31,0.0,0.0,,103.0,365978.4841,365978.4841,Arc welding machine,Shanghai
IMP-2023-0168,SUP-1011,SKU-137,8428330100,8428330100,Modular Belt Conveyor CV-137,East China,Lázaro Cárdenas,2023-05-18,2023-06-16,2023-07-18,2023-07-18,2023-08-08,2023-08-10,33337.07,133348.28,7529.03,0.0,141382.26,254096.44,20327.72,450462.17,4421.61,67657.48,0.0,6719.79,0.0,84.0,2885112.318513,721278.07962825,Conveyor system,Shanghai
IMP-2023-0169,SUP-1011,SKU-136,8480710100,8480710100,Precision Injection Mould MD-136,East China,Lázaro Cárdenas,2023-05-18,2023-07-14,2023-08-17,2023-08-17,2023-08-19,2023-08-20,19374.71,116248.26,0.0,0.0,125925.49,111881.02,17900.96,378784.38,6777.64,89640.08,0.0,0.0,0.0,94.0,2291861.531244,381976.921874,Mould and die,Shanghai
IMP-2023-0170,SUP-1012,SKU-108,8458110100,8458110100,CNC Turning Centre TC-108,East China,Manzanillo,2023-05-18,2023-07-02,2023-08-03,2023-08-11,2023-08-19,2023-08-22,107059.76,321179.28,7865.04,0.0,329044.32,584692.01,46775.36,1036542.0,3739.14,33508.21,0.0,0.0,8.0,96.0,6515634.859808,2171878.2866026666,CNC lathe,Shanghai
IMP-2023-0171,SUP-1002,SKU-102,8457100100,8457100100,CNC Vertical Machining Centre VMC-102,South China,Lázaro Cárdenas,2023-05-19,2023-07-14,2023-08-08,2023-08-09,2023-08-20,2023-08-21,103326.98,103326.98,7799.46,0.0,111615.58,198334.19,15866.74,351606.85,5481.48,38765.75,0.0,5272.38,1.0,94.0,2238370.702936,2238370.702936,CNC machining centre,Shekou
IMP-2023-0172,SUP-1005,SKU-138,8428330100,8428330100,Modular Belt Conveyor CV-138,South China,Lázaro Cárdenas,2023-05-20,2023-07-27,2023-08-26,2023-08-29,2023-09-07,2023-09-08,11055.55,11055.55,5488.24,61.04,16604.83,29505.79,2360.46,52307.86,6718.93,37478.84,0.0,0.0,3.0,111.0,371121.8862020001,371121.8862020001,Conveyor system,Shekou
IMP-2023-0173,SUP-1012,SKU-142,8515310100,8515310100,Inverter Arc Welding Power Source AW-142,East China,Manzanillo,2023-05-21,2023-07-30,2023-09-05,2023-09-05,2023-09-14,2023-09-17,7529.01,30116.04,9108.69,95.61,39320.34,103865.86,5539.51,128295.11,6146.82,52041.49,0.0,0.0,0.0,119.0,860032.731468,215008.182867,Arc welding machine,Shanghai
IMP-2023-0174,SUP-1003,SKU-133,8462910100,8462910100,Hydraulic Press HP-133,South China,Manzanillo,2023-05-21,2023-07-19,2023-08-22,2023-08-22,2023-09-13,2023-09-17,94816.01,284448.03,7617.9,0.0,293103.01,520826.46,41666.12,923321.15,5120.73,30223.66,0.0,0.0,0.0,119.0,5787673.306542001,1929224.4355140002,Hydraulic press,Nansha
IMP-2023-0175,SUP-1012,SKU-103,8457100100,8457100100,CNC Vertical Machining Centre VMC-103,East China,Manzanillo,2023-05-21,2023-08-08,2023-09-13,2023-09-13,2023-09-18,2023-09-22,177621.43,177621.43,7647.07,0.0,185954.04,327468.78,26197.5,580536.66,6551.24,22607.82,0.0,0.0,0.0,124.0,3645440.6786999996,3645440.6786999996,CNC machining centre,Shanghai
IMP-2023-0176,SUP-1013,SKU-137,8428330100,8428330100,Modular Belt Conveyor CV-137,East China,Manzanillo,2023-05-22,2023-07-09,2023-08-09,2023-08-09,2023-08-11,2023-08-14,33531.06,67062.12,6963.63,0.0,74250.42,131938.54,10555.08,233900.65,7823.44,34044.58,0.0,0.0,0.0,84.0,1499754.80205,749877.401025,Conveyor system,Shanghai
IMP-2023-0177,SUP-1012,SKU-103,8457100100,8457100100,CNC Vertical Machining Centre VMC-103,East China,Manzanillo,2023-05-22,2023-08-04,2023-09-06,2023-10-02,2023-10-08,2023-10-12,160274.2,160274.2,6872.91,586.56,167733.67,291056.5,23284.52,515984.96,7879.8,19132.0,0.0,0.0,26.0,143.0,3251917.781941,3251917.781941,CNC machining centre,Shanghai
IMP-2023-0178,SUP-1002,SKU-125,8414809900,8414809900,Screw Air Compressor SAC-125,South China,Manzanillo,2023-05-22,2023-07-20,2023-08-20,2023-08-20,2023-08-24,2023-08-25,14766.94,88601.64,6976.11,297.86,95875.61,255547.81,13629.22,315652.65,5824.48,56495.96,0.0,0.0,0.0,95.0,2035149.534334,339191.58905566664,Air compressor,Shekou
IMP-2023-0179,SUP-1001,SKU-111,8456110100,8456110100,Fibre Laser Cutting Machine FL-111,South China,Manzanillo,2023-05-22,2023-06-29,2023-07-27,2023-08-14,2023-08-19,2023-08-23,46335.4,46335.4,5262.06,235.05,51832.51,92103.26,7368.26,163280.66,4587.22,20037.99,33087.44,0.0,18.0,93.0,1078216.7731940001,1078216.7731940001,Laser cutting machine,Yantian
IMP-2023-0180,SUP-1006,SKU-101,8457100100,8457100100,CNC Vertical Machining Centre VMC-101,East China,Lázaro Cárdenas,2023-05-22,2023-07-09,2023-08-04,2023-08-04,2023-08-08,2023-08-09,154390.59,308781.18,6971.42,1196.1,316948.7,563198.82,45055.91,998438.87,8626.95,48224.23,0.0,0.0,0.0,79.0,6297094.13978,3148547.06989,CNC machining centre,Ningbo-Zhoushan
IMP-2023-0181,SUP-1007,SKU-141,8515310100,8515310100,Inverter Arc Welding Power Source AW-141,East China,Manzanillo,2023-05-24,2023-07-23,2023-08-30,2023-08-30,2023-09-05,2023-09-09,28155.86,56311.72,0.0,244.57,62264.91,165961.51,8851.28,204995.66,5901.59,35864.31,0.0,0.0,0.0,108.0,1221550.0295260001,610775.0147630001,Arc welding machine,Ningbo-Zhoushan
IMP-2023-0182,SUP-1003,SKU-113,8456110100,8456110100,Fibre Laser Cutting Machine FL-113,South China,Lázaro Cárdenas,2023-05-24,2023-08-16,2023-09-16,2023-09-16,2023-10-02,2023-10-04,63558.73,63558.73,8565.98,255.65,72380.36,127463.26,10197.06,225966.87,6543.65,40749.18,0.0,0.0,0.0,133.0,1459585.765672,1459585.765672,Laser cutting machine,Nansha
IMP-2023-0183,SUP-1013,SKU-117,8477100100,8477100100,Injection Moulding Machine IMM-117,East China,Lázaro Cárdenas,2023-05-24,2023-08-03,2023-08-28,2023-08-28,2023-09-04,2023-09-05,34397.35,103192.05,0.0,0.0,103806.43,184457.8,14756.62,327006.78,7763.52,58136.68,0.0,0.0,0.0,104.0,2098775.43327,699591.81109,Injection moulding machine,Shanghai
IMP-2023-0184,SUP-1007,SKU-130,8462910100,8462910100,Hydraulic Press HP-130,East China,Manzanillo,2023-05-25,2023-07-23,2023-08-29,2023-08-29,2023-09-13,2023-09-16,80834.11,323336.44,6242.91,998.78,330578.13,587417.5,46993.4,1041373.75,8136.25,39580.1,0.0,0.0,0.0,114.0,6556302.273222,1639075.5683055,Hydraulic press,Ningbo-Zhoushan
IMP-2023-0185,SUP-1012,SKU-108,,8458110100,CNC Turning Centre TC-108,East China,Lázaro Cárdenas,2023-05-26,2023-07-22,2023-08-18,2023-08-19,2023-08-24,2023-08-28,114931.11,229862.22,8565.52,1134.08,239561.82,425686.98,34054.96,754657.88,7319.71,36924.57,0.0,0.0,1.0,94.0,4760856.024308,2380428.012154,CNC lathe,Shanghai
IMP-2023-0186,SUP-1014,SKU-116,8477100100,8477100100,Injection Moulding Machine IMM-116,East China,Manzanillo,2023-05-26,2023-08-22,2023-09-26,2023-09-26,2023-09-30,2023-10-02,88737.53,88737.53,0.0,0.0,89109.56,156923.72,12553.9,278194.37,4472.35,17909.86,0.0,0.0,0.0,129.0,1754545.480806,1754545.480806,Injection moulding machine,Nantong
IMP-2023-0187,SUP-1006,SKU-101,8457100100,8457100100,CNC Vertical Machining Centre VMC-101,East China,Manzanillo,2023-05-26,2023-07-11,2023-08-13,2023-08-13,2023-08-18,2023-08-20,157261.27,314522.54,0.0,1262.65,315785.19,561131.34,44890.51,994773.63,5410.86,27851.38,0.0,0.0,0.0,86.0,6250597.445186,3125298.722593,CNC machining centre,Ningbo-Zhoushan
IMP-2023-0188,SUP-1013,SKU-109,8458110100,8458110100,CNC Turning Centre TC-109,East China,Manzanillo,2023-05-26,2023-07-07,2023-08-04,2023-08-04,2023-08-13,2023-08-15,77148.51,154297.02,6467.29,0.0,161409.0,286814.11,22945.13,508464.05,8879.62,29382.4,0.0,0.0,0.0,81.0,3204706.5901140003,1602353.2950570001,CNC lathe,Shanghai
IMP-2023-0189,SUP-1002,SKU-107,8458110100,8458110100,CNC Turning Centre TC-107,South China,Manzanillo,2023-05-27,2023-07-13,2023-08-15,2023-08-15,2023-08-21,2023-08-25,42805.66,42805.66,8992.32,0.0,52028.09,92450.79,7396.06,163896.77,7737.01,17742.76,0.0,0.0,0.0,90.0,1045745.6458120001,1045745.6458120001,CNC lathe,Shekou
IMP-2023-0190,SUP-1011,SKU-107,8458110100,8458110100,CNC Turning Centre TC-107,East China,"MANZANILLO, COL",2023-05-28,2023-07-07,2023-08-13,2023-08-13,2023-08-16,2023-08-20,45517.4,91034.8,9012.45,319.5,100366.75,178345.69,14267.66,316171.24,5193.73,24861.24,0.0,0.0,0.0,84.0,2006125.2474500001,1003062.6237250001,CNC lathe,Shanghai
IMP-2023-0191,SUP-1013,SKU-109,8458110100,8458110100,CNC Turning Centre TC-109,East China,Manzanillo,2023-06-02,2023-07-13,2023-08-10,2023-08-11,2023-08-20,2023-08-21,83502.17,501013.02,11295.16,0.0,514450.28,914147.28,73131.78,1620600.3,3919.16,56153.65,0.0,0.0,1.0,80.0,10150760.843692001,1691793.4739486668,CNC lathe,Shanghai
IMP-2023-0192,SUP-1014,SKU-104,8457100100,8457100100,CNC Vertical Machining Centre VMC-104,East China,Manzanillo,2023-06-03,2023-08-09,2023-09-09,2023-10-13,2023-10-24,,158584.67,317169.34,7234.01,0.0,326125.38,565902.54,45272.2,1003232.03,6391.21,32334.54,0.0,0.0,34.0,,6279044.740205001,3139522.3701025005,CNC machining centre,Nantong
IMP-2023-0193,SUP-1014,SKU-134,8480710100,8480710100,Precision Injection Mould MD-134,East China,Veracruz,2023-06-04,2023-07-23,2023-09-04,2023-09-04,2023-09-15,2023-09-19,7159.13,7159.13,8035.32,33.16,15227.61,13408.06,2145.29,45394.34,8720.7,48725.56,0.0,10238.09,0.0,107.0,351398.957622,351398.957622,Mould and die,Nantong
IMP-2023-0194,SUP-1008,SKU-126,8422309900,8422309900,Automatic Filling & Sealing Line PFS-126,East China,Manzanillo,2023-06-04,2023-08-28,2023-09-30,2023-10-05,2023-10-11,2023-10-14,28869.69,57739.38,9431.84,0.0,67428.98,117004.79,9360.38,207426.09,9013.78,31563.87,0.0,0.0,5.0,132.0,1332517.980806,666258.990403,Packaging machine,Wenzhou
IMP-2023-0195,SUP-1001,SKU-114,8477100100,8477100100,Injection Moulding Machine IMM-114,South China,Manzanillo,2023-06-05,2023-08-26,2023-09-26,2023-10-22,2023-10-25,2023-10-27,70851.35,70851.35,6723.27,272.1,77846.72,135081.96,10806.56,239473.31,7862.34,21211.0,0.0,0.0,26.0,144.0,1525781.499456,1525781.499456,Injection moulding machine,Yantian
IMP-2023-0196,SUP-1014,SKU-121,8479500100,8479500100,6-Axis Industrial Robot IR-121,East China,Manzanillo,2023-06-06,2023-08-20,2023-09-16,2023-09-16,2023-09-25,2023-09-26,65130.39,260521.56,6664.27,1027.69,268213.52,236164.69,37786.35,799559.16,9009.68,46054.8,0.0,0.0,0.0,112.0,5052309.249903999,1263077.3124759998,Industrial robot,Nantong
IMP-2023-0197,SUP-1007,SKU-129,8422309900,8422309900,Automatic Filling & Sealing Line PFS-129,East China,Manzanillo,2023-06-06,2023-08-31,2023-10-01,2023-11-04,2023-11-22,2023-11-26,37219.63,37219.63,5976.06,201.56,43397.25,75035.15,6002.81,133022.31,9046.21,25136.7,0.0,7538.59,34.0,173.0,873110.9316749998,873110.9316749998,Packaging machine,Ningbo-Zhoushan
IMP-2023-0198,SUP-1013,SKU-120,8456110100,8479500100,6-Axis Industrial Robot IR-120,East China,Manzanillo,2023-06-06,2023-08-25,2023-09-30,,2023-10-03,2023-10-06,56736.05,113472.1,8580.09,0.0,122522.89,107882.63,17261.22,365247.43,3518.78,23574.4,0.0,0.0,,122.0,2301600.506338,1150800.253169,Industrial robot,Shanghai
IMP-2023-0199,SUP-1011,SKU-127,8422309900,8422309900,Automatic Filling & Sealing Line PFS-127,East China,Manzanillo,2023-06-07,2023-09-02,2023-10-02,2023-11-05,2023-11-07,2023-11-10,52599.55,157798.65,8064.92,0.0,166556.08,287980.46,23038.44,510531.76,7087.36,44011.86,44216.1,0.0,34.0,156.0,3274165.104371,1091388.3681236666,Packaging machine,Shanghai
IMP-2023-0200,SUP-1005,SKU-110,8456110100,8456110100,Fibre Laser Cutting Machine FL-110,South China,Manzanillo,2023-06-07,2023-08-13,2023-09-19,2023-09-20,2023-09-28,2023-10-02,18695.95,37391.9,6450.85,222.01,44064.76,77598.92,6207.91,137567.37,8288.13,35510.05,0.0,0.0,1.0,117.0,903594.246552,451797.123276,Laser cutting machine,Shekou
IMP-2023-0201,SUP-1006,SKU-101,8457100100,8457100100,CNC Vertical Machining Centre VMC-101,East China,Lázaro Cárdenas,2023-06-07,2023-07-31,2023-08-26,2023-08-26,2023-09-01,2023-09-05,159657.38,159657.38,8352.05,901.61,168911.04,300144.78,24011.58,532096.67,6703.57,36445.15,0.0,0.0,0.0,90.0,3368752.914176,3368752.914176,CNC machining centre,Ningbo-Zhoushan
IMP-2023-0202,SUP-1011,SKU-135,8480710100,8480710100,Precision Injection Mould MD-135,East China,Veracruz,2023-06-08,2023-07-25,2023-09-01,2023-09-01,2023-09-07,2023-09-09,4321.63,12964.89,10907.34,0.0,23940.62,21079.96,3372.79,71368.3,8311.3,102196.85,0.0,0.0,0.0,93.0,555355.644746,185118.54824866666,Mould and die,Shanghai
IMP-2023-0203,SUP-1005,SKU-139,8428330100,8428330100,Modular Belt Conveyor CV-139,South China,Manzanillo,2023-06-09,2023-07-25,2023-08-22,2023-08-22,2023-08-30,2023-09-03,21407.41,21407.41,5201.33,0.0,26688.72,47424.25,3793.94,84073.72,7988.81,22722.77,0.0,0.0,0.0,86.0,554751.114556,554751.114556,Conveyor system,Shekou
IMP-2023-0204,SUP-1002,SKU-124,8414809900,8414809900,Screw Air Compressor SAC-124,South China,Manzanillo,2023-06-10,2023-09-01,2023-10-07,2023-10-15,2023-10-20,2023-10-21,7275.66,14551.32,0.0,62.11,22306.51,58060.39,3096.55,71716.19,6836.19,34936.49,42646.79,0.0,8.0,133.0,399153.031389,199576.5156945,Air compressor,Shekou
IMP-2023-0205,SUP-1007,SKU-141,8515310100,8515310100,Inverter Arc Welding Power Source AW-141,East China,Manzanillo,2023-06-12,2023-07-29,2023-09-03,2023-09-03,2023-09-06,2023-09-08,29220.47,58440.94,6753.38,292.67,65486.99,172985.85,9225.91,213672.12,5617.3,29541.35,0.0,0.0,0.0,88.0,1370609.4012979998,685304.7006489999,Arc welding machine,Ningbo-Zhoushan
IMP-2023-0206,SUP-1007,SKU-141,8515310100,8515310100,Inverter Arc Welding Power Source AW-141,East China,Manzanillo,2023-06-13,2023-08-13,2023-09-14,2023-09-14,,2023-09-23,28170.81,112683.24,9731.33,0.0,123037.82,325008.09,17333.76,401450.0,7243.39,43165.76,0.0,0.0,0.0,102.0,2548496.060614,637124.0151535,Arc welding machine,Ningbo-Zhoushan
IMP-2023-0207,SUP-1006,SKU-119,8479500100,8479500100,6-Axis Industrial Robot IR-119,East China,Manzanillo,2023-06-13,2023-08-20,2023-09-19,2023-09-19,2023-09-21,2023-09-22,47771.6,143314.8,9617.14,586.17,153518.11,135174.23,21627.88,457645.88,4232.11,40983.85,0.0,0.0,0.0,101.0,2905502.690722,968500.8969073333,Industrial robot,Ningbo-Zhoushan
IMP-2023-0208,SUP-1011,SKU-136,8480710100,8480710100,Precision Injection Mould MD-136,East China,Manzanillo,2023-06-13,2023-08-04,2023-09-07,2023-09-07,2023-09-25,2023-09-28,19797.87,59393.61,8327.59,0.0,67913.5,59798.52,9567.76,202453.86,9117.45,30223.81,0.0,6752.68,0.0,107.0,1308044.0962399999,436014.6987466666,Mould and die,Shanghai
IMP-2023-0209,SUP-1012,SKU-122,8414809900,8414809900,Screw Air Compressor SAC-122,East China,Manzanillo,2023-06-13,2023-09-21,2023-10-28,2023-10-28,2023-10-30,2023-10-31,25385.19,25385.19,5252.02,79.45,30716.66,79950.7,4264.04,98755.11,8971.81,26148.16,0.0,0.0,0.0,140.0,652339.409318,652339.409318,Air compressor,Shanghai
IMP-2023-0210,SUP-1007,SKU-128,8422309900,8422309900,Automatic Filling & Sealing Line PFS-128,East China,Lázaro Cárdenas,2023-06-15,2023-08-27,2023-09-26,2023-09-26,2023-10-14,2023-10-17,50911.96,50911.96,0.0,0.0,58858.19,103650.45,8292.04,183751.52,4162.94,38372.6,0.0,11796.79,0.0,124.0,1062844.617992,1062844.617992,Packaging machine,Ningbo-Zhoushan
IMP-2023-0211,SUP-1001,SKU-125,8414809900,8414809900,Screw Air Compressor SAC-125,South China,Manzanillo,2023-06-16,2023-08-23,2023-09-23,2023-09-28,2023-10-05,2023-10-08,14839.95,14839.95,6982.63,55.29,21877.87,57791.05,3082.19,71383.5,6992.3,21318.71,0.0,0.0,5.0,114.0,474457.916274,474457.916274,Air compressor,Yantian
IMP-2023-0212,SUP-1014,SKU-118,8477100100,8477100100,Injection Moulding Machine IMM-118,East China,Manzanillo,2023-06-16,2023-09-10,2023-10-08,2023-10-09,2023-10-13,2023-10-16,29991.4,59982.8,9432.33,326.98,69742.11,121018.6,9681.49,214541.78,5338.33,26383.0,0.0,0.0,1.0,122.0,1372607.435353,686303.7176765,Injection moulding machine,Nantong
IMP-2023-0213,SUP-1006,SKU-101,8457100100,8457100100,CNC Vertical Machining Centre VMC-101,East China,Manzanillo,2023-06-16,2023-08-11,2023-09-10,2023-09-10,2023-09-21,2023-09-24,157311.18,629244.72,9381.79,2523.33,641149.84,1129077.69,90326.22,2001628.93,3706.28,39981.89,0.0,0.0,0.0,100.0,12553868.992368,3138467.248092,CNC machining centre,Ningbo-Zhoushan
IMP-2023-0214,SUP-1004,SKU-114,8477100100,8477100100,Injection Moulding Machine IMM-114,South China,Manzanillo,2023-06-16,2023-09-05,2023-10-08,2023-10-08,2023-10-17,2023-10-18,66363.84,132727.68,0.0,0.0,133167.43,231076.12,18486.09,409651.74,8479.85,23498.31,0.0,0.0,0.0,124.0,2584670.8916639998,1292335.4458319999,Injection moulding machine,Yantian
IMP-2023-0215,SUP-1001,SKU-137,8428330100,8428330100,Modular Belt Conveyor CV-137,South China,Manzanillo,2023-06-18,2023-07-17,2023-08-13,2023-08-13,2023-08-29,2023-09-01,32696.04,65392.08,6423.34,0.0,72060.73,128047.59,10243.81,227002.77,4947.45,24072.76,0.0,0.0,0.0,75.0,1443428.5341480002,721714.2670740001,Conveyor system,Yantian
IMP-2023-0216,SUP-1007,SKU-127,8422309900,8422309900,Automatic Filling & Sealing Line PFS-127,East China,Manzanillo,2023-06-18,2023-08-26,2023-09-28,2023-09-28,2023-10-04,2023-10-08,49505.41,49505.41,6230.34,0.0,55996.56,98611.06,7888.88,174817.69,5324.81,26640.0,0.0,0.0,0.0,112.0,1119982.45465,1119982.45465,Packaging machine,Ningbo-Zhoushan
IMP-2023-0217,SUP-1007,SKU-141,8515310100,8515310100,Inverter Arc Welding Power Source AW-141,East China,Manzanillo,2023-06-20,2023-08-20,2023-09-18,2023-09-18,2023-09-20,2023-09-22,26693.24,26693.24,7437.55,107.33,34238.12,90441.02,4823.52,111712.75,4616.03,25638.08,0.0,0.0,0.0,94.0,728458.790824,728458.790824,Arc welding machine,Ningbo-Zhoushan
IMP-2023-0218,SUP-1005,SKU-128,8422309900,8422309900,Automatic Filling & Sealing Line PFS-128,South China,Manzanillo,2023-06-21,2023-08-31,2023-10-03,2023-10-03,2023-10-09,2023-10-10,54276.75,54276.75,7074.32,168.47,61519.54,106750.55,8540.04,189247.38,4550.73,20469.17,0.0,0.0,0.0,111.0,1207816.003942,1207816.003942,Packaging machine,Shekou
IMP-2023-0219,SUP-1012,SKU-142,8515310100,8515310100,Inverter Arc Welding Power Source AW-142,East China,Veracruz,2023-06-21,2023-09-02,2023-10-14,2023-10-14,2023-10-16,2023-10-20,6774.95,27099.8,9727.0,0.0,36826.8,95854.45,5112.24,118399.42,5967.47,94184.74,0.0,0.0,0.0,121.0,840148.5816400001,210037.14541000003,Arc welding machine,Shanghai
IMP-2023-0220,SUP-1002,SKU-107,8458110100,8458110100,CNC Turning Centre TC-107,South China,Lázaro Cárdenas,2023-06-23,2023-08-16,2023-09-14,2023-09-14,2023-09-22,2023-09-25,46142.4,46142.4,7898.59,0.0,54182.64,95416.71,7633.34,169154.75,7622.28,27380.13,0.0,0.0,0.0,94.0,1089725.102098,1089725.102098,CNC lathe,Shekou
IMP-2023-0221,SUP-1003,SKU-123,8414809900,8414809900,Screw Air Compressor SAC-123,South China,Veracruz,2023-06-23,2023-09-14,2023-10-24,2023-10-24,2023-10-28,2023-10-29,18483.74,55451.22,10134.39,0.0,65585.61,170709.18,9104.49,210859.98,7840.03,110578.73,0.0,0.0,0.0,128.0,1436293.610403,478764.53680099995,Air compressor,Nansha
IMP-2023-0222,SUP-1014,SKU-116,8477100100,8477100100,Injection Moulding Machine IMM-116,East China,Manzanillo,2023-06-24,2023-09-14,2023-10-20,2023-10-20,2023-10-27,2023-10-29,82354.8,82354.8,8087.49,352.28,90794.57,157549.46,12603.96,279303.69,7871.03,26241.08,0.0,0.0,0.0,127.0,1779760.1470110002,1779760.1470110002,Injection moulding machine,Nantong
IMP-2023-0223,SUP-1001,SKU-114,8477100100,8477100100,Injection Moulding Machine IMM-114,South China,Manzanillo,2023-06-24,2023-10-02,2023-11-08,2023-11-26,2023-12-04,2023-12-07,70364.67,140729.34,0.0,0.0,141403.12,244490.24,19559.22,433432.29,6044.41,34889.95,0.0,0.0,18.0,166.0,2738236.3274019994,1369118.1637009997,Injection moulding machine,Yantian
IMP-2023-0224,SUP-1007,SKU-129,8422309900,8422309900,Automatic Filling & Sealing Line PFS-129,East China,Manzanillo,2023-06-24,2023-09-04,2023-10-01,2023-10-01,2023-10-21,2023-10-25,39327.47,117982.41,6185.84,382.9,124551.15,216124.89,17289.99,383146.21,7438.38,36517.08,0.0,6802.03,0.0,123.0,2445421.290145,815140.4300483334,Packaging machine,Ningbo-Zhoushan
IMP-2023-0225,SUP-1010,SKU-110,8456110100,8456110100,Fibre Laser Cutting Machine FL-110,East China,Manzanillo,2023-06-25,2023-08-15,2023-09-11,2023-09-11,2023-09-17,2023-09-18,19413.9,58241.7,0.0,242.59,58484.29,102992.0,8239.36,182584.23,5236.66,30644.45,0.0,0.0,0.0,85.0,1177032.5137579998,392344.17125266657,Laser cutting machine,Taizhou
IMP-2023-0226,SUP-1003,SKU-113,8456110100,8456110100,Fibre Laser Cutting Machine FL-113,South China,Lázaro Cárdenas,2023-06-25,2023-09-21,2023-10-23,2023-10-23,2023-10-31,2023-11-02,62747.12,62747.12,6833.48,0.0,69876.01,121250.95,9700.08,214953.68,8689.78,31591.83,0.0,0.0,0.0,130.0,1378616.08538,1378616.08538,Laser cutting machine,Nansha
IMP-2023-0227,SUP-1002,SKU-124,8414809900,8414809900,Screw Air Compressor SAC-124,South China,Manzanillo,2023-06-25,2023-09-17,2023-10-16,2023-11-19,2023-11-25,2023-11-27,8042.47,8042.47,8924.68,25.05,16992.2,44070.04,2350.4,54435.31,8324.33,26876.75,0.0,0.0,34.0,155.0,375421.75566,375421.75566,Air compressor,Shekou
IMP-2023-0228,SUP-1003,SKU-133,8462910100,8462910100,Hydraulic Press HP-133,South China,Manzanillo,2023-06-26,2023-09-02,2023-10-02,2023-10-02,2023-10-08,2023-10-11,95488.87,190977.74,5874.64,0.0,197648.81,342966.14,27437.29,608010.38,8741.53,26143.94,0.0,0.0,0.0,107.0,3821130.453474,1910565.226737,Hydraulic press,Nansha
IMP-2023-0229,SUP-1012,SKU-135,8480710100,8480710100,Precision Injection Mould MD-135,East China,Manzanillo,2023-06-27,2023-08-15,2023-09-18,2023-09-18,2023-09-26,2023-09-28,4057.51,4057.51,0.0,0.0,4071.09,3584.64,573.54,12136.14,7924.13,21208.98,0.0,0.0,0.0,93.0,104744.852602,104744.852602,Mould and die,Shanghai
IMP-2023-0230,SUP-1003,SKU-133,8462910100,8462910100,Hydraulic Press HP-133,South China,Manzanillo,2023-06-27,2023-09-05,2023-10-08,2023-10-08,2023-10-13,2023-10-15,101011.77,101011.77,5265.64,0.0,106645.53,185054.52,14804.36,328064.66,4082.43,22640.74,0.0,0.0,0.0,110.0,2070739.5515430002,2070739.5515430002,Hydraulic press,Nansha
IMP-2023-0231,SUP-1007,SKU-104,8457100100,8457100100,CNC Vertical Machining Centre VMC-104,East China,Manzanillo,2023-06-28,2023-09-07,2023-10-05,2023-10-05,2023-10-13,2023-10-16,146821.35,880928.1,9764.24,4993.5,895685.84,1554220.94,124337.68,2755322.88,5031.97,54771.63,0.0,0.0,0.0,110.0,17280571.621432,2880095.2702386663,CNC machining centre,Ningbo-Zhoushan
IMP-2023-0232,SUP-1012,SKU-114,8477100100,8477100100,Injection Moulding Machine IMM-114,East China,Manzanillo,2023-07-01,2023-09-19,2023-10-24,,2023-11-02,2023-11-04,70634.48,141268.96,7478.6,758.88,149506.44,259428.06,20754.24,459914.06,4008.42,29285.31,0.0,0.0,,126.0,2907756.6288119997,1453878.3144059998,Injection moulding machine,Shanghai
IMP-2023-0233,SUP-1003,SKU-103,8457100100,8457100100,CNC Vertical Machining Centre VMC-103,South China,Manzanillo,2023-07-02,2023-09-19,2023-10-19,2023-10-19,2023-10-25,2023-10-28,162990.79,488972.37,7503.37,1808.6,498284.34,864637.94,69171.03,1532830.13,9065.31,35675.36,0.0,0.0,0.0,118.0,9624928.992982,3208309.664327333,CNC machining centre,Nansha
IMP-2023-0234,SUP-1013,SKU-137,8428330100,8428330100,Modular Belt Conveyor CV-137,East China,Lázaro Cárdenas,2023-07-03,2023-08-03,2023-09-05,2023-09-05,2023-09-09,2023-09-10,34560.35,207362.1,0.0,0.0,208166.05,366584.58,29326.77,649881.14,6521.74,96209.1,0.0,0.0,0.0,69.0,4150330.2434199997,691721.7072366666,Conveyor system,Shanghai
IMP-2023-0235,SUP-1002,SKU-102,8457100100,8457100100,CNC Vertical Machining Centre VMC-102,South China,Manzanillo,2023-07-05,2023-08-31,2023-09-27,2023-09-27,2023-10-15,2023-10-17,91668.74,366674.96,0.0,0.0,368678.42,649250.07,51940.01,1150990.53,3673.5,44857.29,0.0,2080.87,0.0,104.0,7209021.120592,1802255.280148,CNC machining centre,Shekou
IMP-2023-0236,SUP-1012,SKU-103,8457100100,8457100100,CNC Vertical Machining Centre VMC-103,East China,Manzanillo,2023-07-05,2023-09-07,2023-10-04,2023-10-07,2023-10-15,2023-10-19,162452.19,162452.19,8121.93,0.0,171475.15,297548.82,23803.91,527494.56,6927.11,24268.27,0.0,0.0,3.0,106.0,3312401.412476,3312401.412476,CNC machining centre,Shanghai
IMP-2023-0237,SUP-1009,SKU-131,8462910100,8462910100,Hydraulic Press HP-131,East China,Veracruz,2023-07-05,2023-09-04,2023-10-13,2023-10-13,2023-10-15,2023-10-18,80186.6,80186.6,10082.35,365.24,90634.19,157271.17,12581.69,278810.32,4170.54,44149.51,0.0,0.0,0.0,105.0,1790884.5651370003,1790884.5651370003,Hydraulic press,Ningbo-Zhoushan
IMP-2023-0238,SUP-1012,SKU-107,8458110100,8458110100,CNC Turning Centre TC-107,East China,Manzanillo,2023-07-05,2023-08-12,2023-09-13,2023-09-25,2023-09-29,2023-09-30,43719.51,87439.02,9377.66,439.89,97256.57,171270.76,13701.66,303628.81,5193.0,28488.16,0.0,0.0,12.0,87.0,1931361.2290140002,965680.6145070001,CNC lathe,Shanghai
IMP-2023-0239,SUP-1014,SKU-103,8457100100,8457100100,CNC Vertical Machining Centre VMC-103,East China,Manzanillo,2023-07-07,2023-09-15,2023-10-16,2023-10-24,2023-10-30,2023-11-03,175462.93,175462.93,7858.58,0.0,184194.56,319619.93,25569.59,566622.21,6895.53,26335.27,0.0,0.0,8.0,119.0,3559470.157973,3559470.157973,CNC machining centre,Nantong
IMP-2023-0240,SUP-1013,SKU-140,8515310100,8515310100,Inverter Arc Welding Power Source AW-140,East China,Lázaro Cárdenas,2023-07-06,2023-09-29,2023-10-24,2023-10-24,2023-10-31,2023-11-04,26401.71,52803.42,0.0,209.73,53013.15,137985.01,7359.2,170439.09,6243.62,46511.67,0.0,0.0,0.0,121.0,1117999.582745,558999.7913725,Arc welding machine,Shanghai
IMP-2023-0241,SUP-1014,SKU-134,8480710100,8480710100,Precision Injection Mould MD-134,East China,Veracruz,2023-07-07,2023-09-01,2023-10-06,2023-10-06,2023-10-11,2023-10-14,7352.87,14705.74,0.0,0.0,14755.35,12801.96,2048.31,43342.33,3964.27,87390.2,0.0,0.0,0.0,99.0,361383.15220199997,180691.57610099998,Mould and die,Nantong
IMP-2023-0242,SUP-1014,SKU-108,8458110100,8458110100,CNC Turning Centre TC-108,East China,Manzanillo,2023-07-07,2023-08-26,2023-09-24,2023-09-24,2023-10-10,2023-10-14,110322.44,110322.44,0.0,0.0,110797.99,195117.48,15609.4,345904.26,3852.66,20345.36,0.0,7031.92,0.0,99.0,,,CNC lathe,Nantong
IMP-2023-0243,SUP-1007,SKU-129,8422309900,8422309900,Automatic Filling & Sealing Line PFS-129,East China,Manzanillo,2023-07-07,2023-09-27,2023-10-28,2023-10-28,2023-11-03,2023-11-06,37936.52,37936.52,0.0,180.38,38116.9,66141.59,5291.33,117255.81,4883.19,20163.88,0.0,0.0,0.0,122.0,757895.8738699999,757895.8738699999,Packaging machine,Ningbo-Zhoushan
IMP-2023-0244,SUP-1008,SKU-126,8422309900,8422309900,Automatic Filling & Sealing Line PFS-126,East China,Manzanillo,2023-07-07,2023-10-05,2023-11-05,2023-11-08,2023-11-12,2023-11-14,31236.37,31236.37,7401.67,140.06,38778.1,67048.5,5363.88,118863.58,9142.98,20383.42,0.0,0.0,3.0,130.0,772423.7624299999,772423.7624299999,Packaging machine,Wenzhou
IMP-2023-0245,SUP-1007,SKU-129,8422309900,8422309900,Automatic Filling & Sealing Line PFS-129,East China,Lázaro Cárdenas,2023-07-09,2023-09-27,2023-10-25,2023-10-25,2023-11-01,2023-11-05,41112.44,164449.76,5777.68,585.08,170812.52,296399.01,23711.92,525456.16,6619.91,74141.07,0.0,0.0,0.0,119.0,3364862.000796,841215.500199,Packaging machine,Ningbo-Zhoushan
IMP-2023-0246,SUP-1011,SKU-110,8456110100,8456110100,Fibre Laser Cutting Machine FL-110,East China,Manzanillo,2023-07-10,2023-09-07,2023-10-13,2023-10-13,2023-10-16,2023-10-20,19129.96,76519.84,8852.81,374.41,85747.06,148790.87,11903.27,263776.46,5375.17,49765.61,0.0,0.0,0.0,102.0,1703743.629238,425935.9073095,Laser cutting machine,Shanghai
IMP-2023-0247,SUP-1013,SKU-126,8422309900,8422309900,Automatic Filling & Sealing Line PFS-126,East China,Manzanillo,2023-07-11,2023-10-08,2023-11-12,2023-11-12,2023-12-03,2023-12-05,31034.89,31034.89,5652.42,141.53,36828.84,63678.17,5094.25,112888.66,5325.52,18774.44,0.0,0.0,0.0,147.0,729654.0722519999,729654.0722519999,Packaging machine,Shanghai
IMP-2023-0248,SUP-1013,SKU-117,8477100100,8477100100,Injection Moulding Machine IMM-117,East China,Veracruz,2023-07-12,2023-09-30,2023-11-04,2023-11-22,2023-11-27,2023-11-29,32835.17,65670.34,8432.58,0.0,74102.92,128126.17,10250.09,227142.08,6132.45,83256.16,14428.52,0.0,18.0,140.0,1523455.1076759999,761727.5538379999,Injection moulding machine,Shanghai
IMP-2023-0249,SUP-1013,SKU-115,8477100100,8477100100,Injection Moulding Machine IMM-115,East China,Manzanillo,2023-07-13,2023-09-08,2023-10-09,2023-10-10,2023-10-17,2023-10-19,45215.3,45215.3,8905.51,136.2,54257.01,94148.39,7531.87,166906.27,8667.11,17055.69,0.0,0.0,1.0,98.0,1068886.974623,1068886.974623,Injection moulding machine,Shanghai
IMP-2023-0250,SUP-1006,SKU-101,8457100100,8457100100,CNC Vertical Machining Centre VMC-101,East China,Manzanillo,2023-07-14,2023-09-09,2023-10-09,2023-10-09,2023-10-18,2023-10-20,154545.38,618181.52,7444.57,3304.12,628930.21,1091338.57,87307.09,1934725.01,6818.77,39119.53,0.0,0.0,0.0,98.0,12137969.642983,3034492.41074575,CNC machining centre,Ningbo-Zhoushan
IMP-2023-0251,SUP-1010,SKU-105,8457100100,8457100100,CNC Vertical Machining Centre VMC-105,East China,Manzanillo,2023-07-15,2023-09-17,2023-10-22,2023-10-27,2023-10-30,2023-11-03,172550.38,517651.14,8097.21,0.0,528356.54,916820.12,73345.61,1625338.71,7524.58,42679.88,0.0,0.0,5.0,111.0,10163313.283704998,3387771.0945683327,CNC machining centre,Taizhou
IMP-2023-0252,SUP-1011,SKU-136,8480710100,8480710100,Precision Injection Mould MD-136,East China,Lázaro Cárdenas,2023-07-15,2023-09-14,2023-10-18,2023-10-18,2023-10-20,2023-10-21,18231.88,18231.88,0.0,0.0,24225.33,21018.26,3362.92,71159.42,5083.87,29598.09,0.0,0.0,0.0,98.0,375428.191324,375428.191324,Mould and die,Shanghai
IMP-2023-0253,SUP-1010,SKU-110,8456110100,8456110100,Fibre Laser Cutting Machine FL-110,East China,Manzanillo,2023-07-17,2023-09-17,2023-10-22,2023-10-22,2023-11-05,2023-11-08,18528.92,18528.92,8735.11,0.0,27264.03,47309.36,3784.75,83870.04,4609.81,23976.43,0.0,0.0,0.0,114.0,552773.977769,552773.977769,Laser cutting machine,Taizhou
IMP-2023-0254,SUP-1013,SKU-140,8515310100,8515310100,Inverter Arc Welding Power Source AW-140,East China,Manzanillo,2023-07-18,2023-09-30,2023-11-01,2023-11-13,2023-11-20,2023-11-23,25869.94,103479.76,8477.84,0.0,111957.6,290367.07,15486.24,358661.41,5580.94,48526.55,0.0,0.0,12.0,128.0,2295741.2912799995,573935.3228199999,Arc welding machine,Shanghai
IMP-2023-0255,SUP-1006,SKU-101,8457100100,8457100100,CNC Vertical Machining Centre VMC-101,East China,Manzanillo,2023-07-19,2023-08-31,2023-09-28,2023-09-28,2023-10-17,2023-10-21,149610.05,149610.05,0.0,686.7,150296.75,264675.58,21174.05,469216.87,9111.35,21040.91,0.0,4691.7,0.0,94.0,2967449.4168499997,2967449.4168499997,CNC machining centre,Ningbo-Zhoushan
IMP-2023-0256,SUP-1005,SKU-121,8479500100,8479500100,6-Axis Industrial Robot IR-121,South China,Lázaro Cárdenas,2023-07-21,2023-10-15,2023-11-13,2023-11-13,2023-11-22,2023-11-25,59511.28,238045.12,0.0,0.0,239441.71,207000.95,33120.15,700822.42,4939.97,67370.83,0.0,0.0,0.0,127.0,4428303.438336,1107075.859584,Industrial robot,Shekou
IMP-2023-0257,SUP-1011,SKU-107,8458110100,8458110100,CNC Turning Centre TC-107,East China,Manzanillo,2023-07-22,2023-09-04,2023-10-07,2023-10-07,2023-10-16,2023-10-19,44915.95,44915.95,0.0,150.22,45066.17,78200.17,6256.01,138633.26,7601.3,25755.46,0.0,0.0,0.0,89.0,899814.641691,899814.641691,CNC lathe,Shanghai
IMP-2023-0258,SUP-1001,SKU-114,8477100100,8477100100,Injection Moulding Machine IMM-114,South China,Manzanillo,2023-07-22,2023-10-13,2023-11-19,2023-11-24,2023-12-02,2023-12-01,66416.28,66416.28,6671.12,267.02,73354.42,126831.99,10146.56,224847.76,8921.6,19728.56,0.0,0.0,,,1433948.6381259998,1433948.6381259998,Injection moulding machine,Yantian
IMP-2023-0259,SUP-1003,SKU-107,8458110100,8458110100,CNC Turning Centre TC-107,South China,Manzanillo,2023-07-23,2023-09-08,2023-10-12,2023-11-15,2023-12-02,2023-12-03,47549.42,142648.26,0.0,439.33,148541.42,256832.57,20546.61,455312.78,3749.26,36034.24,8884.29,0.0,34.0,133.0,2800074.327377,933358.1091256667,CNC lathe,Nansha
IMP-2023-0260,SUP-1007,SKU-129,8422309900,8422309900,Automatic Filling & Sealing Line PFS-129,East China,Lázaro Cárdenas,2023-07-24,2023-10-24,2023-11-23,2023-11-23,2023-11-29,2023-12-01,38567.28,154269.12,9441.82,0.0,164344.68,284156.88,22732.55,503753.32,8803.77,69530.62,0.0,0.0,0.0,130.0,3215835.0858819997,803958.7714704999,Packaging machine,Ningbo-Zhoushan
IMP-2023-0261,SUP-1014,SKU-134,8480710100,8480710100,Precision Injection Mould MD-134,East China,Manzanillo,2023-07-24,2023-09-04,2023-10-12,2023-10-12,2023-10-16,2023-10-19,7181.58,28726.32,0.0,136.21,37735.34,32739.75,5238.36,110843.69,6752.56,41319.85,0.0,0.0,0.0,87.0,586881.799319,146720.44982975,Mould and die,Nantong
IMP-2023-0262,SUP-1002,SKU-124,8414809900,8414809900,Screw Air Compressor SAC-124,South China,Manzanillo,2023-07-24,2023-10-05,2023-11-03,2023-11-03,2023-11-10,2023-11-13,8083.59,8083.59,5849.8,31.96,13965.35,36219.76,1931.72,44738.65,3504.02,19229.85,0.0,0.0,0.0,112.0,302350.4411049999,302350.4411049999,Air compressor,Shekou
IMP-2023-0263,SUP-1007,SKU-141,8515310100,8515310100,Inverter Arc Welding Power Source AW-141,East China,Lázaro Cárdenas,2023-07-24,2023-09-23,2023-10-21,2023-10-21,2023-10-26,2023-10-28,26553.08,79659.24,6235.89,269.11,86164.24,224272.16,11961.18,277020.97,4951.66,48885.74,0.0,0.0,0.0,96.0,1785218.481752,595072.8272506667,Arc welding machine,Ningbo-Zhoushan
IMP-2023-0264,SUP-1014,SKU-104,8457100100,8457100100,CNC Vertical Machining Centre VMC-104,East China,manzanillo,2023-07-25,2023-09-28,2023-10-25,2023-10-25,2023-10-31,2023-11-03,158848.6,953091.6,8843.29,4941.65,966876.54,1677753.18,134220.25,2974320.83,8496.82,64378.7,0.0,0.0,0.0,101.0,18662380.735042,3110396.7891736664,CNC machining centre,Nantong
IMP-2023-0265,SUP-1014,SKU-122,8414809900,8414809900,Screw Air Compressor SAC-122,East China,Manzanillo,2023-07-26,2023-11-04,2023-12-08,2023-12-08,2023-12-28,2023-12-29,23898.51,71695.53,6989.52,0.0,79053.75,200064.49,10670.11,247119.65,4942.08,33938.93,0.0,6227.54,0.0,156.0,1583385.83958,527795.27986,Air compressor,Nantong
IMP-2023-0266,SUP-1014,SKU-105,8457100100,8457100100,CNC Vertical Machining Centre VMC-105,East China,Manzanillo,2023-07-26,2023-09-26,2023-10-26,2023-10-26,2023-11-04,2023-11-04,172606.61,345213.22,8702.98,0.0,354992.68,615993.95,49279.52,1092034.07,4022.47,27973.59,0.0,0.0,0.0,101.0,6838529.607259999,3419264.8036299995,CNC machining centre,Nantong
IMP-2023-0267,SUP-1003,SKU-102,8457100100,8457100100,CNC Vertical Machining Centre VMC-102,South China,Manzanillo,2023-07-27,2023-09-22,2023-10-24,2023-10-24,2023-10-30,2023-10-31,96072.9,96072.9,6918.71,0.0,102991.61,178714.13,14297.13,316824.41,6671.17,24412.93,0.0,0.0,0.0,96.0,2011236.674203,2011236.674203,CNC machining centre,Nansha
IMP-2023-0268,SUP-1005,SKU-113,8456110100,8456110100,Fibre Laser Cutting Machine FL-113,South China,Manzanillo,2023-07-27,2023-10-25,2023-11-28,2023-11-28,2023-12-01,2023-12-05,59596.64,178789.92,6944.27,0.0,185734.19,321139.99,25691.2,569316.97,7448.68,45751.37,0.0,0.0,0.0,131.0,3611431.1053569997,1203810.3684523331,Laser cutting machine,Shekou
IMP-2023-0269,SUP-1010,SKU-110,8456110100,8456110100,Fibre Laser Cutting Machine FL-110,East China,Veracruz,2023-07-28,2023-09-13,2023-10-17,2023-10-17,2023-10-31,2023-11-04,18181.71,18181.71,10430.06,85.87,28697.64,49797.01,3983.76,88280.13,6318.89,65596.93,0.0,0.0,0.0,99.0,623666.6485719999,623666.6485719999,Laser cutting machine,Taizhou
IMP-2023-0270,SUP-1002,SKU-107,8458110100,8458110100,CNC Turning Centre TC-107,South China,Manzanillo,2023-07-28,2023-09-07,2023-10-09,2023-10-09,2023-10-23,2023-10-27,47409.18,94818.36,6201.09,0.0,101019.45,175291.98,14023.36,310757.62,8464.97,29172.2,0.0,0.0,0.0,91.0,1979872.3122349998,989936.1561174999,CNC lathe,Shekou
IMP-2023-0271,SUP-1004,SKU-130,8462910100,8462910100,Hydraulic Press HP-130,South China,Manzanillo,2023-08-02,2023-10-04,2023-11-09,2023-11-09,2023-11-11,2023-11-15,85165.24,85165.24,0.0,0.0,85551.61,147921.3,11833.7,262234.88,7243.48,24152.13,0.0,0.0,0.0,105.0,1663683.1591720001,1663683.1591720001,Hydraulic press,Yantian
IMP-2023-0272,SUP-1010,SKU-110,8456110100,8456110100,Fibre Laser Cutting Machine FL-110,East China,Lázaro Cárdenas,2023-08-05,2023-10-05,2023-11-05,2023-11-06,2023-11-15,2023-11-16,18709.14,18709.14,5108.15,0.0,23817.29,41180.81,3294.46,73005.34,3881.09,28478.64,0.0,0.0,1.0,103.0,488643.08928699995,488643.08928699995,Laser cutting machine,Taizhou
IMP-2023-0273,SUP-1003,SKU-133,8462910100,8462910100,Hydraulic Press HP-133,South China,Manzanillo,2023-08-06,2023-10-08,2023-11-13,2023-12-17,2023-12-21,2023-12-25,89359.95,178719.9,0.0,777.08,179496.98,302840.12,24227.21,536874.97,4260.75,29024.58,0.0,0.0,34.0,141.0,3388753.907768,1694376.953884,Hydraulic press,Nansha
IMP-2023-0274,SUP-1005,SKU-140,8515310100,8515310100,Inverter Arc Welding Power Source AW-140,South China,Lázaro Cárdenas,2023-08-07,2023-10-26,2023-11-22,2023-11-22,2023-11-25,2023-11-27,24916.7,74750.1,9084.7,271.49,84106.29,218133.45,11633.78,269438.43,6328.5,60859.92,0.0,0.0,0.0,112.0,1751178.635987,583726.2119956667,Arc welding machine,Shekou
IMP-2023-0275,SUP-1005,SKU-138,8428330100,8428330100,Modular Belt Conveyor CV-138,South China,Manzanillo,2023-08-09,2023-10-17,2023-11-15,2023-11-15,2023-11-20,2023-11-21,10893.4,10893.4,6011.47,48.94,16953.81,29313.65,2345.09,51967.23,7710.87,17123.24,0.0,0.0,0.0,104.0,349629.31104299997,349629.31104299997,Conveyor system,Shekou
IMP-2023-0276,SUP-1012,SKU-120,8479500100,8479500100,6-Axis Industrial Robot IR-120,East China,Manzanillo,2023-08-09,2023-11-13,2023-12-11,2023-12-13,2023-12-22,2023-12-23,60019.61,180058.83,0.0,564.25,180623.08,152370.02,24379.2,515863.93,8348.06,30967.26,0.0,0.0,2.0,136.0,3263464.896528,1087821.632176,Industrial robot,Shanghai
IMP-2023-0277,SUP-1001,SKU-114,8477100100,8477100100,Injection Moulding Machine IMM-114,South China,Manzanillo,2023-08-09,2023-10-31,2023-12-05,2023-12-05,2023-12-14,2023-12-15,71849.42,215548.26,0.0,0.0,216520.58,365304.86,29224.39,647612.46,5176.46,30252.3,0.0,0.0,0.0,128.0,4066602.033416,1355534.0111386667,Injection moulding machine,Yantian
IMP-2023-0278,SUP-1013,SKU-140,8515310100,8515310100,Inverter Arc Welding Power Source AW-140,East China,Manzanillo,2023-08-10,2023-10-17,2023-11-18,2023-11-18,2023-11-22,2023-11-25,25898.29,25898.29,6263.32,141.36,32302.97,83779.21,4468.22,103484.08,9083.32,26951.93,0.0,0.0,0.0,107.0,682810.7221909999,682810.7221909999,Arc welding machine,Shanghai
IMP-2023-0279,SUP-1002,SKU-124,8414809900,8414809900,Screw Air Compressor SAC-124,South China,Manzanillo,2023-08-11,2023-10-24,2023-11-20,2023-11-20,2023-11-24,2023-11-28,7425.72,22277.16,9130.69,0.0,31407.85,81457.67,4344.41,100616.52,5367.18,41453.24,0.0,0.0,0.0,109.0,675673.6488549999,225224.54961833332,Air compressor,Shekou
IMP-2023-0280,SUP-1006,SKU-119,8479500100,8479500100,6-Axis Industrial Robot IR-119,East China,Lázaro Cárdenas,2023-08-11,2023-10-26,2023-11-20,2023-11-20,2023-11-26,2023-11-30,51140.66,102281.32,6472.48,0.0,109192.0,94398.12,15103.7,319594.28,7775.9,52570.35,0.0,0.0,0.0,111.0,2050233.89814,1025116.94907,Industrial robot,Ningbo-Zhoushan
IMP-2023-0281,SUP-1005,SKU-139,,8428330100,Modular Belt Conveyor CV-139,South China,Manzanillo,2023-08-12,2023-09-20,2023-10-22,2023-10-22,2023-10-28,2023-10-30,21843.23,43686.46,8486.36,0.0,52345.94,90832.25,7266.58,161027.4,6499.13,31153.77,0.0,0.0,0.0,79.0,1041070.154486,520535.077243,Conveyor system,Shekou
IMP-2023-0282,SUP-1013,SKU-120,8479500100,8479500100,6-Axis Industrial Robot IR-120,East China,"MANZANILLO, COL",2023-08-12,2023-11-13,2023-12-21,2023-12-21,2023-12-29,2024-01-02,60871.42,60871.42,6293.75,351.92,67517.09,56956.07,9112.97,192830.46,4618.67,20500.11,0.0,0.0,0.0,143.0,1230309.155644,1230309.155644,Industrial robot,Shanghai
IMP-2023-0283,SUP-1005,SKU-138,8428330100,8428330100,Modular Belt Conveyor CV-138,South China,Veracruz,2023-08-12,2023-10-22,2023-11-26,2023-11-26,2023-12-05,2023-12-09,11616.18,11616.18,10571.88,0.0,22231.52,38438.97,3075.12,68144.6,3713.71,51735.86,0.0,0.0,0.0,119.0,480601.87381799996,480601.87381799996,Conveyor system,Shekou
IMP-2023-0284,SUP-1006,SKU-115,8477100100,8477100100,Injection Moulding Machine IMM-115,East China,veracruz,2023-08-12,2023-10-17,2023-11-26,2023-11-26,2023-12-03,,45128.98,45128.98,9178.21,0.0,54535.76,94293.97,7543.52,167164.34,6931.93,61272.99,0.0,0.0,0.0,,1109030.0172569999,1109030.0172569999,Injection moulding machine,Ningbo-Zhoushan
IMP-2023-0285,SUP-1002,SKU-125,8414809900,8414809900,Screw Air Compressor SAC-125,South China,Manzanillo,2023-08-12,2023-10-04,2023-11-10,2023-11-10,2023-11-15,2023-11-16,15339.74,15339.74,0.0,73.59,23448.11,60813.73,3243.4,75117.12,5442.38,24051.59,0.0,0.0,0.0,96.0,360052.199699,360052.199699,Air compressor,Shekou
IMP-2023-0286,SUP-1011,SKU-127,8422309900,8422309900,Automatic Filling & Sealing Line PFS-127,East China,Manzanillo,2023-08-12,2023-11-09,2023-12-08,2023-12-08,2023-12-17,2023-12-18,50930.35,50930.35,0.0,0.0,56880.54,95966.57,7677.33,170129.54,7613.32,17115.61,0.0,0.0,0.0,128.0,987649.32306,987649.32306,Packaging machine,Shanghai
IMP-2023-0287,SUP-1002,SKU-125,8414809900,8414809900,Screw Air Compressor SAC-125,South China,Lázaro Cárdenas,2023-08-13,2023-10-16,2023-11-20,2023-11-20,2023-11-29,2023-12-03,15160.76,30321.52,5729.32,109.79,36160.63,93784.22,5001.83,115842.27,5362.5,53624.53,0.0,0.0,0.0,112.0,783001.220889,391500.6104445,Air compressor,Shekou
IMP-2023-0288,SUP-1002,SKU-124,8414809900,8414809900,Screw Air Compressor SAC-124,South China,Lázaro Cárdenas,2023-08-13,2023-11-02,2023-12-04,2023-12-04,2023-12-10,2023-12-12,7211.1,28844.4,0.0,119.74,28964.14,73300.71,3909.37,90541.03,4150.59,66810.71,0.0,0.0,0.0,121.0,636842.764424,159210.691106,Air compressor,Shekou
IMP-2023-0289,SUP-1003,SKU-113,8456110100,8456110100,Fibre Laser Cutting Machine FL-113,South China,Manzanillo,2023-08-14,2023-11-05,2023-12-02,2023-12-02,,2023-12-15,62389.23,62389.23,0.0,251.42,71503.35,120637.59,9651.01,213866.32,4551.85,18302.56,0.0,0.0,0.0,123.0,1209991.0005400002,1209991.0005400002,Laser cutting machine,Nansha
IMP-2023-0290,SUP-1011,SKU-115,8477100100,8477100100,Injection Moulding Machine IMM-115,East China,Veracruz,2023-08-15,2023-10-24,2023-12-07,2023-12-05,2023-12-13,2023-12-17,44799.29,89598.58,0.0,0.0,97903.66,165179.14,13214.33,292829.58,7913.1,77189.27,0.0,0.0,-2.0,124.0,1775167.2423280003,887583.6211640001,Injection moulding machine,Shanghai
IMP-2023-0291,SUP-1008,SKU-139,8428330100,8428330100,Modular Belt Conveyor CV-139,East China,Manzanillo,2023-08-16,2023-09-23,2023-10-26,2023-11-21,2023-11-25,2023-11-28,23166.46,46332.92,8119.17,0.0,54613.91,94429.09,7554.33,167403.89,6389.41,27220.36,0.0,0.0,26.0,104.0,1077086.1617269998,538543.0808634999,Conveyor system,Wenzhou
IMP-2023-0292,SUP-1014,SKU-136,8480710100,8480710100,Precision Injection Mould MD-136,East China,Lázaro Cárdenas,2023-08-16,2023-09-23,2023-10-23,2023-11-18,2023-11-24,2023-11-27,7631.78,7631.78,0.0,0.0,7670.52,6631.28,1061.0,22450.86,8381.17,28552.01,43989.41,0.0,26.0,103.0,220570.63573399998,220570.63573399998,Mould and die,Nantong
IMP-2023-0293,SUP-1007,SKU-129,8422309900,8422309900,Automatic Filling & Sealing Line PFS-129,East China,Lázaro Cárdenas,2023-08-17,2023-11-06,2023-12-04,2023-12-16,2023-12-23,2023-12-24,38735.48,116206.44,8921.73,0.0,125735.79,212136.4,16970.91,376075.4,4436.03,65917.92,29861.67,0.0,12.0,129.0,2440435.362972,813478.454324,Packaging machine,Ningbo-Zhoushan
IMP-2023-0294,SUP-1014,SKU-134,8480710100,8480710100,Precision Injection Mould MD-134,East China,Manzanillo,2023-08-18,2023-09-26,2023-10-25,2023-11-02,2023-11-13,2023-11-15,7157.52,7157.52,7835.95,0.0,15033.62,12996.79,2079.49,44001.93,4664.54,20382.0,0.0,0.0,8.0,89.0,299364.41434099997,299364.41434099997,Mould and die,Nantong
IMP-2023-0295,SUP-1004,SKU-116,8477100100,8477100100,Injection Moulding Machine IMM-116,South China,Manzanillo,2023-08-19,2023-11-13,,2023-12-11,2023-12-18,2023-12-19,87607.86,262823.58,9740.16,1543.98,274107.72,462463.58,36997.09,819855.44,8600.77,45188.51,0.0,0.0,,122.0,5177885.758752,1725961.9195839998,Injection moulding machine,Yantian
IMP-2023-0296,SUP-1011,SKU-133,8462910100,8462910100,Hydraulic Press HP-133,East China,Manzanillo,2023-08-21,2023-10-29,2023-12-03,2023-12-03,2023-12-07,2023-12-10,100468.82,100468.82,7361.86,491.44,108322.12,182756.75,14620.54,323991.16,8753.57,20490.39,0.0,0.0,0.0,111.0,2054188.7297920003,2054188.7297920003,Hydraulic press,Shanghai
IMP-2023-0297,SUP-1012,SKU-142,8515310100,8515310100,Inverter Arc Welding Power Source AW-142,East China,Lázaro Cárdenas,2023-08-21,2023-10-19,2023-11-20,2023-11-20,2023-11-29,2023-12-01,7152.52,14305.04,0.0,76.91,14381.95,37300.23,1989.35,46073.25,9136.36,36642.23,0.0,0.0,0.0,102.0,333736.400085,166868.2000425,Arc welding machine,Shanghai
IMP-2023-0298,SUP-1006,SKU-126,8422309900,8422309900,Automatic Filling & Sealing Line PFS-126,East China,Manzanillo,2023-08-21,2023-11-29,2023-12-27,2023-12-27,2024-01-11,2024-01-15,29359.05,29359.05,5659.44,172.47,35190.96,59372.78,4749.82,105256.06,6696.36,21853.81,0.0,0.0,0.0,147.0,686400.5707360001,686400.5707360001,Packaging machine,Ningbo-Zhoushan
IMP-2023-0299,SUP-1011,SKU-125,8414809900,8414809900,Screw Air Compressor SAC-125,East China,Lázaro Cárdenas,2023-08-23,2023-10-27,2023-11-24,2023-11-24,2023-11-30,2023-12-04,14078.39,14078.39,0.0,0.0,14136.92,36664.74,1955.45,45288.28,3940.2,32977.36,0.0,0.0,0.0,103.0,318957.33661699994,318957.33661699994,Air compressor,Shanghai
IMP-2023-0300,SUP-1002,SKU-999,8456110100,,,South China,Manzanillo,2023-08-23,2023-10-02,2023-11-01,2023-11-01,2023-11-05,2023-11-09,46510.92,186043.68,8512.82,972.77,195529.27,338075.97,27046.08,599341.09,4055.39,47533.08,0.0,0.0,0.0,78.0,3797470.2570809997,949367.5642702499,,Shekou
IMP-2023-0301,SUP-1001,SKU-103,8457100100,8457100100,CNC Vertical Machining Centre VMC-103,South China,Manzanillo,2023-08-23,2023-11-03,2023-12-11,2023-12-11,2023-12-13,2023-12-14,166177.06,664708.24,6367.19,0.0,673623.78,1136511.1,90920.89,2014806.87,4562.27,50691.69,0.0,0.0,0.0,113.0,12604802.174787998,3151200.5436969995,CNC machining centre,Yantian
IMP-2023-0302,SUP-1002,SKU-124,8414809900,8414809900,Screw Air Compressor SAC-124,South China,Manzanillo,2023-08-24,2023-11-07,2023-12-14,2023-12-17,2023-12-19,2023-12-21,7843.44,7843.44,0.0,24.14,7867.58,19910.8,1061.91,24593.82,6944.45,22843.31,0.0,0.0,3.0,119.0,183499.132728,183499.132728,Air compressor,Shekou
IMP-2023-0303,SUP-1006,SKU-101,8457100100,8457100100,CNC Vertical Machining Centre VMC-101,East China,Lázaro Cárdenas,2023-08-24,2023-10-09,2023-11-03,2023-11-03,2023-11-22,2023-11-25,165983.01,995898.06,8132.87,0.0,1007097.15,1741301.19,139304.09,3086978.74,7516.63,110293.13,0.0,0.0,0.0,93.0,19358411.028979,3226401.838163167,CNC machining centre,Ningbo-Zhoushan
IMP-2023-0304,SUP-1012,SKU-103,8457100100,8457100100,CNC Vertical Machining Centre VMC-103,East China,Lázaro Cárdenas,2023-08-26,2023-11-09,2023-12-04,2023-12-04,2023-12-11,2023-12-13,161152.8,322305.6,0.0,1542.59,330066.57,556875.11,44550.01,987228.2,6832.32,47231.22,0.0,0.0,0.0,109.0,6119325.782404001,3059662.8912020004,CNC machining centre,Shanghai
IMP-2023-0305,SUP-1012,SKU-103,8457100100,8457100100,CNC Vertical Machining Centre VMC-103,East China,Manzanillo,2023-08-26,2023-11-04,2023-12-10,2023-12-09,2023-12-18,2023-12-19,178118.25,178118.25,8429.84,0.0,187351.35,316091.7,25287.34,560367.37,3591.96,17991.67,0.0,0.0,-1.0,115.0,3510327.425244,3510327.425244,CNC machining centre,Shanghai
IMP-2023-0306,SUP-1011,SKU-127,8422309900,8422309900,Automatic Filling & Sealing Line PFS-127,East China,Manzanillo,2023-08-26,2023-11-09,2023-12-08,2023-12-08,2023-12-17,,55391.42,55391.42,0.0,231.78,55623.2,93845.24,7507.62,166368.84,3908.84,26168.69,0.0,0.0,0.0,,1069882.77112,1069882.77112,Packaging machine,Shanghai
IMP-2023-0307,SUP-1013,SKU-137,8428330100,8428330100,Modular Belt Conveyor CV-137,East China,Manzanillo,2023-08-27,2023-10-05,2023-11-12,2023-11-12,2023-11-20,2023-11-24,33516.97,100550.91,0.0,572.15,108170.63,187030.26,14962.42,331567.25,5873.25,35819.36,0.0,0.0,0.0,89.0,1992133.334318,664044.4447726667,Conveyor system,Shanghai
IMP-2023-0308,SUP-1014,SKU-118,8477100100,8477100100,Injection Moulding Machine IMM-118,East China,Lázaro Cárdenas,2023-08-28,2023-11-28,2023-12-24,2024-01-11,2024-01-17,2024-01-20,29220.12,58440.24,8823.65,206.42,67470.31,116843.06,9347.44,207139.37,7582.34,49664.88,0.0,0.0,18.0,145.0,1351868.3074869998,675934.1537434999,Injection moulding machine,Nantong
IMP-2023-0309,SUP-1010,SKU-110,8456110100,8456110100,Fibre Laser Cutting Machine FL-110,East China,Manzanillo,2023-08-28,2023-10-23,2023-11-21,2023-11-29,2023-12-04,2023-12-06,19625.56,58876.68,6354.36,206.34,65437.38,113143.19,9051.46,200580.25,6282.98,37229.53,10315.88,0.0,8.0,100.0,1307454.9714139998,435818.3238046666,Laser cutting machine,Taizhou
IMP-2023-0310,SUP-1011,SKU-135,8480710100,8480710100,Precision Injection Mould MD-135,East China,Manzanillo,2023-09-01,2023-11-18,2023-12-15,2023-12-23,2023-12-29,2024-01-01,3931.71,11795.13,0.0,65.05,11860.18,10005.01,1600.8,33872.96,6563.34,30154.94,15695.45,0.0,8.0,122.0,264119.752888,88039.91762933333,Mould and die,Shanghai
IMP-2023-0311,SUP-1010,SKU-110,8456110100,8456110100,Fibre Laser Cutting Machine FL-110,East China,Manzanillo,2023-09-02,2023-11-11,2023-12-18,2023-12-18,2023-12-22,2023-12-24,18956.2,37912.4,0.0,113.9,38026.3,64156.45,5132.52,113736.56,3843.76,30307.85,0.0,0.0,0.0,113.0,745005.10308,372502.55154,Laser cutting machine,Taizhou
IMP-2023-0312,SUP-1013,SKU-137,8428330100,8428330100,Modular Belt Conveyor CV-137,East China,Manzanillo,2023-09-02,2023-10-14,2023-11-11,2023-11-11,2023-11-20,2023-11-22,35457.44,35457.44,8053.38,107.11,43617.93,75416.71,6033.34,133698.74,8287.32,23434.9,0.0,0.0,0.0,81.0,867339.365079,867339.365079,Conveyor system,Shanghai
IMP-2023-0313,SUP-1011,SKU-127,8422309900,8422309900,Automatic Filling & Sealing Line PFS-127,East China,Manzanillo,2023-09-03,2023-12-11,2024-01-11,2024-01-16,2024-01-22,2024-01-24,55860.81,111721.62,7901.46,591.75,120214.83,208184.44,16654.75,369069.37,7461.69,26823.07,0.0,0.0,5.0,143.0,2340968.311491,1170484.1557455,Packaging machine,Shanghai
IMP-2023-0314,SUP-1013,SKU-117,8477100100,8477100100,Injection Moulding Machine IMM-117,East China,Lázaro Cárdenas,2023-09-03,2023-11-20,2023-12-22,2023-12-23,2023-12-31,2024-01-02,31877.52,127510.08,8265.47,0.0,136394.43,230119.23,18409.54,407955.36,6661.63,78810.76,0.0,0.0,1.0,121.0,2624751.92938,656187.982345,Injection moulding machine,Shanghai
IMP-2023-0315,SUP-1014,SKU-132,8480710100,8462910100,Hydraulic Press HP-132,East China,Manzanillo,2023-09-05,2023-10-26,2023-11-25,2023-11-25,2023-11-27,2023-11-28,7200.91,21602.73,5757.74,0.0,27489.57,23765.15,3802.42,80459.28,7806.89,35624.63,0.0,0.0,0.0,84.0,544069.824441,181356.608147,Hydraulic press,Nantong
IMP-2023-0316,SUP-1005,SKU-128,8422309900,8422309900,Automatic Filling & Sealing Line PFS-128,South China,Manzanillo,2023-09-06,2023-11-24,2023-12-27,2023-12-27,2023-12-29,2024-01-01,51469.87,51469.87,8624.15,296.81,60390.83,101888.99,8151.12,180628.81,3865.75,17304.22,0.0,0.0,0.0,117.0,1150100.007428,1150100.007428,Packaging machine,Shekou
IMP-2023-0317,SUP-1010,SKU-120,8479500100,8479500100,6-Axis Industrial Robot IR-120,East China,Manzanillo,2023-09-07,2023-12-04,2024-01-02,2024-01-04,2024-01-06,2024-01-07,58757.77,117515.54,7135.39,626.45,125277.38,108475.8,17356.13,367255.68,9148.3,36060.28,0.0,0.0,2.0,122.0,2340556.593626,1170278.296813,Industrial robot,Taizhou
IMP-2023-0318,SUP-1007,SKU-130,8462910100,8462910100,Hydraulic Press HP-130,East China,Manzanillo,2023-09-08,2023-11-03,2023-12-07,2024-01-10,2024-01-13,2024-01-15,78652.23,314608.92,6436.03,0.0,322176.27,557935.2,44634.82,989107.52,8749.11,51284.16,40697.13,0.0,34.0,129.0,6263060.550615,1565765.13765375,Hydraulic press,Ningbo-Zhoushan
IMP-2023-0319,SUP-1006,SKU-133,8462910100,8462910100,Hydraulic Press HP-133,East China,Lázaro Cárdenas,2023-09-09,2023-11-22,,2023-12-27,2024-01-03,2024-01-05,94192.45,94192.45,6772.65,0.0,101453.12,171167.65,13693.41,303446.0,4165.29,40861.07,0.0,0.0,,118.0,1933330.20116,1933330.20116,Hydraulic press,Ningbo-Zhoushan
IMP-2023-0320,SUP-1001,SKU-121,8479500100,8479500100,6-Axis Industrial Robot IR-121,South China,Manzanillo,2023-09-10,2023-12-10,2024-01-14,2024-01-14,2024-01-27,2024-01-29,60151.65,120303.3,0.0,478.32,120781.62,104582.99,16733.28,354076.18,7700.06,26142.18,0.0,0.0,0.0,141.0,2246818.370674,1123409.185337,Industrial robot,Yantian
IMP-2023-0321,SUP-1005,SKU-138,8428330100,8428330100,Modular Belt Conveyor CV-138,South China,Manzanillo,2023-09-10,2023-11-14,2023-12-14,2023-12-14,2023-12-31,2024-01-04,11624.02,34872.06,8668.03,122.38,43662.47,73665.57,5893.25,130594.33,6482.67,44581.74,0.0,0.0,0.0,116.0,867278.958852,289092.986284,Conveyor system,Shekou
IMP-2023-0322,SUP-1007,SKU-129,8422309900,8422309900,Automatic Filling & Sealing Line PFS-129,East China,Manzanillo,2023-09-11,2023-12-22,2024-01-24,2024-01-24,2024-01-30,2024-02-03,36473.51,72947.02,0.0,399.58,82356.68,142622.83,11409.83,252841.75,5783.21,24668.53,0.0,0.0,0.0,145.0,1454678.81482,727339.40741,Packaging machine,Ningbo-Zhoushan
IMP-2023-0323,SUP-1002,SKU-107,8458110100,8458110100,CNC Turning Centre TC-107,South China,Manzanillo,2023-09-11,2023-11-04,2023-12-04,2023-12-04,2023-12-13,2023-12-17,42538.64,85077.28,6650.88,0.0,92136.57,155449.14,12435.93,275580.23,4464.86,29444.92,0.0,0.0,0.0,97.0,1749395.6742560002,874697.8371280001,CNC lathe,Shekou
IMP-2023-0324,SUP-1008,SKU-112,8456110100,8456110100,Fibre Laser Cutting Machine FL-112,East China,Manzanillo,2023-09-11,2023-12-01,2024-01-02,2024-01-02,2024-01-10,2024-01-13,71164.59,213493.77,0.0,0.0,214716.19,371839.06,29747.12,659196.28,7303.79,37997.77,0.0,0.0,0.0,124.0,4144108.800728999,1381369.6002429996,Laser cutting machine,Wenzhou
IMP-2023-0325,SUP-1013,SKU-109,8458110100,8458110100,CNC Turning Centre TC-109,East China,Manzanillo,2023-09-12,2023-10-26,2023-11-24,2023-11-24,2023-11-28,2023-12-02,79750.22,79750.22,8595.07,475.73,88821.02,153574.21,12285.94,272256.36,6271.42,22612.34,0.0,0.0,0.0,81.0,1730485.992106,1730485.992106,CNC lathe,Shanghai
IMP-2023-0326,SUP-1011,SKU-127,8422309900,8422309900,Automatic Filling & Sealing Line PFS-127,East China,Manzanillo,2023-09-12,2023-12-23,2024-01-30,2024-01-30,2024-02-03,2024-02-04,54259.6,108519.2,8757.64,0.0,117821.88,204040.4,16323.23,361722.82,8142.12,24867.71,0.0,0.0,0.0,145.0,2284338.5920679998,1142169.2960339999,Packaging machine,Shanghai
IMP-2023-0327,SUP-1008,SKU-130,8462910100,8462910100,Hydraulic Press HP-130,East China,Manzanillo,2023-09-13,2023-11-22,2023-12-24,2023-12-24,2024-01-02,2024-01-04,81619.01,326476.04,8007.66,0.0,336358.88,567491.25,45399.3,1006048.48,4599.21,53072.5,0.0,0.0,0.0,113.0,6313837.452919999,1578459.3632299998,Hydraulic press,Wenzhou
IMP-2023-0328,SUP-1007,SKU-115,8477100100,8477100100,Injection Moulding Machine IMM-115,East China,Manzanillo,2023-09-14,2023-12-02,2024-01-04,2024-01-07,2024-01-10,2024-01-11,40803.98,81607.96,7560.75,417.33,89586.04,155142.42,12411.39,275036.48,9170.12,32120.05,0.0,0.0,3.0,119.0,1760268.144908,880134.072454,Injection moulding machine,Ningbo-Zhoushan
IMP-2023-0329,SUP-1006,SKU-101,8457100100,8457100100,CNC Vertical Machining Centre VMC-101,East China,Lázaro Cárdenas,2023-09-14,2023-11-12,2023-12-12,2023-12-30,2024-01-03,2024-01-06,165385.27,496155.81,7688.9,2374.63,506219.34,854073.02,68325.84,1514100.65,9035.47,68955.22,0.0,0.0,18.0,114.0,9541119.766744,3180373.255581334,CNC machining centre,Ningbo-Zhoushan
IMP-2023-0330,SUP-1014,SKU-118,8477100100,8477100100,Injection Moulding Machine IMM-118,East China,Manzanillo,2023-09-14,2023-12-06,2024-01-11,2024-01-11,2024-01-14,2024-01-18,27756.73,27756.73,8531.43,129.75,36417.91,63067.44,5045.4,111805.96,8354.23,26098.91,0.0,0.0,0.0,126.0,733240.420007,733240.420007,Injection moulding machine,Nantong
IMP-2023-0331,SUP-1001,SKU-105,8457100100,8457100100,CNC Vertical Machining Centre VMC-105,South China,Lázaro Cárdenas,2023-09-15,2023-11-22,2023-12-24,2024-01-19,2024-01-22,2024-01-26,166149.68,166149.68,7553.28,0.0,174336.12,301910.06,24152.81,535226.16,4205.71,40840.79,9692.05,0.0,26.0,133.0,3388937.1703919997,3388937.1703919997,CNC machining centre,Yantian
IMP-2023-0332,SUP-1007,SKU-132,8462910100,8462910100,Hydraulic Press HP-132,East China,Manzanillo,2023-09-15,2023-12-28,2024-01-26,2024-01-26,2024-02-01,2024-02-04,30213.74,60427.48,8418.7,0.0,69090.21,119648.35,9571.87,212112.6,7620.71,27268.3,0.0,0.0,0.0,142.0,1356366.721386,678183.360693,Hydraulic press,Ningbo-Zhoushan
IMP-2023-0333,SUP-1002,SKU-107,8458110100,8458110100,CNC Turning Centre TC-107,South China,Manzanillo,2023-09-15,2023-11-04,2023-12-01,2023-12-03,2023-12-05,2023-12-09,45032.24,135096.72,5579.08,0.0,141230.75,238278.87,19062.31,422420.78,4660.52,44624.45,0.0,0.0,2.0,85.0,2680051.9772799998,893350.6590933333,CNC lathe,Shekou
IMP-2023-0334,SUP-1014,SKU-120,8479500100,8479500100,6-Axis Industrial Robot IR-120,East China,Lázaro Cárdenas,2023-09-16,2023-12-25,2024-01-23,2024-01-23,2024-01-26,2024-01-28,62778.39,125556.78,6334.22,432.86,132323.86,114577.25,18332.36,387912.72,6368.76,42989.21,0.0,0.0,0.0,134.0,2473812.4903219994,1236906.2451609997,Industrial robot,Nantong
IMP-2023-0335,SUP-1005,SKU-138,8428330100,8428330100,Modular Belt Conveyor CV-138,South China,Manzanillo,2023-09-16,2023-12-07,2024-01-05,2024-01-05,2024-01-09,2024-01-13,12009.95,12009.95,7210.77,69.13,19289.85,33405.58,2672.45,59221.42,4764.69,19025.16,0.0,0.0,0.0,119.0,393923.71534500003,393923.71534500003,Conveyor system,Shekou
IMP-2023-0336,SUP-1013,SKU-117,8477100100,8477100100,Injection Moulding Machine IMM-117,East China,Manzanillo,2023-09-16,2023-12-07,2024-01-03,2024-01-03,2024-01-07,2024-01-12,33512.15,33512.15,6834.35,0.0,40509.86,70153.76,5612.3,124368.59,4974.17,24927.41,0.0,0.0,0.0,118.0,804376.2230499999,804376.2230499999,Injection moulding machine,Shanghai
IMP-2023-0337,SUP-1014,SKU-104,8457100100,8457100100,CNC Vertical Machining Centre VMC-104,East China,Manzanillo,2023-09-19,2023-12-15,2024-01-22,2024-01-22,2024-01-26,2024-01-29,148991.22,446973.66,7056.78,1522.1,455552.54,788912.22,63112.98,1398583.59,6373.03,38087.23,0.0,0.0,0.0,132.0,8785607.681958,2928535.8939859997,CNC machining centre,Nantong
IMP-2023-0338,SUP-1011,SKU-127,8422309900,8422309900,Automatic Filling & Sealing Line PFS-127,East China,Manzanillo,2023-09-20,2023-12-14,2024-01-20,2024-01-20,2024-01-23,2024-01-24,54317.21,54317.21,5707.15,287.11,60311.47,104445.59,8355.65,185161.15,5494.08,19880.72,0.0,0.0,0.0,126.0,1182631.9840189999,1182631.9840189999,Packaging machine,Shanghai
IMP-2023-0339,SUP-1014,SKU-122,8414809900,8414809900,Screw Air Compressor SAC-122,East China,Manzanillo,2023-09-20,2023-12-22,2024-01-22,2024-01-22,2024-01-31,2024-02-03,25371.97,101487.88,5989.17,438.43,107915.48,280327.19,14950.78,346260.14,4100.88,46645.12,0.0,0.0,0.0,136.0,2214871.877996,553717.969499,Air compressor,Nantong
IMP-2023-0340,SUP-1011,SKU-115,8477100100,8477100100,Injection Moulding Machine IMM-115,East China,Veracruz,2023-09-20,2023-11-29,2024-01-06,2024-01-06,2024-01-15,2024-01-16,40250.52,40250.52,0.0,225.13,40475.65,70094.52,5607.56,124263.56,6892.85,62643.36,0.0,0.0,0.0,118.0,846183.4540049998,846183.4540049998,Injection moulding machine,Shanghai
IMP-2023-0341,SUP-1002,SKU-125,8414809900,8414809900,Screw Air Compressor SAC-125,South China,Manzanillo,2023-09-20,2023-12-07,2024-01-03,2024-01-03,2024-01-05,2024-01-08,14031.73,84190.38,0.0,372.64,84563.02,219665.55,11715.5,271330.89,5762.41,55945.76,0.0,0.0,0.0,110.0,1757526.2314539999,292921.03857566667,Air compressor,Shekou
IMP-2023-0342,SUP-1002,SKU-102,8457100100,8457100100,CNC Vertical Machining Centre VMC-102,South China,Lázaro Cárdenas,2023-09-20,2023-12-01,,2023-12-29,2024-01-04,2024-01-05,102723.29,410893.16,5858.58,0.0,416751.74,703126.87,56250.15,1246503.31,4605.02,55388.48,0.0,0.0,,107.0,7850639.176584,1962659.794146,CNC machining centre,Shekou
IMP-2023-0343,SUP-1005,SKU-138,8428330100,8428330100,Modular Belt Conveyor CV-138,South China,Manzanillo,2023-09-21,2023-12-15,2024-01-13,2024-01-25,2024-01-29,2024-01-31,12103.0,12103.0,5374.4,62.47,17539.87,30375.02,2430.0,53848.84,4288.55,24946.6,0.0,0.0,12.0,132.0,365790.376699,365790.376699,Conveyor system,Shekou
IMP-2023-0344,SUP-1004,SKU-115,8477100100,8477100100,Injection Moulding Machine IMM-115,South China,Manzanillo,2023-09-23,2023-12-04,2024-01-08,2024-01-13,2024-01-18,2024-01-21,43186.06,86372.12,8803.5,382.77,95558.39,165485.15,13238.81,293372.08,5683.78,27805.99,0.0,0.0,5.0,120.0,1867065.2605029999,933532.6302514999,Injection moulding machine,Yantian
IMP-2023-0345,SUP-1014,SKU-134,8480710100,8480710100,Precision Injection Mould MD-134,East China,Manzanillo,2023-09-23,2023-12-01,2023-12-28,2023-12-28,2024-01-01,2024-01-02,7351.39,7351.39,5286.19,0.0,12670.92,10688.93,1710.23,36188.46,5959.91,20046.68,0.0,0.0,0.0,101.0,251621.944728,251621.944728,Mould and die,Nantong
IMP-2023-0346,SUP-1011,SKU-115,8477100100,8477100100,Injection Moulding Machine IMM-115,East China,Veracruz,2023-09-23,2023-12-22,2024-01-28,2024-02-23,2024-02-25,2024-02-29,42629.91,42629.91,8751.03,210.47,51591.41,90161.15,7212.89,159837.68,7515.74,47986.01,0.0,0.0,26.0,159.0,1054487.27116,1054487.27116,Injection moulding machine,Shanghai
IMP-2023-0347,SUP-1011,SKU-127,8422309900,8422309900,Automatic Filling & Sealing Line PFS-127,East China,Manzanillo,2023-09-24,2023-12-31,2024-02-01,2024-02-01,2024-02-07,2024-02-10,52075.31,156225.93,8629.75,0.0,164855.68,288101.79,23048.14,510746.85,5387.86,36060.93,0.0,0.0,0.0,139.0,3233616.58368,1077872.19456,Packaging machine,Shanghai
IMP-2023-0348,SUP-1001,SKU-139,8428330100,8428330100,Modular Belt Conveyor CV-139,South China,Manzanillo,2023-09-25,2023-11-14,2023-12-15,2023-12-17,2023-12-17,2023-12-21,22282.1,22282.1,0.0,95.71,22377.81,37754.95,3020.4,66931.97,9152.51,21412.26,0.0,0.0,2.0,87.0,448889.57919599995,448889.57919599995,Conveyor system,Yantian
IMP-2023-0349,SUP-1013,SKU-137,8428330100,8428330100,Modular Belt Conveyor CV-137,East China,Lázaro Cárdenas,2023-09-25,2023-11-19,2023-12-20,2023-12-20,2023-12-26,2023-12-30,31834.13,63668.26,9095.34,0.0,73015.72,123189.2,9855.14,218389.82,5658.81,44911.82,0.0,0.0,0.0,96.0,1411253.32376,705626.66188,Conveyor system,Shanghai
IMP-2023-0350,SUP-1009,SKU-131,8462910100,8462910100,Hydraulic Press HP-131,East China,Lázaro Cárdenas,2023-09-26,2023-12-29,2024-01-25,2024-01-25,2024-01-28,2024-02-01,71236.45,213709.35,8440.97,825.7,222976.02,386143.18,30891.45,684554.63,7212.81,64393.89,0.0,0.0,0.0,128.0,4350073.151554,1450024.3838513333,Hydraulic press,Ningbo-Zhoushan
IMP-2023-0351,SUP-1002,SKU-107,8458110100,8458110100,CNC Turning Centre TC-107,South China,"MANZANILLO, COL",2023-09-26,2023-11-14,2023-12-22,2023-12-27,2024-01-05,2024-01-08,43582.16,87164.32,6376.53,506.68,94047.53,158673.23,12693.86,281295.9,5808.0,27723.47,0.0,0.0,5.0,104.0,1791630.867148,895815.433574,CNC lathe,Shekou
IMP-2023-0352,SUP-1013,SKU-124,8414809900,8414809900,Screw Air Compressor SAC-124,East China,Manzanillo,2023-09-28,2023-12-18,2024-01-18,2024-01-18,2024-02-06,2024-02-08,7549.31,45295.86,9603.89,170.31,55070.06,143053.02,7629.49,176699.09,7653.44,47204.19,0.0,0.0,0.0,133.0,1159226.9180619998,193204.48634366665,Air compressor,Shanghai
IMP-2023-0353,SUP-1002,SKU-125,8414809900,8414809900,Screw Air Compressor SAC-125,South China,Manzanillo,2023-10-01,2023-12-09,2024-01-09,2024-01-09,2024-01-14,,14552.59,29105.18,9003.35,94.41,38202.94,99238.06,5292.7,122578.85,6023.0,30684.72,0.0,0.0,0.0,,802825.5340379999,401412.76701899996,Air compressor,Shekou
IMP-2023-0354,SUP-1008,SKU-112,8456110100,8456110100,Fibre Laser Cutting Machine FL-112,East China,Lázaro Cárdenas,2023-10-02,2023-12-03,2023-12-29,2023-12-29,2024-01-03,2024-01-05,69246.17,69246.17,5583.12,0.0,75220.79,126909.51,10152.76,224985.18,6602.49,30041.64,0.0,0.0,0.0,95.0,1436196.249164,1436196.249164,Laser cutting machine,Wenzhou
IMP-2023-0355,SUP-1007,SKU-133,8462910100,8462910100,Hydraulic Press HP-133,East China,Manzanillo,2023-10-03,2023-12-15,2024-01-12,2024-01-12,2024-01-15,2024-01-17,30915.76,123663.04,7884.59,0.0,132171.05,228889.86,18311.19,405775.94,3754.97,48094.13,0.0,0.0,0.0,106.0,2577152.5420509996,644288.1355127499,Hydraulic press,Ningbo-Zhoushan
IMP-2023-0356,SUP-1003,SKU-141,8515310100,8515310100,Inverter Arc Welding Power Source AW-141,South China,Lázaro Cárdenas,2023-10-03,2023-11-30,2024-01-04,2024-01-04,2024-01-11,2024-01-14,28499.62,113998.48,9458.52,666.48,124123.48,322429.98,17196.27,398265.51,7031.51,77486.42,0.0,0.0,0.0,103.0,2573677.369596,643419.342399,Arc welding machine,Nansha
IMP-2023-0357,SUP-1003,SKU-133,8462910100,8462910100,Hydraulic Press HP-133,South China,Manzanillo,2023-10-03,2023-12-10,2024-01-17,2024-01-22,2024-02-11,2024-02-13,98010.33,196020.66,8938.17,701.69,205660.52,356156.72,28492.54,631394.63,5585.15,32145.65,0.0,5644.93,5.0,133.0,3989592.177204,1994796.088602,Hydraulic press,Nansha
IMP-2023-0358,SUP-1013,SKU-109,8458110100,8458110100,CNC Turning Centre TC-109,East China,manzanillo,2023-10-03,2023-11-20,2023-12-20,2023-12-19,2023-12-26,2023-12-28,81854.39,81854.39,7533.27,0.0,89712.61,151359.53,12108.76,268330.17,5585.73,19701.94,0.0,0.0,-1.0,86.0,1696868.804456,1696868.804456,CNC lathe,Shanghai
IMP-2023-0359,SUP-1011,SKU-135,8480710100,8480710100,Precision Injection Mould MD-135,East China,Manzanillo,2023-10-04,2023-11-20,2023-12-17,2023-12-17,2024-01-02,2024-01-03,3981.69,3981.69,6042.98,14.88,10039.55,8469.16,1355.07,28673.2,8908.03,24606.33,0.0,0.0,0.0,91.0,212721.86178,212721.86178,Mould and die,Shanghai
IMP-2023-0360,SUP-1099,SKU-118,8477100100,8477100100,Injection Moulding Machine IMM-118,,Manzanillo,2023-10-04,2024-01-01,2024-02-06,2024-02-06,2024-02-13,2024-02-17,28429.94,56859.88,0.0,192.86,66449.56,116127.25,9290.18,205870.39,8828.48,30381.76,0.0,0.0,0.0,136.0,1161681.3542399998,580840.6771199999,Injection moulding machine,Nantong
IMP-2023-0361,SUP-1014,SKU-122,8414809900,8414809900,Screw Air Compressor SAC-122,East China,Manzanillo,2023-10-04,2023-12-25,2024-01-27,2024-01-27,2024-01-31,2024-02-02,24745.81,49491.62,7927.99,176.99,57596.6,149616.1,7979.53,184805.8,8976.18,31212.69,0.0,0.0,0.0,121.0,1195225.13982,597612.56991,Air compressor,Nantong
IMP-2023-0362,SUP-1012,SKU-108,8458110100,8458110100,CNC Turning Centre TC-108,East China,Manzanillo,2023-10-06,2023-11-24,2023-12-30,2023-12-30,2024-01-05,2024-01-08,111723.34,111723.34,7152.99,0.0,119308.04,201291.75,16103.34,356850.02,5061.02,24769.1,0.0,0.0,0.0,94.0,2252859.0992280003,2252859.0992280003,CNC lathe,Shanghai
IMP-2023-0363,SUP-1002,SKU-107,8458110100,8458110100,CNC Turning Centre TC-107,South China,Manzanillo,2023-10-06,2023-11-23,2023-12-27,2023-12-27,2024-01-04,2024-01-05,42895.34,42895.34,0.0,145.95,43041.29,72617.54,5809.4,128736.38,6908.9,23271.92,0.0,0.0,0.0,91.0,834783.188364,834783.188364,CNC lathe,Shekou
IMP-2023-0364,SUP-1013,SKU-137,8428330100,8428330100,Modular Belt Conveyor CV-137,East China,Manzanillo,2023-10-08,2023-11-12,2023-12-20,2024-01-23,2024-01-25,2024-01-28,31765.8,95297.4,5862.25,0.0,101635.33,176009.02,14080.72,312028.78,4374.78,44100.39,0.0,0.0,34.0,112.0,1990417.3808049997,663472.4602683332,Conveyor system,Shanghai
IMP-2023-0365,SUP-1011,SKU-136,8480710100,8480710100,Precision Injection Mould MD-136,East China,Manzanillo,2023-10-10,2023-12-01,2023-12-31,2024-01-26,2024-02-13,2024-02-15,19216.98,19216.98,0.0,107.06,25131.51,21761.0,3481.76,73674.03,6330.82,24534.49,28383.53,7310.15,26.0,128.0,426449.677508,426449.677508,Mould and die,Shanghai
IMP-2023-0366,SUP-1013,SKU-137,8428330100,8428330100,Modular Belt Conveyor CV-137,East China,Manzanillo,2023-10-10,2023-11-10,2023-12-09,2023-12-09,2023-12-17,2023-12-20,31927.73,63855.46,6644.39,255.44,70755.29,119375.5,9550.04,211628.88,3664.57,26599.46,0.0,0.0,0.0,71.0,1352944.5207640002,676472.2603820001,Conveyor system,Shanghai
IMP-2023-0367,SUP-1014,SKU-122,8414809900,8414809900,Screw Air Compressor SAC-122,East China,Manzanillo,2023-10-15,2024-01-08,2024-02-07,2024-02-07,2024-02-16,2024-02-19,24568.09,24568.09,0.0,0.0,32185.9,84372.12,4499.85,104216.44,6470.88,18100.44,0.0,0.0,0.0,127.0,542795.23084,542795.23084,Air compressor,Nantong
IMP-2023-0368,SUP-1011,SKU-112,8456110100,8456110100,Fibre Laser Cutting Machine FL-112,East China,Lázaro Cárdenas,2023-10-17,2023-12-20,2024-01-18,2024-01-18,2024-01-26,2024-01-30,66589.5,199768.5,7300.23,1111.81,208180.54,360520.81,28841.67,639131.3,5911.19,58623.78,0.0,0.0,0.0,105.0,4059105.5875579994,1353035.1958526664,Laser cutting machine,Shanghai
IMP-2023-0369,SUP-1011,SKU-136,8480710100,8480710100,Precision Injection Mould MD-136,East China,Lázaro Cárdenas,2023-10-17,2023-12-09,2024-01-08,2024-01-08,2024-01-25,2024-01-27,20040.83,60122.49,0.0,327.4,60449.89,52342.65,8374.82,177211.29,5830.55,68994.36,0.0,0.0,0.0,102.0,1182395.4400529999,394131.81335099996,Mould and die,Shanghai
IMP-2023-0370,SUP-1008,SKU-111,8456110100,8456110100,Fibre Laser Cutting Machine FL-111,East China,Manzanillo,2023-10-18,2023-11-24,2023-12-24,2023-12-26,2024-01-03,2024-01-05,42314.74,84629.48,5429.53,473.65,90532.66,152743.08,12219.45,270782.94,4533.59,23242.77,0.0,0.0,2.0,79.0,1720169.7164559998,860084.8582279999,Laser cutting machine,Wenzhou
IMP-2023-0371,SUP-1001,SKU-121,8479500100,8479500100,6-Axis Industrial Robot IR-121,South China,Manzanillo,2023-10-18,2024-01-08,2024-02-08,2024-03-05,2024-03-14,2024-03-16,66814.95,133629.9,6156.15,0.0,140446.27,124051.27,19848.2,419988.0,7837.35,29472.02,0.0,0.0,26.0,150.0,2650571.3490649993,1325285.6745324996,Industrial robot,Yantian
IMP-2023-0372,SUP-1005,SKU-138,8428330100,8428330100,Modular Belt Conveyor CV-138,South China,Manzanillo,2023-10-18,2023-12-30,2024-02-03,2024-02-03,2024-02-20,2024-02-24,11644.19,34932.57,7721.97,204.57,42859.11,74900.58,5992.05,132783.75,5499.38,44052.1,0.0,0.0,0.0,129.0,879449.9163599999,293149.97212,Conveyor system,Shekou
IMP-2023-0373,SUP-1003,SKU-113,8456110100,8456110100,Fibre Laser Cutting Machine FL-113,South China,Manzanillo,2023-10-18,2024-01-19,2024-02-20,2024-02-20,2024-02-25,2024-02-26,60799.43,60799.43,7131.38,0.0,68214.11,119210.98,9536.88,211337.22,8548.3,26184.85,0.0,0.0,0.0,131.0,1350639.8455599998,1350639.8455599998,Laser cutting machine,Nansha
IMP-2023-0374,SUP-1099,SKU-126,8422309900,8422309900,Automatic Filling & Sealing Line PFS-126,,Manzanillo,2023-10-19,2024-01-15,2024-02-13,2024-02-13,2024-02-22,2024-02-25,31991.6,127966.4,8109.62,0.0,136679.5,238861.09,19108.89,423452.95,5333.59,54469.7,0.0,0.0,0.0,129.0,2695837.7955199997,673959.4488799999,Packaging machine,Shanghai
IMP-2023-0375,SUP-1011,SKU-135,8480710100,8480710100,Precision Injection Mould MD-135,East China,Manzanillo,2023-10-19,2023-12-06,2024-01-04,2024-01-04,2024-01-10,2024-01-14,4369.63,8739.26,0.0,0.0,17788.78,15403.04,2464.49,52148.52,8928.88,31497.72,0.0,0.0,0.0,87.0,209638.012902,104819.006451,Mould and die,Shanghai
IMP-2023-0376,SUP-1011,SKU-135,8480710100,8480710100,Precision Injection Mould MD-135,East China,Manzanillo,2023-10-20,2023-12-09,2024-01-07,2024-01-19,2024-01-27,2024-01-30,4176.88,12530.64,7193.01,0.0,19796.35,17141.36,2742.62,58033.8,3896.71,40749.38,28155.7,0.0,12.0,102.0,434254.023605,144751.34120166666,Mould and die,Shanghai
IMP-2023-0377,SUP-1011,SKU-115,8477100100,8477100100,Injection Moulding Machine IMM-115,East China,Manzanillo,2023-10-22,2023-12-19,2024-01-24,2024-01-24,2024-01-29,2024-01-31,40535.89,81071.78,0.0,272.83,81344.61,140870.16,11269.61,249734.61,3514.01,34686.82,0.0,0.0,0.0,101.0,1599042.152597,799521.0762985,Injection moulding machine,Shanghai
IMP-2023-0378,SUP-1010,SKU-101,8457100100,8457100100,CNC Vertical Machining Centre VMC-101,East China,Manzanillo,2023-10-22,2023-11-29,2024-01-04,2024-01-12,2024-01-16,2024-01-15,166599.93,166599.93,0.0,575.47,167175.4,289509.34,23160.75,513242.16,4783.11,21022.59,0.0,0.0,,,3233569.21458,3233569.21458,CNC machining centre,Taizhou
IMP-2023-0379,SUP-1003,SKU-113,8456110100,8456110100,Fibre Laser Cutting Machine FL-113,South China,Manzanillo,2023-10-24,2024-01-15,2024-02-17,2024-02-17,2024-03-03,2024-03-04,59888.76,359332.56,9161.84,0.0,369673.0,646040.53,51683.24,1145300.66,7854.07,64541.99,0.0,0.0,0.0,132.0,7209927.9644,1201654.6607333333,Laser cutting machine,Nansha
IMP-2023-0380,SUP-1007,SKU-128,8422309900,8422309900,Automatic Filling & Sealing Line PFS-128,East China,Lázaro Cárdenas,2023-10-25,2024-01-10,2024-02-13,2024-02-13,2024-02-18,2024-02-21,51169.55,51169.55,6599.03,0.0,58045.89,101441.0,8115.28,179834.6,6318.27,37162.27,0.0,0.0,0.0,119.0,1162600.52408,1162600.52408,Packaging machine,Ningbo-Zhoushan
IMP-2023-0381,SUP-1008,SKU-119,8479500100,8479500100,6-Axis Industrial Robot IR-119,East China,Manzanillo,2023-10-26,2024-01-03,2024-02-08,2024-02-08,2024-02-16,2024-02-18,50635.43,202541.72,7068.21,0.0,210752.11,184155.19,29464.83,623475.82,5184.81,48461.93,0.0,0.0,0.0,115.0,3930409.8966799993,982602.4741699998,Industrial robot,Wenzhou
IMP-2023-0382,SUP-1014,SKU-116,8477100100,8477100100,Injection Moulding Machine IMM-116,East China,Manzanillo,2023-10-27,2024-01-15,2024-02-18,2024-02-18,2024-02-24,2024-02-25,83054.91,166109.82,7639.8,710.97,174460.59,304887.33,24390.99,540504.25,3852.12,25233.57,0.0,0.0,0.0,121.0,3407237.28084,1703618.64042,Injection moulding machine,Nantong
IMP-2023-0383,SUP-1009,SKU-131,8462910100,8462910100,Hydraulic Press HP-131,East China,Manzanillo,2023-10-27,2024-01-01,2024-02-07,2024-02-07,2024-02-10,2024-02-12,73143.09,73143.09,5952.54,0.0,79426.68,138806.07,11104.49,246075.39,7532.32,20124.56,0.0,0.0,0.0,108.0,1559842.6698799997,1559842.6698799997,Hydraulic press,Ningbo-Zhoushan
IMP-2023-0384,SUP-1003,SKU-106,8458110100,8458110100,CNC Turning Centre TC-106,South China,"Manzanillo, Colima",2023-11-01,2024-01-13,2024-02-12,2024-02-12,2024-02-16,2024-02-19,86400.34,172800.68,0.0,0.0,173684.1,303530.33,24282.43,538098.57,7092.72,34696.72,0.0,0.0,0.0,110.0,3389466.88368,1694733.44184,CNC lathe,Nansha
IMP-2023-0385,SUP-1004,SKU-122,8414809900,8414809900,Screw Air Compressor SAC-122,South China,Manzanillo,2023-11-02,2024-02-03,2024-03-08,2024-03-08,2024-03-21,2024-03-25,25228.81,25228.81,6820.32,81.76,32130.89,85140.27,4540.81,105165.26,3607.71,21908.94,0.0,7216.23,0.0,144.0,690015.7711169999,690015.7711169999,Air compressor,Yantian
IMP-2023-0386,SUP-1009,SKU-131,8462910100,8462910100,Hydraulic Press HP-131,East China,Manzanillo,2023-11-02,2024-01-16,2024-02-17,2024-02-25,2024-03-04,2024-03-05,77626.97,155253.94,0.0,637.2,155891.14,272435.36,21794.83,482973.4,8578.55,31096.84,0.0,0.0,8.0,124.0,3058259.14264,1529129.57132,Hydraulic press,Ningbo-Zhoushan
IMP-2023-0387,SUP-1003,SKU-123,8414809900,8414809900,Screw Air Compressor SAC-123,South China,Veracruz,2023-11-03,2024-01-24,2024-03-01,2024-03-06,,2024-03-15,18870.99,56612.97,0.0,0.0,66951.49,177407.72,9461.75,219134.02,9108.43,94215.08,0.0,0.0,5.0,133.0,1290278.078941,430092.6929803333,Air compressor,Nansha
IMP-2023-0388,SUP-1003,SKU-134,8480710100,8480710100,Precision Injection Mould MD-134,South China,Veracruz,2023-11-03,2023-12-16,2024-01-28,2024-02-09,2024-02-17,,7450.65,22351.95,9472.56,0.0,31909.37,27882.41,4461.19,94398.68,7538.82,92095.67,0.0,0.0,12.0,,688143.22676,229381.07558666667,Mould and die,Nansha
IMP-2023-0389,SUP-1012,SKU-133,8462910100,8462910100,Hydraulic Press HP-133,East China,Veracruz,2023-11-03,2024-01-19,2024-02-29,2024-02-29,2024-03-05,2024-03-09,95320.01,95320.01,0.0,0.0,95708.73,167260.58,13380.85,296519.55,7715.3,65846.88,0.0,0.0,0.0,127.0,1920016.10476,1920016.10476,Hydraulic press,Shanghai
IMP-2023-0390,SUP-1011,SKU-135,8480710100,8480710100,Precision Injection Mould MD-135,East China,Manzanillo,2023-11-04,2024-01-08,2024-02-09,2024-02-09,2024-02-17,2024-02-18,4051.87,8103.74,0.0,44.13,8147.87,7119.61,1139.14,24104.15,5948.73,33309.71,0.0,0.0,0.0,106.0,189909.36612,94954.68306,Mould and die,Shanghai
IMP-2023-0391,SUP-1001,SKU-114,8477100100,8477100100,Injection Moulding Machine IMM-114,South China,Manzanillo,2023-11-04,2024-01-28,2024-03-02,2024-03-20,2024-04-02,2024-04-04,69363.94,69363.94,7038.41,0.0,76402.35,134967.04,10797.36,239269.57,8342.09,23248.63,0.0,0.0,18.0,152.0,1527025.553455,1527025.553455,Injection moulding machine,Yantian
IMP-2023-0392,SUP-1003,SKU-113,8456110100,8456110100,Fibre Laser Cutting Machine FL-113,South China,Lázaro Cárdenas,2023-11-05,2024-02-04,2024-03-02,2024-03-02,2024-03-19,2024-03-22,62525.23,62525.23,0.0,0.0,62846.48,111020.19,8881.62,196816.6,7770.48,28304.54,0.0,0.0,0.0,138.0,1260503.7755190001,1260503.7755190001,Laser cutting machine,Nansha
IMP-2023-0393,SUP-1006,SKU-101,8457100100,8457100100,CNC Vertical Machining Centre VMC-101,East China,Manzanillo,2023-11-05,2023-12-29,2024-01-25,2024-02-28,2024-03-05,2024-03-07,167264.28,334528.56,6113.85,1219.06,341861.47,597437.1,47794.97,1059136.5,7021.09,31208.36,0.0,0.0,34.0,123.0,6657832.569719999,3328916.2848599995,CNC machining centre,Ningbo-Zhoushan
IMP-2023-0394,SUP-1007,SKU-129,8422309900,8422309900,Automatic Filling & Sealing Line PFS-129,East China,Manzanillo,2023-11-05,2024-01-17,2024-02-24,2024-03-21,2024-03-29,2024-04-01,41086.46,41086.46,0.0,174.98,41261.44,72889.57,5831.17,129218.63,8361.98,19430.49,22991.59,0.0,26.0,148.0,858400.5160320001,858400.5160320001,Packaging machine,Ningbo-Zhoushan
IMP-2023-0395,SUP-1014,SKU-131,8462910100,8462910100,Hydraulic Press HP-131,East China,Lázaro Cárdenas,2023-11-05,2024-01-18,2024-02-16,2024-02-16,,2024-02-26,80089.87,160179.74,6526.8,683.48,167390.02,292530.8,23402.46,518598.6,7726.53,54012.06,0.0,0.0,0.0,113.0,3302979.83952,1651489.91976,Hydraulic press,Nantong
IMP-2023-0396,SUP-1003,SKU-113,8456110100,8456110100,Fibre Laser Cutting Machine FL-113,South China,Manzanillo,2023-11-06,2024-02-01,2024-03-01,2024-03-01,2024-03-10,2024-03-12,60041.08,60041.08,0.0,0.0,60248.13,106430.13,8514.41,188679.33,4338.73,22105.79,0.0,0.0,0.0,127.0,1202032.750524,1202032.750524,Laser cutting machine,Nansha
IMP-2023-0397,SUP-1002,SKU-106,8458110100,8458110100,CNC Turning Centre TC-106,South China,Manzanillo,2023-11-06,2024-01-30,2024-03-06,2024-03-14,2024-03-22,2024-03-26,90793.08,90793.08,0.0,0.0,91090.16,160913.5,12873.08,285267.45,5683.63,26935.84,0.0,0.0,8.0,141.0,1810293.0461239999,1810293.0461239999,CNC lathe,Shekou
IMP-2023-0398,SUP-1004,SKU-106,8458110100,8458110100,CNC Turning Centre TC-106,South China,Manzanillo,2023-11-07,2024-01-28,2024-02-25,2024-03-14,2024-03-23,2024-03-27,87601.11,175202.22,0.0,0.0,175844.27,310634.18,24850.73,550692.27,9064.93,26318.16,14904.09,0.0,18.0,141.0,3480771.866966,1740385.933483,CNC lathe,Yantian
IMP-2023-0399,SUP-1013,SKU-117,8477100100,8477100100,Injection Moulding Machine IMM-117,East China,Manzanillo,2023-11-07,2024-01-09,2024-02-15,2024-02-18,2024-02-25,2024-02-28,31857.43,31857.43,6638.57,0.0,38624.34,67499.9,5399.99,119663.82,4849.81,22565.94,0.0,0.0,3.0,113.0,773071.736,773071.736,Injection moulding machine,Shanghai
IMP-2023-0400,SUP-1009,SKU-131,8462910100,8462910100,Hydraulic Press HP-131,East China,Manzanillo,2023-11-08,2024-01-14,2024-02-14,2024-02-14,2024-02-20,2024-02-23,71624.42,143248.84,8725.75,771.84,152746.43,266939.66,21355.17,473230.63,7638.2,35607.42,0.0,0.0,0.0,107.0,3000937.06068,1500468.53034,Hydraulic press,Ningbo-Zhoushan
IMP-2023-0401,SUP-1001,SKU-114,8477100100,8477100100,Injection Moulding Machine IMM-114,South China,Lázaro Cárdenas,2023-11-08,2024-02-13,2024-03-09,2024-03-09,2024-03-11,2024-03-12,68806.26,68806.26,0.0,330.33,77905.61,137622.6,11009.81,243977.34,6799.01,28388.46,0.0,0.0,0.0,125.0,1405138.483327,1405138.483327,Injection moulding machine,Yantian
IMP-2023-0402,SUP-1002,SKU-102,8515310100,8457100100,CNC Vertical Machining Centre VMC-102,South China,Veracruz,2023-11-08,2024-01-01,2024-02-14,2024-02-14,2024-02-17,2024-02-20,91269.08,547614.48,10909.92,0.0,561083.35,980549.26,78443.94,1738317.73,8599.68,163766.68,0.0,0.0,0.0,104.0,10992131.9744,1832021.9957333335,CNC machining centre,Shekou
IMP-2023-0403,SUP-1008,SKU-110,8456110100,8456110100,Fibre Laser Cutting Machine FL-110,East China,Manzanillo,2023-11-09,2024-01-10,2024-02-14,2024-02-19,2024-02-22,2024-02-23,20072.3,60216.9,5821.16,326.35,66364.41,115978.44,9278.28,205606.58,4942.87,45365.68,0.0,0.0,5.0,106.0,1335349.69916,445116.5663866667,Laser cutting machine,Wenzhou
IMP-2023-0404,SUP-1007,SKU-129,8422309900,8422309900,Automatic Filling & Sealing Line PFS-129,East China,Manzanillo,2023-11-09,2024-01-28,2024-03-04,2024-03-07,2024-03-23,,41002.96,123008.88,0.0,0.0,123608.29,218357.75,17468.62,387104.62,3807.69,44263.82,0.0,11106.6,3.0,,2467993.247864,822664.4159546667,Packaging machine,Ningbo-Zhoushan
IMP-2023-0405,SUP-1001,SKU-102,8457100100,8457100100,CNC Vertical Machining Centre VMC-102,South China,Manzanillo,2023-11-10,2024-01-06,2024-02-06,2024-02-06,2024-02-13,2024-02-14,98683.26,296049.78,9154.57,1656.91,306861.26,536270.74,42901.66,950700.76,6315.4,31848.52,0.0,0.0,0.0,96.0,5980043.69976,1993347.89992,CNC machining centre,Yantian
IMP-2023-0406,SUP-1007,SKU-141,8515310100,8515310100,Inverter Arc Welding Power Source AW-141,East China,Manzanillo,2023-11-10,2024-01-03,2024-02-06,2024-02-06,2024-02-11,2024-02-15,29268.91,117075.64,7406.08,420.78,124902.5,327419.41,17462.37,404428.46,8951.13,47869.79,0.0,0.0,0.0,97.0,2584498.79,646124.6975,Arc welding machine,Ningbo-Zhoushan
IMP-2023-0407,SUP-1002,SKU-107,8458110100,8458110100,CNC Turning Centre TC-107,South China,Veracruz,2023-11-09,2023-12-26,2024-01-30,2024-01-30,2024-02-19,2024-02-20,46446.74,92893.48,0.0,525.15,103583.86,179383.42,14350.67,318010.93,8426.03,60588.39,0.0,0.0,0.0,103.0,1880544.3187509996,940272.1593754998,CNC lathe,Shekou
IMP-2023-0408,SUP-1009,SKU-117,8477100100,8477100100,Injection Moulding Machine IMM-117,East China,Manzanillo,2023-11-10,2024-01-11,2024-02-17,2024-02-29,2024-03-05,2024-03-06,34249.3,205495.8,8873.0,0.0,215127.88,375957.48,30076.6,666497.43,8686.96,51750.51,0.0,0.0,12.0,117.0,4212780.698799999,702130.1164666666,Injection moulding machine,Ningbo-Zhoushan
IMP-2023-0409,SUP-1005,SKU-102,8457100100,8457100100,CNC Vertical Machining Centre VMC-102,South China,Manzanillo,2023-11-11,2024-01-02,2024-02-01,2024-03-06,2024-03-12,2024-03-16,97721.88,97721.88,6686.1,543.69,104951.67,185400.27,14832.02,328677.61,8294.39,19201.88,0.0,0.0,34.0,126.0,2081731.296051,2081731.296051,CNC machining centre,Shekou
IMP-2023-0410,SUP-1007,SKU-130,8462910100,8462910100,Hydraulic Press HP-130,East China,Manzanillo,2023-11-11,2024-01-08,2024-02-12,2024-02-12,2024-02-19,2024-02-21,84974.05,169948.1,8329.19,0.0,179096.54,312989.11,25039.13,554867.1,5062.28,32963.53,0.0,0.0,0.0,102.0,3491627.97004,1745813.98502,Hydraulic press,Ningbo-Zhoushan
IMP-2023-0411,SUP-1008,SKU-126,8422309900,8422309900,Automatic Filling & Sealing Line PFS-126,East China,Lázaro Cárdenas,2023-11-11,2024-02-02,2024-03-07,2024-03-07,2024-03-14,,31549.86,31549.86,6428.0,0.0,37977.86,67089.03,5367.12,118935.43,7076.44,34393.31,0.0,0.0,0.0,,784816.1902579999,784816.1902579999,Packaging machine,Wenzhou
IMP-2023-0412,SUP-1008,SKU-119,8479500100,8479500100,6-Axis Industrial Robot IR-119,East China,Lázaro Cárdenas,2023-11-13,2024-01-23,2024-02-24,2024-02-24,2024-02-26,2024-02-29,46043.32,46043.32,0.0,210.77,46254.09,40416.82,6466.69,136835.2,6650.31,37650.75,0.0,0.0,0.0,108.0,899521.04684,899521.04684,Industrial robot,Wenzhou
IMP-2023-0413,SUP-1001,SKU-121,8479500100,8479500100,6-Axis Industrial Robot IR-121,South China,Manzanillo,2023-11-13,2024-02-10,2024-03-17,2024-03-17,2024-03-31,2024-04-04,63906.66,63906.66,5766.78,211.29,69884.73,61726.74,9876.28,208982.04,3996.47,26297.36,0.0,0.0,0.0,143.0,1336431.570869,1336431.570869,Industrial robot,Yantian
IMP-2023-0414,SUP-1007,SKU-130,8462910100,8462910100,Hydraulic Press HP-130,East China,Manzanillo,2023-11-14,2024-01-21,2024-02-27,2024-02-27,2024-03-02,,81312.61,81312.61,0.0,304.81,81617.42,142634.6,11410.77,252862.62,3637.53,19480.8,0.0,0.0,0.0,,1603509.73192,1603509.73192,Hydraulic press,Ningbo-Zhoushan
IMP-2023-0415,SUP-1001,SKU-114,8477100100,8477100100,Injection Moulding Machine IMM-114,South China,Manzanillo,2023-11-14,2024-02-12,2024-03-14,2024-03-14,2024-03-16,2024-03-19,72057.34,216172.02,0.0,719.95,216891.97,383146.17,30651.69,679241.53,5020.26,36874.36,0.0,0.0,0.0,126.0,4287154.197641,1429051.3992136668,Injection moulding machine,Yantian
IMP-2023-0416,SUP-1001,SKU-117,8477100100,8477100100,Injection Moulding Machine IMM-117,South China,Manzanillo,2023-11-15,2024-01-17,,2024-02-14,2024-02-18,2024-02-20,32901.27,65802.54,5425.03,0.0,71596.15,125121.43,10009.71,221815.27,3836.52,30769.95,0.0,0.0,,97.0,1414510.6233199998,707255.3116599999,Injection moulding machine,Yantian
IMP-2023-0417,SUP-1010,SKU-134,8480710100,8480710100,Precision Injection Mould MD-134,East China,Manzanillo,2023-11-17,2024-01-10,2024-02-13,2024-02-13,,2024-02-18,7473.2,7473.2,6125.26,0.0,13638.28,11917.13,1906.74,40346.63,8170.68,24068.83,0.0,0.0,0.0,93.0,283710.06695999997,283710.06695999997,Mould and die,Taizhou
IMP-2023-0418,SUP-1001,SKU-101,8457100100,8457100100,CNC Vertical Machining Centre VMC-101,South China,Manzanillo,2023-11-18,2023-12-30,2024-01-27,2024-01-27,2024-02-04,2024-02-07,148128.01,888768.06,6814.64,0.0,899979.95,1558558.28,124684.66,2763012.12,4392.65,47016.52,0.0,0.0,0.0,81.0,17244084.63379,2874014.1056316667,CNC machining centre,Yantian
IMP-2023-0419,SUP-1005,SKU-121,8479500100,8479500100,6-Axis Industrial Robot IR-121,South China,Manzanillo,2023-11-21,2024-02-06,2024-03-09,2024-03-09,2024-03-15,2024-03-16,66807.74,133615.48,7196.66,0.0,140812.14,124374.43,19899.91,421082.09,4195.55,30196.38,0.0,0.0,0.0,116.0,2666154.966742,1333077.483371,Industrial robot,Shekou
IMP-2023-0420,SUP-1014,SKU-118,8477100100,8477100100,Injection Moulding Machine IMM-118,East China,Lázaro Cárdenas,2023-11-19,2024-02-08,2024-03-05,2024-03-05,2024-03-17,2024-03-21,27200.29,27200.29,6909.76,123.41,34233.46,60474.43,4837.95,107209.08,7990.53,36388.35,0.0,3151.55,0.0,123.0,717587.1509380001,717587.1509380001,Injection moulding machine,Nantong
IMP-2023-0421,SUP-1013,SKU-133,8462910100,8462910100,Hydraulic Press HP-133,East China,Lázaro Cárdenas,2023-11-20,2024-02-01,2024-03-03,2024-03-03,2024-03-08,2024-03-11,92515.83,92515.83,7510.94,0.0,100026.77,176700.29,14136.02,313254.27,5402.88,39485.43,0.0,0.0,0.0,112.0,2002727.520081,2002727.520081,Hydraulic press,Shanghai
IMP-2023-0422,SUP-1003,SKU-123,8414809900,8414809900,Screw Air Compressor SAC-123,South China,Manzanillo,2023-11-20,2024-02-05,2024-03-12,2024-03-12,2024-03-15,2024-03-16,19508.47,58525.41,9426.0,0.0,68171.55,180640.63,9634.17,223127.31,4482.4,35126.85,0.0,0.0,0.0,117.0,1430266.093073,476755.36435766664,Air compressor,Nansha
IMP-2023-0423,SUP-1007,SKU-129,8422309900,8422309900,Automatic Filling & Sealing Line PFS-129,East China,Lázaro Cárdenas,2023-11-20,2024-02-07,2024-03-05,2024-03-05,2024-03-10,2024-03-14,36362.44,72724.88,6318.71,0.0,79326.74,140133.07,11210.65,248427.9,5438.03,55053.83,0.0,0.0,0.0,115.0,1608164.310427,804082.1552135,Packaging machine,Ningbo-Zhoushan
IMP-2023-0424,SUP-1014,SKU-132,8462910100,8462910100,Hydraulic Press HP-132,East China,Manzanillo,2023-11-21,2024-02-18,2024-03-26,2024-04-29,2024-05-09,2024-05-09,28753.93,28753.93,5816.68,97.71,34668.32,62447.35,4995.79,110706.66,6479.38,20265.84,0.0,0.0,34.0,170.0,718661.8744959999,718661.8744959999,Hydraulic press,Nantong
IMP-2023-0425,SUP-1003,SKU-133,8462910100,8462910100,Hydraulic Press HP-133,South China,Manzanillo,2023-11-21,2024-01-19,2024-02-15,2024-02-15,2024-02-24,2024-02-27,95563.02,191126.04,5886.35,0.0,197803.87,345682.04,27654.56,612825.13,7867.72,27378.78,0.0,0.0,0.0,98.0,3851571.62764,1925785.81382,Hydraulic press,Nansha
IMP-2023-0426,SUP-1003,SKU-117,8477100100,8477100100,Injection Moulding Machine IMM-117,South China,Manzanillo,2023-11-22,2024-02-03,2024-03-07,2024-03-07,2024-03-16,2024-03-19,32814.99,65629.98,6505.29,0.0,72387.53,127874.74,10229.98,226696.35,7524.54,28877.83,0.0,0.0,0.0,118.0,1448798.2751309997,724399.1375654999,Injection moulding machine,Nansha
IMP-2023-0427,SUP-1008,SKU-126,8422309900,8422309900,Automatic Filling & Sealing Line PFS-126,East China,Lázaro Cárdenas,2023-11-22,2024-02-11,2024-03-14,2024-03-14,2024-03-21,,30213.85,30213.85,5309.5,0.0,35636.37,62952.72,5036.22,111602.58,7069.62,30977.33,0.0,0.0,0.0,,733566.5247549999,733566.5247549999,Packaging machine,Wenzhou
IMP-2023-0428,SUP-1011,SKU-136,8480710100,8480710100,Precision Injection Mould MD-136,East China,Lázaro Cárdenas,2023-11-23,2024-01-12,2024-02-12,2024-02-12,2024-02-20,2024-02-22,17821.12,17821.12,0.0,65.38,17886.5,15629.22,2500.68,52914.3,8829.57,34963.36,0.0,0.0,0.0,91.0,374507.304,374507.304,Mould and die,Shanghai
IMP-2023-0429,SUP-1013,SKU-117,8477100100,8477100100,Injection Moulding Machine IMM-117,East China,Manzanillo,2023-11-25,2024-01-27,2024-03-04,2024-03-04,2024-03-08,2024-03-11,34977.7,69955.4,6670.75,0.0,76921.88,135884.81,10870.78,240896.59,9020.15,29837.57,0.0,0.0,0.0,107.0,1539237.2375949998,769618.6187974999,Injection moulding machine,Shanghai
IMP-2023-0430,SUP-1013,SKU-109,8458110100,8458110100,CNC Turning Centre TC-109,East China,Manzanillo,2023-11-25,2024-01-01,2024-01-30,2024-02-01,2024-02-09,2024-02-10,84773.25,169546.5,0.0,828.18,170374.68,297746.79,23819.74,527845.51,8540.37,33018.45,0.0,0.0,2.0,77.0,3340593.25768,1670296.62884,CNC lathe,Shanghai
IMP-2023-0431,SUP-1013,SKU-109,8458110100,8458110100,CNC Turning Centre TC-109,East China,Manzanillo,2023-11-28,2024-01-11,2024-02-13,2024-02-13,2024-02-22,2024-02-25,76764.31,230292.93,0.0,0.0,231491.84,404555.14,32364.41,717195.35,7368.73,44154.68,0.0,0.0,0.0,89.0,4513042.2046799995,1504347.40156,CNC lathe,Shanghai
IMP-2023-0432,SUP-1009,SKU-103,8457100100,8457100100,CNC Vertical Machining Centre VMC-103,East China,Lázaro Cárdenas,2023-11-28,2024-02-02,2024-02-28,2024-02-28,2024-03-02,2024-03-03,158889.88,158889.88,7393.93,0.0,166772.46,291451.55,23316.12,516685.31,6698.57,30411.89,0.0,0.0,0.0,96.0,3257853.99356,3257853.99356,CNC machining centre,Ningbo-Zhoushan
IMP-2023-0433,SUP-1002,SKU-106,8458110100,8458110100,CNC Turning Centre TC-106,South China,Manzanillo,2023-12-03,2024-03-12,2024-04-12,2024-04-12,2024-04-19,2024-04-20,83504.3,334017.2,9963.5,1732.62,345713.32,622726.49,49818.12,1103969.52,7055.16,48080.05,0.0,0.0,0.0,139.0,6954944.710496,1738736.177624,CNC lathe,Shekou
IMP-2023-0434,SUP-1003,SKU-119,8479500100,8479500100,6-Axis Industrial Robot IR-119,South China,Manzanillo,2023-12-01,2024-03-02,2024-04-04,2024-04-04,2024-04-08,2024-04-10,50631.23,50631.23,5565.27,183.63,56380.13,50778.2,8124.51,171914.67,7254.04,24112.88,0.0,0.0,0.0,131.0,1105833.6356639997,1105833.6356639997,Industrial robot,Nansha
IMP-2023-0435,SUP-1002,SKU-125,8414809900,8414809900,Screw Air Compressor SAC-125,South China,Lázaro Cárdenas,2023-12-01,2024-02-20,2024-03-20,2024-03-20,2024-03-25,2024-03-26,14660.94,14660.94,7781.38,0.0,22486.48,59584.56,3177.84,73598.85,6806.69,37102.54,0.0,0.0,0.0,116.0,503121.94549599994,503121.94549599994,Air compressor,Shekou
IMP-2023-0436,SUP-1013,SKU-117,8477100100,8477100100,Injection Moulding Machine IMM-117,East China,Manzanillo,2023-12-01,2024-02-21,2024-03-22,2024-03-22,2024-03-28,,32498.18,32498.18,0.0,0.0,32663.45,57700.96,4616.08,102292.27,4693.37,23195.14,0.0,0.0,0.0,,664295.649154,664295.649154,Injection moulding machine,Shanghai
IMP-2023-0437,SUP-1010,SKU-110,8456110100,8456110100,Fibre Laser Cutting Machine FL-110,East China,Manzanillo,2023-12-01,2024-02-22,2024-03-24,2024-03-24,2024-04-01,2024-04-02,19363.85,19363.85,7068.05,0.0,26535.19,46875.21,3750.02,83100.37,5205.92,24297.42,0.0,0.0,0.0,123.0,547056.0130699999,547056.0130699999,Laser cutting machine,Taizhou
IMP-2023-0438,SUP-1012,SKU-108,8458110100,8458110100,CNC Turning Centre TC-108,East China,Manzanillo,2023-12-02,2024-02-01,2024-02-28,2024-03-17,2024-03-31,2024-04-02,115774.07,347322.21,6134.83,0.0,355231.79,627527.61,50202.21,1112480.95,5890.2,33423.61,23510.61,0.0,18.0,122.0,6984478.888712,2328159.6295706667,CNC lathe,Shanghai
IMP-2023-0439,SUP-1009,SKU-131,8462910100,8462910100,Hydraulic Press HP-131,East China,Lázaro Cárdenas,2023-12-02,2024-02-21,2024-03-19,2024-03-19,2024-04-10,2024-04-14,72620.61,435723.66,6221.68,1991.79,443937.13,784228.26,62738.26,1390279.86,5994.54,74351.53,0.0,0.0,0.0,134.0,8769595.172588998,1461599.1954314997,Hydraulic press,Ningbo-Zhoushan
IMP-2023-0440,SUP-1014,SKU-134,8480710100,8480710100,Precision Injection Mould MD-134,East China,Manzanillo,2023-12-02,2024-01-29,2024-02-25,2024-02-26,2024-03-04,2024-03-08,7070.04,7070.04,0.0,27.35,13206.32,11539.68,1846.35,39068.75,6743.74,21244.66,0.0,0.0,1.0,97.0,165408.41764,165408.41764,Mould and die,Nantong
IMP-2023-0441,SUP-1009,SKU-119,8479500100,8479500100,6-Axis Industrial Robot IR-119,East China,Lázaro Cárdenas,2023-12-03,2024-02-28,2024-03-25,2024-03-25,2024-03-29,2024-03-30,51438.65,51438.65,8347.6,0.0,60068.57,53056.47,8489.03,179627.97,8287.92,33044.94,0.0,0.0,0.0,118.0,1159020.402125,1159020.402125,Industrial robot,Ningbo-Zhoushan
IMP-2023-0442,SUP-1003,SKU-112,8456110100,8456110100,Fibre Laser Cutting Machine FL-112,South China,Manzanillo,2023-12-04,2024-03-01,2024-04-03,2024-04-03,2024-04-11,2024-04-13,64915.93,64915.93,0.0,0.0,65120.16,117299.64,9383.97,207948.8,7439.62,24855.35,0.0,0.0,0.0,131.0,1328296.243904,1328296.243904,Laser cutting machine,Nansha
IMP-2023-0443,SUP-1013,SKU-133,8462910100,8462910100,Hydraulic Press HP-133,East China,Manzanillo,2023-12-05,2024-03-05,2024-04-05,2024-04-05,2024-04-14,2024-04-17,94601.1,189202.2,5763.08,825.04,195790.32,352673.19,28213.86,625219.03,3981.45,25326.66,0.0,0.0,0.0,134.0,3936927.036096,1968463.518048,Hydraulic press,Shanghai
IMP-2023-0444,SUP-1006,SKU-105,8457100100,8457100100,CNC Vertical Machining Centre VMC-105,East China,Manzanillo,2023-12-05,2024-02-10,2024-03-19,2024-04-22,2024-04-26,2024-04-28,157894.99,157894.99,6454.3,525.42,164874.71,296985.52,23758.84,526495.93,5728.43,19957.79,23497.41,0.0,34.0,145.0,3339783.1662879996,3339783.1662879996,CNC machining centre,Ningbo-Zhoushan
IMP-2023-0445,SUP-1003,SKU-107,8458110100,8458110100,CNC Turning Centre TC-107,South China,Veracruz,2023-12-06,2024-02-14,2024-03-25,2024-03-25,2024-04-02,2024-04-03,42138.01,84276.02,10136.79,391.69,94804.5,167474.99,13398.0,296899.67,5477.07,83309.21,0.0,0.0,0.0,119.0,1944409.20385,972204.601925,CNC lathe,Nansha
IMP-2023-0446,SUP-1011,SKU-136,8480710100,8480710100,Precision Injection Mould MD-136,East China,Manzanillo,2023-12-07,2024-02-02,2024-03-08,2024-03-08,2024-03-14,2024-03-17,19064.34,114386.04,0.0,472.82,122987.12,108630.22,17380.83,367778.47,5564.92,69397.84,0.0,0.0,0.0,101.0,2229990.0295579997,371665.00492633326,Mould and die,Shanghai
IMP-2023-0447,SUP-1005,SKU-121,8479500100,8479500100,6-Axis Industrial Robot IR-121,South China,Manzanillo,2023-12-07,2024-03-03,2024-04-10,2024-04-10,2024-04-28,2024-05-02,65119.9,260479.6,0.0,1145.05,261624.65,235629.62,37700.74,797747.66,6567.35,36950.93,0.0,5061.2,0.0,147.0,5034502.335519999,1258625.5838799998,Industrial robot,Shekou
IMP-2023-0448,SUP-1011,SKU-136,8480710100,8480710100,Precision Injection Mould MD-136,East China,Manzanillo,2023-12-07,2024-02-18,2024-03-23,2024-03-23,2024-03-25,2024-03-27,20015.46,120092.76,7093.99,664.49,127851.24,112926.53,18068.24,382324.04,7310.2,70539.17,0.0,0.0,0.0,111.0,2467374.649972,411229.1083286667,Mould and die,Shanghai
IMP-2023-0449,SUP-1014,SKU-118,8477100100,8477100100,Injection Moulding Machine IMM-118,East China,Manzanillo,2023-12-08,2024-03-26,2024-04-25,2024-04-25,2024-04-29,2024-05-01,29584.2,29584.2,5957.47,0.0,35715.13,64332.95,5146.64,114049.45,8818.92,23740.45,0.0,0.0,0.0,145.0,742243.9533759999,742243.9533759999,Injection moulding machine,Nantong
IMP-2023-0450,SUP-1014,SKU-116,8477100100,8477100100,Injection Moulding Machine IMM-116,East China,Lázaro Cárdenas,2023-12-08,2024-03-18,2024-04-16,2024-04-28,2024-05-04,2024-05-05,85139.83,85139.83,5222.8,0.0,90717.03,163406.77,13072.54,289687.53,6316.25,28640.31,0.0,0.0,12.0,149.0,1839119.8516639997,1839119.8516639997,Injection moulding machine,Nantong
IMP-2023-0451,SUP-1014,SKU-115,8477100100,8477100100,Injection Moulding Machine IMM-115,East China,Lázaro Cárdenas,2023-12-08,2024-02-25,2024-03-26,2024-03-26,2024-03-29,2024-04-02,41234.37,82468.74,9472.02,427.67,92368.43,163171.6,13053.73,289270.62,7086.18,43901.92,0.0,0.0,0.0,116.0,1858929.456479,929464.7282395,Injection moulding machine,Nantong
IMP-2023-0452,SUP-1002,SKU-107,8458110100,8458110100,CNC Turning Centre TC-107,South China,Manzanillo,2023-12-09,2024-02-05,2024-03-05,2024-03-03,2024-03-05,2024-03-08,43844.43,131533.29,9393.81,0.0,141443.11,249863.5,19989.08,442958.01,7398.59,30272.94,0.0,0.0,-2.0,90.0,2797043.60963,932347.8698766666,CNC lathe,Shekou
IMP-2023-0453,SUP-1001,SKU-114,8477100100,8477100100,Injection Moulding Machine IMM-114,South China,Manzanillo,2023-12-09,2024-03-25,2024-04-21,2024-04-21,2024-04-26,2024-04-29,69352.71,277410.84,7966.46,919.23,286296.53,515700.21,41256.02,914233.34,4920.74,55225.35,0.0,0.0,0.0,142.0,5774104.455584001,1443526.1138960002,Injection moulding machine,Yantian
IMP-2023-0454,SUP-1003,SKU-123,8414809900,8414809900,Screw Air Compressor SAC-123,South China,veracruz,2023-12-10,2024-03-17,2024-04-29,2024-04-29,2024-05-04,2024-05-08,17842.44,71369.76,8909.09,0.0,80571.12,217696.72,11610.49,268898.99,6016.36,95087.91,0.0,0.0,0.0,150.0,1776458.3492799997,444114.58731999993,Air compressor,Nansha
IMP-2023-0455,SUP-1008,SKU-120,8479500100,8479500100,6-Axis Industrial Robot IR-120,East China,Manzanillo,2023-12-11,2024-03-18,2024-04-25,2024-04-25,2024-05-13,2024-05-16,62128.78,124257.56,9162.59,479.18,133899.33,120595.09,19295.21,408286.75,6248.71,32067.44,0.0,0.0,0.0,157.0,2590108.301424,1295054.150712,Industrial robot,Wenzhou
IMP-2023-0456,SUP-1013,SKU-133,8462910100,8462910100,Hydraulic Press HP-133,East China,Manzanillo,2023-12-11,2024-03-03,2024-04-08,2024-04-08,2024-04-15,2024-04-17,100163.84,100163.84,0.0,0.0,107987.78,194516.23,15561.3,344838.37,5846.37,19755.33,0.0,0.0,0.0,128.0,2039910.4471519997,2039910.4471519997,Hydraulic press,Shanghai
IMP-2023-0457,SUP-1006,SKU-125,8414809900,8414809900,Screw Air Compressor SAC-125,East China,Manzanillo,2023-12-12,2024-02-14,2024-03-21,2024-03-21,2024-03-29,2024-04-01,14269.49,14269.49,0.0,0.0,14319.14,37942.79,2023.62,46866.93,7195.03,25515.97,0.0,0.0,0.0,111.0,324752.231697,324752.231697,Air compressor,Ningbo-Zhoushan
IMP-2023-0458,SUP-1010,SKU-110,8456110100,8456110100,Fibre Laser Cutting Machine FL-110,East China,Manzanillo,2023-12-12,2024-02-17,2024-03-22,2024-03-22,2024-03-31,2024-04-01,19858.09,59574.27,5648.11,339.03,65561.41,115816.2,9265.3,205318.96,4583.7,40662.94,0.0,0.0,0.0,111.0,1328490.1160729998,442830.0386909999,Laser cutting machine,Taizhou
IMP-2023-0459,SUP-1002,SKU-106,8458110100,8458110100,CNC Turning Centre TC-106,South China,Manzanillo,2023-12-13,2024-03-28,2024-05-03,2024-05-03,2024-05-12,2024-05-13,82396.55,82396.55,8797.59,430.53,91624.67,166225.48,13298.04,294684.52,5520.89,25845.84,0.0,0.0,0.0,152.0,1873145.01314,1873145.01314,CNC lathe,Shekou
IMP-2023-0460,SUP-1007,SKU-118,8477100100,8477100100,Injection Moulding Machine IMM-118,East China,Manzanillo,2023-12-14,2024-03-29,2024-05-03,2024-05-03,2024-05-05,2024-05-06,28541.46,171248.76,0.0,0.0,172032.26,312100.93,24968.07,553292.52,8189.69,48102.71,0.0,0.0,0.0,144.0,3500156.40392,583359.4006533333,Injection moulding machine,Ningbo-Zhoushan
IMP-2023-0461,SUP-1009,SKU-131,,8462910100,Hydraulic Press HP-131,East China,Manzanillo,2023-12-15,2024-03-16,2024-04-21,2024-04-21,2024-04-23,2024-04-24,72651.05,72651.05,8671.08,306.18,81628.31,147035.44,11762.84,260664.43,5739.48,25101.96,0.0,0.0,0.0,131.0,1659994.1423679998,1659994.1423679998,Hydraulic press,Ningbo-Zhoushan
IMP-2023-0462,SUP-1004,SKU-136,8480710100,8480710100,Precision Injection Mould MD-136,South China,Lázaro Cárdenas,2023-12-15,2024-02-19,2024-03-19,2024-04-21,2024-05-07,2024-05-11,18068.82,72275.28,0.0,364.1,82136.77,73975.66,11836.11,250452.0,3719.09,67123.11,0.0,10451.27,33.0,148.0,1475543.864064,368885.966016,Mould and die,Yantian
IMP-2023-0463,SUP-1002,SKU-125,8414809900,8414809900,Screw Air Compressor SAC-125,South China,Lázaro Cárdenas,2023-12-17,2024-03-04,2024-04-03,2024-04-04,2024-04-07,2024-04-09,14877.62,29755.24,7463.95,0.0,37219.19,100563.27,5363.37,124215.76,4150.32,43974.19,0.0,0.0,1.0,114.0,824472.975632,412236.487816,Air compressor,Shekou
IMP-2023-0464,SUP-1006,SKU-101,8457100100,8457100100,CNC Vertical Machining Centre VMC-101,East China,Manzanillo,2023-12-18,2024-02-19,2024-03-16,2024-03-17,2024-03-24,2024-03-29,153635.36,153635.36,6324.78,530.97,160491.11,283512.36,22680.99,502610.71,7024.77,20492.14,0.0,0.0,1.0,102.0,3168833.865483,3168833.865483,CNC machining centre,Ningbo-Zhoushan
IMP-2023-0465,SUP-1013,SKU-140,8515310100,8515310100,Inverter Arc Welding Power Source AW-140,East China,Manzanillo,2023-12-19,2024-03-23,2024-04-29,2024-04-29,2024-05-04,2024-05-07,28156.5,28156.5,8527.87,127.59,36811.96,99462.97,5304.69,122856.66,4508.18,18015.5,0.0,0.0,0.0,140.0,790377.8130879999,790377.8130879999,Arc welding machine,Shanghai
IMP-2023-0466,SUP-1013,SKU-117,8477100100,8477100100,Injection Moulding Machine IMM-117,East China,Manzanillo,2023-12-20,2024-04-01,2024-05-01,2024-05-01,2024-05-23,2024-05-27,31570.66,63141.32,9417.73,238.66,72797.71,132069.61,10565.57,234133.0,4907.69,28535.87,0.0,11322.09,0.0,159.0,1508096.88482,754048.44241,Injection moulding machine,Shanghai
IMP-2023-0467,SUP-1012,SKU-103,8457100100,8457100100,CNC Vertical Machining Centre VMC-103,East China,Manzanillo,2023-12-21,2024-03-19,2024-04-24,2024-04-23,2024-05-01,2024-05-05,165701.79,497105.37,0.0,2283.16,499388.53,899538.57,71963.09,1594701.98,5856.74,32239.58,0.0,0.0,-1.0,136.0,10004983.693184,3334994.5643946663,CNC machining centre,Shanghai
IMP-2023-0468,SUP-1014,SKU-132,8462910100,8462910100,Hydraulic Press HP-132,East China,Lázaro Cárdenas,2023-12-22,2024-03-21,2024-04-21,2024-04-21,2024-04-28,2024-04-29,28747.74,28747.74,6370.41,0.0,35230.27,63459.58,5076.77,112501.14,6009.89,37132.07,0.0,0.0,0.0,129.0,744254.52232,744254.52232,Hydraulic press,Nantong
IMP-2023-0469,SUP-1014,SKU-118,8477100100,8477100100,Injection Moulding Machine IMM-118,East China,Manzanillo,2023-12-22,2024-04-07,2024-05-08,2024-05-26,2024-06-11,2024-06-12,29537.3,118149.2,6066.92,0.0,124738.25,226300.13,18104.01,401184.88,6210.53,49507.38,0.0,3313.71,18.0,173.0,2556964.6090399995,639241.1522599999,Injection moulding machine,Nantong
IMP-2023-0470,SUP-1011,SKU-135,8480710100,8480710100,Precision Injection Mould MD-135,East China,Manzanillo,2023-12-23,2024-02-25,2024-03-24,2024-03-24,2024-03-30,2024-04-01,4230.61,4230.61,7266.27,19.55,11516.43,10172.06,1627.53,34438.52,4850.18,23621.81,0.0,0.0,0.0,100.0,243712.77087900002,243712.77087900002,Mould and die,Shanghai
IMP-2023-0471,SUP-1007,SKU-129,8422309900,8422309900,Automatic Filling & Sealing Line PFS-129,East China,Manzanillo,2023-12-23,2024-03-21,2024-04-27,2024-04-27,2024-05-05,2024-05-08,38765.69,38765.69,8682.09,0.0,47678.42,85882.18,6870.57,152251.94,8077.82,26221.55,0.0,0.0,0.0,137.0,981719.491584,981719.491584,Packaging machine,Ningbo-Zhoushan
IMP-2023-0472,SUP-1007,SKU-129,8422309900,8422309900,Automatic Filling & Sealing Line PFS-129,East China,Manzanillo,2023-12-23,2024-03-27,2024-04-30,2024-04-30,2024-05-09,2024-05-11,39457.14,118371.42,0.0,0.0,118778.62,213953.55,17116.28,379296.86,7460.81,38128.86,0.0,0.0,0.0,140.0,2408860.2141759996,802953.4047253332,Packaging machine,Ningbo-Zhoushan
IMP-2023-0473,SUP-1002,SKU-120,8479500100,8479500100,6-Axis Industrial Robot IR-120,South China,Manzanillo,2023-12-23,2024-03-30,2024-05-07,2024-05-07,2024-05-11,2024-05-15,62594.16,62594.16,8253.67,0.0,70847.83,64266.07,10282.57,217579.2,4082.45,17729.85,0.0,0.0,0.0,144.0,1381682.27186,1381682.27186,Industrial robot,Shekou
IMP-2023-0474,SUP-1007,SKU-130,8462910100,8462910100,Hydraulic Press HP-130,East China,Veracruz,2023-12-23,2024-03-07,2024-04-20,2024-04-20,2024-04-23,2024-04-25,83537.17,167074.34,10052.93,812.18,177939.45,320518.77,25641.5,568215.68,6634.77,71848.15,0.0,0.0,0.0,124.0,3629830.9149599993,1814915.4574799996,Hydraulic press,Ningbo-Zhoushan
IMP-2023-0475,SUP-1004,SKU-141,8515310100,8515310100,Inverter Arc Welding Power Source AW-141,South China,Manzanillo,2023-12-24,2024-02-29,2024-03-28,2024-03-28,2024-03-30,2024-04-03,27621.71,27621.71,0.0,124.3,33581.71,88984.65,4745.85,109913.84,4871.02,23698.03,0.0,0.0,0.0,101.0,612441.140453,612441.140453,Arc welding machine,Yantian
IMP-2023-0476,SUP-1011,SKU-135,8480710100,8480710100,Precision Injection Mould MD-135,East China,Manzanillo,2023-12-24,2024-03-01,2024-04-05,2024-04-05,2024-04-11,2024-04-14,4036.25,8072.5,8081.45,41.82,16195.77,14586.56,2333.85,49384.25,7227.39,32818.1,0.0,0.0,0.0,112.0,348697.06585599994,174348.53292799997,Mould and die,Shanghai
IMP-2023-0477,SUP-1002,SKU-124,8414809900,8414809900,Screw Air Compressor SAC-124,South China,Manzanillo,2023-12-25,2024-03-28,2024-05-01,2024-05-03,2024-05-09,2024-05-10,7465.16,14930.32,5409.67,74.38,20414.37,55553.63,2962.86,68619.84,5816.87,24328.07,0.0,0.0,2.0,137.0,459018.93054,229509.46527,Air compressor,Shekou
IMP-2023-0478,SUP-1010,SKU-110,8456110100,8456110100,Fibre Laser Cutting Machine FL-110,East China,Manzanillo,2023-12-25,2024-02-24,2024-03-31,2024-03-31,2024-04-05,2024-04-07,18947.65,37895.3,5809.26,160.12,43864.68,77488.27,6199.06,137371.21,4321.13,23995.16,0.0,0.0,0.0,104.0,886886.3516040001,443443.17580200004,Laser cutting machine,Taizhou
IMP-2023-0479,SUP-1014,SKU-114,8477100100,8477100100,Injection Moulding Machine IMM-114,East China,Manzanillo,2023-12-27,2024-04-10,2024-05-16,2024-05-24,2024-06-01,2024-06-05,71321.86,142643.72,0.0,0.0,150863.56,273696.67,21895.73,485209.46,8489.18,28335.87,0.0,0.0,8.0,161.0,2920259.81824,1460129.90912,Injection moulding machine,Nantong
IMP-2023-0480,SUP-1009,SKU-127,8422309900,8422309900,Automatic Filling & Sealing Line PFS-127,East China,Manzanillo,2023-12-28,2024-04-05,2024-05-08,2024-05-08,2024-05-16,2024-05-17,50714.94,50714.94,6244.66,301.0,57260.6,103882.18,8310.57,184162.33,9156.49,21930.66,0.0,0.0,0.0,141.0,1182101.7052,1182101.7052,Packaging machine,Ningbo-Zhoushan
IMP-2023-0481,SUP-1012,SKU-108,8458110100,8458110100,CNC Turning Centre TC-108,East China,Manzanillo,2023-12-28,2024-02-28,2024-03-27,2024-04-01,2024-04-06,2024-04-08,117274.3,234548.6,0.0,711.88,241787.01,435526.11,34842.09,772100.68,6593.92,27749.01,0.0,0.0,5.0,102.0,4742411.1041439995,2371205.5520719998,CNC lathe,Shanghai
IMP-2023-0482,SUP-1005,SKU-139,8428330100,8428330100,Modular Belt Conveyor CV-139,South China,Manzanillo,2023-12-28,2024-02-28,2024-04-03,2024-04-03,2024-04-06,2024-04-11,21153.76,21153.76,0.0,0.0,21261.88,38298.6,3063.89,67895.76,7861.38,21963.28,0.0,0.0,0.0,105.0,452225.5981279999,452225.5981279999,Conveyor system,Shekou
IMP-2023-0483,SUP-1013,SKU-137,8428330100,8428330100,Modular Belt Conveyor CV-137,East China,Manzanillo,2023-12-28,2024-02-19,2024-03-28,2024-03-28,2024-04-06,2024-04-10,35712.0,35712.0,6070.97,108.9,41891.87,74003.25,5920.26,131192.95,4133.33,24263.34,0.0,0.0,0.0,104.0,848352.631111,848352.631111,Conveyor system,Shanghai
IMP-2024-0001,SUP-1013,SKU-122,8414809900,8414809900,Screw Air Compressor SAC-122,East China,Lázaro Cárdenas,2024-01-02,2024-04-27,2024-06-06,2024-04-13,2024-06-15,2024-06-17,25385.93,76157.79,6901.06,0.0,83456.52,230373.8,12286.6,284557.71,5981.42,53558.55,0.0,0.0,,,1830707.468895,610235.8229649999,Air compressor,Shanghai
IMP-2024-0002,SUP-1014,SKU-104,8457100100,8457100100,CNC Vertical Machining Centre VMC-104,East China,Manzanillo,2024-01-02,2024-03-28,2024-05-10,2024-05-18,2024-06-01,2024-06-05,158457.96,633831.84,6868.39,2073.04,642773.27,1166119.27,93289.54,2067296.24,4008.74,37453.99,0.0,10462.45,8.0,155.0,12972526.65434,3243131.663585,CNC machining centre,Nantong
IMP-2024-0003,SUP-1002,SKU-106,8458110100,8458110100,CNC Turning Centre TC-106,South China,manzanillo,2024-01-02,2024-04-04,2024-05-17,2024-05-19,2024-05-27,2024-05-30,89798.22,359192.88,6840.03,2111.98,368144.89,667888.46,53431.08,1184032.66,8168.54,37175.38,0.0,0.0,2.0,149.0,7445548.05438,1861387.013595,CNC lathe,Shekou
IMP-2024-0004,SUP-1012,SKU-105,8457100100,8457100100,CNC Vertical Machining Centre VMC-105,East China,Manzanillo,2024-01-08,2024-03-19,2024-05-07,2024-05-07,2024-05-16,2024-05-17,163791.72,491375.16,7384.1,0.0,501693.78,910172.86,72813.83,1613554.44,7958.28,36827.66,0.0,0.0,0.0,130.0,10076263.12492,3358754.374973333,CNC machining centre,Shanghai
IMP-2024-0005,SUP-1003,SKU-118,8477100100,8477100100,Injection Moulding Machine IMM-118,South China,Lázaro Cárdenas,2024-01-09,2024-04-09,2024-05-22,2024-06-01,2024-06-04,2024-06-08,27445.83,54891.66,5616.74,167.92,60676.32,110078.98,8806.32,195148.02,8208.24,42885.43,0.0,0.0,10.0,151.0,1270768.7674399999,635384.3837199999,Injection moulding machine,Nansha
IMP-2024-0006,SUP-1012,SKU-136,8480710100,8480710100,Precision Injection Mould MD-136,East China,Veracruz,2024-01-09,2024-03-25,2024-05-04,2024-05-04,2024-05-07,2024-05-10,20147.83,40295.66,0.0,0.0,40421.29,36666.15,5866.58,124136.92,6244.74,82486.53,0.0,0.0,0.0,122.0,862307.86372,431153.93186,Mould and die,Shanghai
IMP-2024-0007,SUP-1012,SKU-138,8428330100,8428330100,Modular Belt Conveyor CV-138,East China,Manzanillo,2024-01-10,2024-03-25,2024-04-28,2024-04-28,2024-05-06,2024-05-09,11261.12,11261.12,0.0,0.0,11307.49,20367.96,1629.44,36108.31,3981.66,23028.29,0.0,0.0,0.0,120.0,251851.652336,251851.652336,Conveyor system,Shanghai
IMP-2024-0008,SUP-1014,SKU-122,8414809900,8414809900,Screw Air Compressor SAC-122,East China,Manzanillo,2024-01-11,2024-04-11,2024-05-17,2024-05-25,2024-06-02,2024-06-03,23636.7,94546.8,8711.62,0.0,103680.67,282146.21,15047.8,348507.0,8574.48,49159.74,0.0,0.0,8.0,144.0,2228242.4856399996,557060.6214099999,Air compressor,Nantong
IMP-2024-0009,SUP-1012,SKU-108,8458110100,8458110100,CNC Turning Centre TC-108,East China,Manzanillo,2024-01-13,2024-03-22,2024-05-01,2024-05-01,2024-05-08,2024-05-09,117150.72,117150.72,0.0,624.44,117775.16,213667.7,17093.42,378790.09,8889.41,26503.42,0.0,0.0,0.0,117.0,2402830.90272,2402830.90272,CNC lathe,Shanghai
IMP-2024-0010,SUP-1002,SKU-131,8462910100,8462910100,Hydraulic Press HP-131,South China,"Manzanillo, Colima",2024-01-14,2024-04-18,2024-05-31,2024-05-31,2024-06-22,2024-06-26,71184.19,71184.19,0.0,0.0,71550.34,129806.63,10384.53,230121.19,5170.94,26509.73,0.0,10764.94,0.0,164.0,1474060.34498,1474060.34498,Hydraulic press,Shekou
IMP-2024-0011,SUP-1014,SKU-118,,8477100100,Injection Moulding Machine IMM-118,East China,Manzanillo,2024-01-14,2024-04-24,2024-05-31,2024-05-31,,2024-06-12,27078.26,81234.78,8106.61,0.0,89341.39,162083.15,12966.65,287341.01,4086.19,43813.47,0.0,0.0,0.0,150.0,1843780.9573799998,614593.6524599999,Injection moulding machine,Nantong
IMP-2024-0012,SUP-1013,SKU-103,8457100100,8457100100,CNC Vertical Machining Centre VMC-103,East China,Manzanillo,2024-01-16,2024-04-13,2024-05-28,2024-05-28,2024-06-06,2024-06-07,176550.37,1059302.22,6820.05,5447.61,1071569.88,1944042.08,155523.37,3446397.79,8785.98,71402.76,0.0,0.0,0.0,143.0,21620174.952960003,3603362.4921600004,CNC machining centre,Shanghai
IMP-2024-0013,SUP-1010,SKU-110,8456110100,8456110100,Fibre Laser Cutting Machine FL-110,East China,Manzanillo,2024-01-17,2024-03-23,2024-05-10,2024-05-10,2024-05-15,2024-05-18,19370.75,38741.5,9204.48,0.0,48162.04,87375.57,6990.05,154899.42,9199.89,26428.11,0.0,0.0,0.0,122.0,999829.5891599999,499914.7945799999,Laser cutting machine,Taizhou
IMP-2024-0014,SUP-1003,SKU-103,8457100100,8457100100,CNC Vertical Machining Centre VMC-103,South China,Manzanillo,2024-01-17,2024-04-02,2024-05-10,2024-05-10,2024-05-16,2024-05-18,163086.5,163086.5,5488.24,0.0,168574.74,305828.29,24466.26,542172.4,4222.42,23533.39,0.0,0.0,0.0,122.0,3416333.2930799997,3416333.2930799997,CNC machining centre,Nansha
IMP-2024-0015,SUP-1011,SKU-136,8480710100,8480710100,Precision Injection Mould MD-136,East China,Manzanillo,2024-01-18,2024-03-26,2024-05-12,2024-05-12,2024-05-20,2024-05-22,19919.72,19919.72,8248.56,82.9,28251.18,25626.65,4100.26,86761.57,5175.56,19850.97,0.0,0.0,0.0,125.0,567286.3475599999,567286.3475599999,Mould and die,Shanghai
IMP-2024-0016,SUP-1014,SKU-116,8477100100,8477100100,Injection Moulding Machine IMM-116,East China,Manzanillo,2024-01-18,2024-04-23,2024-05-28,2024-05-28,2024-06-06,2024-06-10,85027.38,85027.38,8465.98,0.0,93912.92,170376.82,13630.15,302044.03,4062.03,21912.5,0.0,0.0,0.0,144.0,1906138.03712,1906138.03712,Injection moulding machine,Nantong
IMP-2024-0017,SUP-1007,SKU-141,8515310100,8515310100,Inverter Arc Welding Power Source AW-141,East China,Lázaro Cárdenas,2024-01-19,2024-03-29,2024-05-10,2024-05-10,2024-05-12,2024-05-16,26819.21,26819.21,8026.69,110.73,34956.63,95127.48,5073.47,117501.46,8359.18,27503.07,0.0,0.0,0.0,118.0,770246.3814600001,770246.3814600001,Arc welding machine,Ningbo-Zhoushan
IMP-2024-0018,SUP-1011,SKU-136,8480710100,8480710100,Precision Injection Mould MD-136,East China,Manzanillo,2024-01-21,2024-03-18,2024-05-02,2024-05-07,2024-05-10,2024-05-13,20189.67,20189.67,0.0,66.37,26338.94,23892.05,3822.73,80888.93,7079.69,20260.41,0.0,0.0,5.0,113.0,422539.95767999993,422539.95767999993,Mould and die,Shanghai
IMP-2024-0019,SUP-1012,SKU-142,8515310100,8515310100,Inverter Arc Welding Power Source AW-142,East China,Veracruz,2024-01-21,2024-04-11,2024-05-25,2024-05-25,2024-05-28,2024-06-01,6884.33,13768.66,7107.88,0.0,20922.57,56936.59,3036.62,70328.08,5637.07,74590.16,0.0,0.0,0.0,132.0,518942.62868,259471.31434,Arc welding machine,Shanghai
IMP-2024-0020,SUP-1012,SKU-103,8457100100,8457100100,CNC Vertical Machining Centre VMC-103,East China,Manzanillo,2024-01-22,2024-04-13,2024-05-28,2024-07-01,2024-07-10,2024-07-12,168212.58,336425.16,8374.24,1979.26,346778.66,646579.21,51726.34,1146255.63,5441.95,28495.3,0.0,0.0,34.0,172.0,7198034.949297999,3599017.4746489995,CNC machining centre,Shanghai
IMP-2024-0021,SUP-1009,SKU-104,8457100100,8457100100,CNC Vertical Machining Centre VMC-104,East China,Manzanillo,2024-01-24,2024-04-23,2024-06-12,2024-06-12,2024-06-19,2024-06-21,145241.25,145241.25,6766.81,809.54,152817.6,281225.64,22498.05,498556.82,5209.06,19991.12,0.0,0.0,0.0,149.0,3141180.31752,3141180.31752,CNC machining centre,Ningbo-Zhoushan
IMP-2024-0022,SUP-1011,SKU-127,8422309900,8422309900,Automatic Filling & Sealing Line PFS-127,East China,Manzanillo,2024-01-25,2024-05-03,2024-06-18,2024-06-18,2024-06-20,2024-06-23,55371.41,110742.82,9237.22,500.21,120480.25,221716.19,17737.3,393058.46,7231.21,30982.6,0.0,0.0,0.0,150.0,2494829.196675,1247414.5983375,Packaging machine,Shanghai
IMP-2024-0023,SUP-1014,SKU-134,8480710100,8480710100,Precision Injection Mould MD-134,East China,Lázaro Cárdenas,2024-01-25,2024-03-16,2024-04-21,2024-04-21,2024-04-30,2024-05-03,6783.49,13566.98,7703.29,0.0,21270.27,19156.86,3065.1,64857.45,8992.89,48444.22,0.0,0.0,0.0,99.0,462796.189456,231398.094728,Mould and die,Nantong
IMP-2024-0024,SUP-1003,SKU-122,8414809900,8414809900,Screw Air Compressor SAC-122,South China,Manzanillo,2024-01-25,2024-05-17,2024-07-04,2024-07-04,2024-07-06,2024-07-08,25114.52,50229.04,0.0,0.0,56554.91,158172.49,8435.87,195374.66,4382.95,28967.87,0.0,0.0,0.0,165.0,1136494.699512,568247.349756,Air compressor,Nansha
IMP-2024-0025,SUP-1003,SKU-102,8457100100,8457100100,CNC Vertical Machining Centre VMC-102,South China,Manzanillo,2024-01-26,2024-04-03,2024-05-15,2024-05-16,2024-05-24,2024-05-27,100982.53,100982.53,7792.71,0.0,108775.24,197340.04,15787.2,349844.42,7362.33,21883.19,0.0,0.0,1.0,122.0,2215773.16408,2215773.16408,CNC machining centre,Nansha
IMP-2024-0026,SUP-1002,SKU-107,8458110100,8458110100,CNC Turning Centre TC-107,South China,Manzanillo,2024-01-26,2024-03-25,2024-05-12,2024-05-20,2024-05-26,2024-05-29,46749.57,46749.57,6186.5,232.34,53168.41,96458.13,7716.65,171000.97,6877.72,23210.25,0.0,0.0,8.0,124.0,1098844.04422,1098844.04422,CNC lathe,Shekou
IMP-2024-0027,SUP-1002,SKU-106,8458110100,8458110100,CNC Turning Centre TC-106,South China,Manzanillo,2024-01-27,2024-04-30,2024-06-11,2024-06-11,2024-06-16,2024-06-20,82350.71,247052.13,6212.88,0.0,254614.65,468559.7,37484.78,830662.64,4793.59,37712.72,0.0,0.0,0.0,145.0,5209310.789527,1736436.9298423333,CNC lathe,Shekou
IMP-2024-0028,SUP-1009,SKU-131,8462910100,8462910100,Hydraulic Press HP-131,East China,Veracruz,2024-01-28,2024-04-26,2024-06-11,2024-06-19,2024-06-25,2024-06-28,73147.92,73147.92,0.0,0.0,73431.62,135134.01,10810.72,239565.57,3533.91,57634.05,0.0,0.0,8.0,152.0,1553231.9173839998,1553231.9173839998,Hydraulic press,Ningbo-Zhoushan
IMP-2024-0029,SUP-1011,SKU-136,8480710100,8480710100,Precision Injection Mould MD-136,East China,Lázaro Cárdenas,2024-01-28,2024-04-12,2024-05-16,2024-05-16,2024-05-20,2024-05-22,20021.96,20021.96,0.0,0.0,20119.01,18249.95,2919.99,61787.04,6722.0,34218.86,0.0,0.0,0.0,115.0,425349.19831999997,425349.19831999997,Mould and die,Shanghai
IMP-2024-0030,SUP-1011,SKU-127,8422309900,8422309900,Automatic Filling & Sealing Line PFS-127,East China,Manzanillo,2024-01-28,2024-04-27,2024-06-04,2024-06-04,2024-06-26,2024-06-27,56336.9,338021.4,7950.73,0.0,347763.16,639978.11,51198.25,1134553.19,5364.69,54160.04,0.0,0.0,0.0,151.0,7117522.406750999,1186253.7344584998,Packaging machine,Shanghai
IMP-2024-0031,SUP-1001,SKU-121,8479500100,8479500100,6-Axis Industrial Robot IR-121,South China,Manzanillo,2024-01-28,2024-04-30,2024-06-11,2024-06-16,2024-06-24,2024-06-27,60088.94,120177.88,0.0,0.0,120616.06,110983.06,17757.29,375744.24,8932.08,27998.77,0.0,0.0,5.0,151.0,2377268.672276,1188634.336138,Industrial robot,Yantian
IMP-2024-0032,SUP-1012,SKU-127,8422309900,8422309900,Automatic Filling & Sealing Line PFS-127,East China,Manzanillo,2024-02-01,2024-05-04,2024-06-11,2024-06-11,2024-06-14,2024-06-15,56783.39,227133.56,10351.84,0.0,238190.74,438335.27,35066.82,777080.77,4878.03,40702.46,0.0,0.0,0.0,135.0,4889355.15058,1222338.787645,Packaging machine,Shanghai
IMP-2024-0033,SUP-1002,SKU-124,8414809900,8414809900,Screw Air Compressor SAC-124,South China,Manzanillo,2024-02-01,2024-05-13,2024-06-13,2024-06-13,2024-06-17,2024-06-20,7743.35,7743.35,7207.51,37.42,14988.28,41373.72,2206.6,51104.82,4541.2,23819.68,0.0,0.0,0.0,140.0,347766.020356,347766.020356,Air compressor,Shekou
IMP-2024-0034,SUP-1014,SKU-105,8480710100,8457100100,CNC Vertical Machining Centre VMC-105,East China,Veracruz,2024-02-04,2024-04-10,2024-05-25,2024-05-25,2024-05-31,2024-06-03,157559.9,157559.9,7159.99,677.25,165397.14,300063.49,24005.08,531952.56,5166.77,58547.64,0.0,0.0,0.0,120.0,3388417.8938799994,3388417.8938799994,CNC machining centre,Nantong
IMP-2024-0035,SUP-1007,SKU-132,8462910100,8462910100,Hydraulic Press HP-132,East China,Veracruz,2024-02-04,2024-05-06,2024-06-29,2024-06-29,2024-07-02,2024-07-06,29634.15,59268.3,10828.8,0.0,70278.75,129331.88,10346.55,229279.55,5640.62,85726.6,0.0,0.0,0.0,153.0,1521021.55217,760510.776085,Hydraulic press,Ningbo-Zhoushan
IMP-2024-0036,SUP-1007,SKU-128,8422309900,8422309900,Automatic Filling & Sealing Line PFS-128,East China,manzanillo,2024-02-05,2024-04-28,2024-06-10,2024-06-10,2024-06-18,2024-06-21,53497.24,53497.24,4983.69,261.41,58742.34,108101.77,8648.14,191642.81,5362.14,22843.89,0.0,0.0,0.0,137.0,1225973.600318,1225973.600318,Packaging machine,Ningbo-Zhoushan
IMP-2024-0037,SUP-1010,SKU-123,8414809900,8414809900,Screw Air Compressor SAC-123,East China,Manzanillo,2024-02-06,2024-05-07,2024-06-17,2024-06-17,2024-06-25,2024-06-26,18910.29,56730.87,6647.43,218.66,63596.96,175553.37,9362.85,216843.52,4077.17,39971.75,0.0,0.0,0.0,141.0,1399320.915792,466440.305264,Air compressor,Taizhou
IMP-2024-0038,SUP-1014,SKU-118,8477100100,8477100100,Injection Moulding Machine IMM-118,East China,Lázaro Cárdenas,2024-02-10,2024-05-15,2024-06-30,2024-06-30,2024-07-08,2024-07-12,30153.77,-120615.08,0.0,635.22,121250.3,223133.29,17850.66,395570.7,8295.39,55691.33,0.0,0.0,0.0,153.0,-1902982.699622,475745.6749055,Injection moulding machine,Nantong
IMP-2024-0039,SUP-1002,SKU-102,8457100100,8457100100,CNC Vertical Machining Centre VMC-102,South China,Manzanillo,2024-02-11,2024-04-23,2024-05-23,2024-06-26,2024-06-29,2024-07-01,93076.08,93076.08,7559.34,0.0,100925.41,185730.0,14858.4,329262.15,6527.83,22916.02,0.0,0.0,34.0,141.0,2081995.693634,2081995.693634,CNC machining centre,Shekou
IMP-2024-0040,SUP-1013,SKU-120,8479500100,8479500100,6-Axis Industrial Robot IR-120,East China,Manzanillo,2024-02-12,2024-05-25,2024-07-11,2024-07-11,2024-07-20,2024-07-22,56758.23,170274.69,5914.34,595.63,176784.66,164810.15,26369.62,557981.25,5742.76,30824.39,0.0,0.0,0.0,161.0,3523949.941098,1174649.980366,Industrial robot,Shanghai
IMP-2024-0041,SUP-1010,SKU-110,8456110100,8456110100,Fibre Laser Cutting Machine FL-110,East China,Manzanillo,2024-02-15,2024-05-09,2024-06-17,2024-06-18,2024-06-27,2024-06-28,19954.5,59863.5,7192.23,0.0,67055.73,123400.65,9872.05,218764.67,8818.24,40482.66,0.0,0.0,1.0,134.0,1416580.082471,472193.3608236667,Laser cutting machine,Taizhou
IMP-2024-0042,SUP-1014,SKU-104,8457100100,8457100100,CNC Vertical Machining Centre VMC-104,East China,Manzanillo,2024-02-16,2024-05-08,2024-06-19,2024-07-01,2024-07-06,2024-07-07,159840.69,159840.69,7246.13,0.0,167671.57,312628.67,25010.29,554228.11,5652.68,20366.41,17224.85,0.0,12.0,142.0,3496266.7849459997,3496266.7849459997,CNC machining centre,Nantong
IMP-2024-0043,SUP-1008,SKU-135,8480710100,8480710100,Precision Injection Mould MD-135,East China,Lázaro Cárdenas,2024-02-15,2024-04-30,2024-06-07,2024-06-15,2024-06-17,2024-06-19,3948.96,7897.92,5189.5,0.0,13123.5,12075.39,1932.06,40882.45,8184.7,46403.41,0.0,0.0,8.0,125.0,309439.424034,154719.712017,Mould and die,Wenzhou
IMP-2024-0044,SUP-1012,SKU-113,8456110100,8456110100,Fibre Laser Cutting Machine FL-113,East China,Manzanillo,2024-02-16,2024-05-28,2024-07-07,2024-07-07,2024-07-09,2024-07-10,64556.06,129112.12,6275.97,0.0,135388.09,252435.16,20194.81,447517.04,9048.5,35764.89,0.0,0.0,0.0,145.0,2841794.9144769995,1420897.4572384998,Laser cutting machine,Shanghai
IMP-2024-0045,SUP-1014,SKU-105,8457100100,8457100100,CNC Vertical Machining Centre VMC-105,East China,Veracruz,2024-02-16,2024-05-14,2024-06-24,2024-06-24,2024-06-28,2024-06-30,160741.84,642967.36,0.0,3609.33,646576.69,1189875.69,95190.05,2109411.61,4041.38,106892.49,0.0,0.0,0.0,135.0,13294756.463062998,3323689.1157657495,CNC machining centre,Nantong
IMP-2024-0046,SUP-1014,SKU-122,8414809900,8414809900,Screw Air Compressor SAC-122,East China,Manzanillo,2024-02-20,2024-05-24,2024-07-06,2024-07-06,2024-07-11,2024-07-14,23743.57,71230.71,5780.23,0.0,77010.94,215383.81,11487.14,266042.08,3894.52,45389.05,0.0,0.0,0.0,145.0,1712046.599582,570682.1998606666,Air compressor,Nantong
IMP-2024-0047,SUP-1013,SKU-125,8414809900,8414809900,Screw Air Compressor SAC-125,East China,Manzanillo,2024-02-20,2024-05-10,2024-06-15,2024-07-03,2024-07-05,2024-07-08,13679.83,13679.83,6205.87,45.84,19931.54,55744.43,2973.04,68855.52,5552.57,20652.02,0.0,0.0,18.0,139.0,456551.602762,456551.602762,Air compressor,Shanghai
IMP-2024-0048,SUP-1010,SKU-125,8414809900,8414809900,Screw Air Compressor SAC-125,East China,Lázaro Cárdenas,2024-02-21,2024-04-27,2024-05-27,2024-05-27,2024-05-31,2024-06-04,14641.04,14641.04,6843.18,67.84,21552.06,58649.62,3127.98,72444.01,7949.11,34981.66,0.0,0.0,0.0,104.0,495705.84252,495705.84252,Air compressor,Taizhou
IMP-2024-0049,SUP-1008,SKU-112,8456110100,8456110100,Fibre Laser Cutting Machine FL-112,East China,Manzanillo,2024-02-21,2024-05-18,2024-06-29,2024-06-29,2024-07-08,2024-07-09,71591.83,214775.49,9893.79,816.3,225485.58,414954.35,33196.35,735631.07,4403.64,29930.4,0.0,0.0,0.0,139.0,4632028.223065999,1544009.4076886664,Laser cutting machine,Wenzhou
IMP-2024-0050,SUP-1011,SKU-136,8480710100,8480710100,Precision Injection Mould MD-136,East China,Manzanillo,2024-02-22,2024-05-03,2024-06-08,2024-06-11,,2024-06-19,18509.76,37019.52,8086.58,0.0,45312.61,41693.72,6670.99,141158.25,9056.97,27987.88,0.0,0.0,3.0,118.0,915483.58647,457741.793235,Mould and die,Shanghai
IMP-2024-0051,SUP-1014,SKU-134,8480710100,8480710100,Precision Injection Mould MD-134,East China,Manzanillo,2024-02-24,2024-05-01,2024-06-10,2024-06-10,2024-06-13,2024-06-17,7299.77,14599.54,7417.68,0.0,22086.18,20322.27,3251.56,68803.07,8310.68,28879.61,0.0,0.0,0.0,114.0,465940.414494,232970.207247,Mould and die,Nantong
IMP-2024-0052,SUP-1008,SKU-112,8456110100,8456110100,Fibre Laser Cutting Machine FL-112,East China,Manzanillo,2024-02-24,2024-05-21,2024-07-03,2024-07-03,2024-07-12,2024-07-14,68356.01,273424.04,6083.25,0.0,280680.37,523336.97,41866.96,927771.78,7899.14,49561.58,0.0,0.0,0.0,141.0,5834161.924237,1458540.48105925,Laser cutting machine,Wenzhou
IMP-2024-0053,SUP-1010,SKU-110,8456110100,8456110100,Fibre Laser Cutting Machine FL-110,East China,Manzanillo,2024-02-25,2024-05-08,2024-06-18,2024-07-14,2024-07-21,2024-07-24,18771.99,56315.97,0.0,218.16,65115.69,121410.16,9712.81,215235.93,8626.58,38619.27,7860.25,0.0,26.0,150.0,1240324.884089,413441.62802966667,Laser cutting machine,Taizhou
IMP-2024-0054,SUP-1013,SKU-117,8477100100,8477100100,Injection Moulding Machine IMM-117,East China,Manzanillo,2024-02-26,2024-05-22,2024-06-27,2024-06-27,2024-07-05,2024-07-06,32025.97,64051.94,6615.93,0.0,70667.87,130047.96,10403.84,230549.03,5095.5,34035.93,0.0,0.0,0.0,131.0,1480062.8412489998,740031.4206244999,Injection moulding machine,Shanghai
IMP-2024-0055,SUP-1007,SKU-109,8458110100,8458110100,CNC Turning Centre TC-109,East China,Manzanillo,2024-02-27,2024-04-21,,2024-05-31,2024-06-07,2024-06-09,85142.31,85142.31,7931.87,0.0,93330.62,169320.41,13545.63,300171.22,7561.75,18277.78,0.0,0.0,,103.0,1897257.34356,1897257.34356,CNC lathe,Ningbo-Zhoushan
IMP-2024-0056,SUP-1005,SKU-138,8428330100,8428330100,Modular Belt Conveyor CV-138,South China,Manzanillo,2024-03-01,2024-04-25,2024-06-01,2024-06-01,2024-06-08,2024-06-09,11842.99,23685.98,8880.99,0.0,32686.69,60152.34,4812.19,106638.06,8362.01,32924.77,0.0,0.0,0.0,100.0,705571.4888190001,352785.74440950004,Conveyor system,Shekou
IMP-2024-0057,SUP-1013,SKU-120,8479500100,8479500100,6-Axis Industrial Robot IR-120,East China,Manzanillo,2024-03-01,2024-05-17,2024-06-17,2024-06-17,2024-06-22,2024-06-24,56959.47,113918.94,8172.0,0.0,122669.84,112872.81,18059.65,382142.2,6563.92,34564.64,0.0,0.0,0.0,115.0,2418863.961538,1209431.980769,Industrial robot,Shanghai
IMP-2024-0058,SUP-1008,SKU-138,8428330100,8428330100,Modular Belt Conveyor CV-138,East China,Lázaro Cárdenas,2024-03-02,2024-05-13,2024-06-13,2024-06-21,2024-07-09,2024-07-13,11420.22,11420.22,6212.37,0.0,17693.06,32560.01,2604.8,57722.38,5978.44,39974.71,0.0,0.0,8.0,133.0,405605.223993,405605.223993,Conveyor system,Wenzhou
IMP-2024-0059,SUP-1001,SKU-126,8422309900,8422309900,Automatic Filling & Sealing Line PFS-126,South China,Manzanillo,2024-03-02,2024-06-09,2024-07-10,2024-08-13,2024-08-23,2024-08-23,29833.63,59667.26,5224.81,191.07,65083.14,124000.95,9920.08,219828.89,8165.99,27679.18,0.0,0.0,34.0,174.0,1409775.741478,704887.870739,Packaging machine,Yantian
IMP-2024-0060,SUP-1004,SKU-131,8462910100,8462910100,Hydraulic Press HP-131,South China,Veracruz,2024-03-02,2024-05-14,2024-06-22,2024-06-30,2024-07-03,2024-07-05,76702.86,76702.86,8427.83,0.0,85397.66,157154.75,12572.38,278603.94,9042.4,53627.31,0.0,0.0,8.0,125.0,1799031.388863,1799031.388863,Hydraulic press,Yantian
IMP-2024-0061,SUP-1099,SKU-101,8457100100,8457100100,CNC Vertical Machining Centre VMC-101,,Lázaro Cárdenas,2024-03-03,2024-04-21,2024-05-25,2024-06-28,2024-07-07,2024-07-11,157769.1,473307.3,0.0,1696.05,475003.35,874134.41,69930.75,1549665.49,6835.53,63518.26,0.0,0.0,34.0,130.0,9755763.099045,3251921.0330149997,CNC machining centre,Shanghai
IMP-2024-0062,SUP-1007,SKU-132,8462910100,8462910100,Hydraulic Press HP-132,East China,Manzanillo,2024-03-03,2024-05-12,2024-06-19,2024-06-19,2024-06-21,2024-06-24,30859.38,30859.38,0.0,0.0,39520.8,72728.94,5818.32,128933.87,7499.34,26326.32,0.0,0.0,0.0,113.0,680268.8323260001,680268.8323260001,Hydraulic press,Ningbo-Zhoushan
IMP-2024-0063,SUP-1009,SKU-131,8462910100,8462910100,Hydraulic Press HP-131,East China,Manzanillo,2024-03-03,2024-05-07,2024-06-09,2024-06-09,2024-06-15,2024-06-17,78930.89,78930.89,6754.25,364.65,86049.79,158354.85,12668.39,280731.47,7975.68,21921.93,0.0,0.0,0.0,106.0,1784469.3204329996,1784469.3204329996,Hydraulic press,Ningbo-Zhoushan
IMP-2024-0064,SUP-1001,SKU-121,8479500100,8479500100,6-Axis Industrial Robot IR-121,South China,Manzanillo,2024-03-03,2024-05-16,,2024-06-18,2024-06-27,2024-06-29,65876.04,65876.04,0.0,361.46,66237.5,60947.44,9751.59,206343.66,3779.63,17769.42,0.0,0.0,,118.0,1311196.9212500001,1311196.9212500001,Industrial robot,Yantian
IMP-2024-0065,SUP-1007,SKU-104,8457100100,8457100100,CNC Vertical Machining Centre VMC-104,East China,Manzanillo,2024-03-04,2024-05-09,2024-06-11,2024-06-11,2024-06-20,2024-06-22,148607.06,891642.36,10919.63,5344.77,907906.76,1670793.57,133663.49,2961982.85,6840.28,69106.46,0.0,0.0,0.0,110.0,18588339.532252,3098056.5887086666,CNC machining centre,Ningbo-Zhoushan
IMP-2024-0066,SUP-1005,SKU-132,8462910100,8462910100,Hydraulic Press HP-132,South China,Manzanillo,2024-03-04,2024-05-21,2024-06-24,2024-07-06,2024-07-14,2024-07-16,29301.96,58603.92,6576.36,0.0,65180.28,121530.59,9722.45,215449.43,7422.44,30109.49,0.0,0.0,12.0,134.0,1384090.844684,692045.422342,Hydraulic press,Shekou
IMP-2024-0067,SUP-1011,SKU-124,8414809900,8414809900,Screw Air Compressor SAC-124,East China,Veracruz,2024-03-06,2024-05-27,2024-07-01,2024-07-01,2024-07-06,2024-07-10,7395.69,14791.38,7137.02,53.11,21981.51,61477.78,3278.81,75937.35,7360.82,84644.57,0.0,0.0,0.0,126.0,566613.828403,283306.9142015,Air compressor,Shanghai
IMP-2024-0068,SUP-1008,SKU-112,8456110100,8456110100,Fibre Laser Cutting Machine FL-112,East China,Veracruz,2024-03-06,2024-05-19,2024-06-29,2024-07-25,2024-07-31,2024-08-02,73181.03,219543.09,0.0,0.0,220363.53,410874.41,32869.95,728398.16,8629.26,78012.74,0.0,0.0,26.0,149.0,4623833.135977,1541277.7119923334,Laser cutting machine,Wenzhou
IMP-2024-0069,SUP-1014,SKU-119,8479500100,8479500100,6-Axis Industrial Robot IR-119,East China,Manzanillo,2024-03-08,2024-05-21,2024-06-20,2024-06-20,2024-06-22,2024-06-25,48559.22,97118.44,8019.77,533.83,105672.04,97232.54,15557.21,329190.5,5711.46,28745.08,0.0,0.0,0.0,109.0,2091897.140508,1045948.570254,Industrial robot,Nantong
IMP-2024-0070,SUP-1013,SKU-140,8515310100,8515310100,Inverter Arc Welding Power Source AW-140,East China,Manzanillo,2024-03-09,2024-05-17,2024-06-14,2024-07-10,2024-07-18,2024-07-19,25072.54,75217.62,7548.09,0.0,83083.53,232367.6,12392.94,287020.46,5618.23,31287.46,0.0,0.0,26.0,132.0,1824857.7226629998,608285.9075543332,Arc welding machine,Shanghai
IMP-2024-0071,SUP-1012,SKU-142,8515310100,8515310100,Inverter Arc Welding Power Source AW-142,East China,Lázaro Cárdenas,2024-03-10,2024-05-15,2024-06-16,2024-06-15,2024-06-24,2024-06-25,7581.94,22745.82,8541.73,0.0,31287.55,86366.31,4606.2,106679.67,3581.17,49749.14,0.0,0.0,-1.0,107.0,720078.2163849999,240026.0721283333,Arc welding machine,Shanghai
IMP-2024-0072,SUP-1002,SKU-102,8457100100,8457100100,CNC Vertical Machining Centre VMC-102,South China,Manzanillo,2024-03-10,2024-04-29,,2024-06-06,2024-06-15,2024-06-18,96420.25,192840.5,8063.95,1075.52,201979.97,371697.68,29735.81,658945.65,5482.83,27231.29,0.0,0.0,,100.0,4151124.4039189997,2075562.2019594999,CNC machining centre,Shekou
IMP-2024-0073,SUP-1008,SKU-126,8422309900,8422309900,Automatic Filling & Sealing Line PFS-126,East China,Lázaro Cárdenas,2024-03-11,2024-06-02,2024-07-06,2024-07-06,2024-07-08,2024-07-11,30800.9,30800.9,6642.92,0.0,37566.77,70044.37,5603.55,124174.66,4597.01,32699.07,0.0,0.0,0.0,122.0,811095.257046,811095.257046,Packaging machine,Wenzhou
IMP-2024-0074,SUP-1006,SKU-101,8457100100,8457100100,CNC Vertical Machining Centre VMC-101,East China,"VERACRUZ, VER",2024-03-12,2024-04-26,2024-06-05,2024-06-17,2024-06-26,2024-06-30,151238.03,453714.09,7688.14,1995.03,463397.26,852776.08,68222.09,1511801.43,4560.06,84761.8,0.0,0.0,12.0,110.0,9538080.786602,3179360.2622006666,CNC machining centre,Ningbo-Zhoushan
IMP-2024-0075,SUP-1006,SKU-101,8457100100,8457100100,CNC Vertical Machining Centre VMC-101,East China,Lázaro Cárdenas,2024-03-13,2024-04-26,2024-05-22,2024-05-22,2024-05-27,2024-05-31,159479.14,478437.42,6634.94,0.0,485072.36,880018.28,70401.46,1560096.4,3921.64,51486.0,0.0,0.0,0.0,79.0,9806010.13512,3268670.04504,CNC machining centre,Ningbo-Zhoushan
IMP-2024-0076,SUP-1013,SKU-117,8477100100,8477100100,Injection Moulding Machine IMM-117,East China,Manzanillo,2024-03-14,2024-05-21,2024-06-19,2024-06-19,2024-06-28,2024-07-01,34976.44,209858.64,7582.95,0.0,218204.9,401555.93,32124.47,711878.36,9101.45,55018.84,0.0,0.0,0.0,109.0,4499313.038293,749885.5063821668,Injection moulding machine,Shanghai
IMP-2024-0077,SUP-1014,SKU-118,8477100100,8477100100,Injection Moulding Machine IMM-118,East China,Veracruz,2024-03-15,2024-06-11,2024-07-14,2024-07-14,2024-07-27,2024-07-30,28285.55,28285.55,0.0,100.97,28386.52,52927.52,4234.2,93829.9,7594.23,65624.93,0.0,0.0,0.0,137.0,659656.061356,659656.061356,Injection moulding machine,Nantong
IMP-2024-0078,SUP-1002,SKU-124,8414809900,8414809900,Screw Air Compressor SAC-124,South China,Manzanillo,2024-03-16,2024-06-02,2024-07-10,2024-07-10,2024-07-18,2024-07-19,7520.15,7520.15,5089.95,28.12,12638.22,35346.51,1885.15,43660.01,8393.74,24954.57,0.0,0.0,0.0,125.0,306223.373366,306223.373366,Air compressor,Shekou
IMP-2024-0079,SUP-1001,SKU-114,8477100100,8477100100,Injection Moulding Machine IMM-114,South China,Manzanillo,2024-03-17,2024-06-15,2024-07-21,2024-07-21,2024-07-27,,67522.53,270090.12,7103.63,0.0,277193.75,516836.06,41346.89,916246.97,9176.35,51191.71,0.0,0.0,0.0,,5786911.636875,1446727.90921875,Injection moulding machine,Yantian
IMP-2024-0080,SUP-1003,SKU-102,8457100100,8457100100,CNC Vertical Machining Centre VMC-102,South China,Manzanillo,2024-03-17,2024-05-10,2024-06-09,2024-06-09,2024-06-14,2024-06-18,99861.51,199723.02,5491.05,0.0,205838.44,378798.31,30303.86,671533.64,4420.25,30498.4,0.0,0.0,0.0,93.0,4220513.7859889995,2110256.8929944998,CNC machining centre,Nansha
IMP-2024-0081,SUP-1002,SKU-124,8414809900,8414809900,Screw Air Compressor SAC-124,South China,Manzanillo,2024-03-17,2024-06-06,2024-07-03,2024-07-03,2024-07-08,2024-07-10,7529.24,7529.24,6656.65,25.35,14211.24,39745.92,2119.78,49094.17,7896.97,22490.31,0.0,0.0,0.0,115.0,337225.81317199994,337225.81317199994,Air compressor,Shekou
IMP-2024-0082,SUP-1007,SKU-128,8422309900,8422309900,Automatic Filling & Sealing Line PFS-128,East China,Manzanillo,2024-03-17,2024-05-25,2024-06-29,2024-06-29,2024-07-03,2024-07-05,51501.94,154505.82,8082.01,0.0,163069.57,300092.04,24007.36,532003.16,4915.63,33983.52,0.0,0.0,0.0,110.0,3355053.609141,1118351.203047,Packaging machine,Ningbo-Zhoushan
IMP-2024-0083,SUP-1003,SKU-133,8462910100,8462910100,Hydraulic Press HP-133,South China,Lázaro Cárdenas,2024-03-17,2024-06-03,2024-07-03,2024-07-08,2024-07-10,2024-07-12,99735.43,299206.29,9100.64,1427.56,309734.49,577509.25,46200.74,1023808.4,5897.16,69539.49,0.0,0.0,5.0,117.0,6474239.126396999,2158079.7087989994,Hydraulic press,Nansha
IMP-2024-0084,SUP-1014,SKU-134,8480710100,8480710100,Precision Injection Mould MD-134,East China,Lázaro Cárdenas,2024-03-19,2024-05-12,2024-06-13,2024-06-13,2024-06-22,2024-06-23,7505.82,7505.82,8478.58,42.58,16026.98,14746.99,2359.52,49927.39,6591.99,28913.42,0.0,0.0,0.0,96.0,347551.624846,347551.624846,Mould and die,Nantong
IMP-2024-0085,SUP-1014,SKU-116,8477100100,8477100100,Injection Moulding Machine IMM-116,East China,Veracruz,2024-03-19,2024-06-07,2024-07-17,2024-07-17,2024-07-25,2024-07-29,78890.65,236671.95,8143.05,0.0,244815.0,456464.91,36517.19,809221.0,4076.74,99890.8,0.0,0.0,0.0,132.0,5161598.7595,1720532.9198333332,Injection moulding machine,Nantong
IMP-2024-0086,SUP-1006,SKU-107,8458110100,8458110100,CNC Turning Centre TC-107,East China,Manzanillo,2024-03-19,2024-04-26,2024-06-03,2024-06-03,2024-06-08,2024-06-11,43145.27,86290.54,8890.35,327.68,95508.57,175761.56,14060.92,311590.09,5205.36,35239.59,0.0,0.0,0.0,84.0,1987882.9911389998,993941.4955694999,CNC lathe,Ningbo-Zhoushan
IMP-2024-0087,SUP-1014,SKU-134,8480710100,8480710100,Precision Injection Mould MD-134,East China,Manzanillo,2024-03-20,2024-05-16,2024-06-20,2024-06-20,2024-06-23,2024-06-26,7462.42,7462.42,0.0,31.2,7493.62,6895.14,1103.22,23344.19,7104.85,23001.38,0.0,0.0,0.0,98.0,176007.43077399998,176007.43077399998,Mould and die,Nantong
IMP-2024-0088,SUP-1014,SKU-104,8457100100,8457100100,CNC Vertical Machining Centre VMC-104,East China,Veracruz,2024-03-21,2024-06-04,2024-07-12,2024-07-12,2024-07-14,2024-07-15,154193.76,154193.76,0.0,0.0,161375.59,300889.63,24071.17,533417.13,7193.26,46140.15,0.0,0.0,0.0,116.0,3253283.123328,3253283.123328,CNC machining centre,Nantong
IMP-2024-0089,SUP-1013,SKU-104,8457100100,8457100100,CNC Vertical Machining Centre VMC-104,East China,Manzanillo,2024-03-21,2024-05-23,2024-06-20,2024-06-20,2024-06-25,2024-06-27,157604.94,945629.64,8158.42,3250.19,957038.25,1761208.78,140896.7,3122270.93,5763.37,73124.34,0.0,0.0,0.0,98.0,19593080.993275,3265513.498879167,CNC machining centre,Shanghai
IMP-2024-0090,SUP-1013,SKU-117,8477100100,8477100100,Injection Moulding Machine IMM-117,East China,Manzanillo,2024-03-22,2024-05-27,,2024-07-02,2024-07-09,2024-07-12,33406.73,133626.92,0.0,0.0,134388.54,250571.46,20045.72,444213.09,6720.0,38863.58,0.0,0.0,,112.0,2807714.7714760005,701928.6928690001,Injection moulding machine,Shanghai
IMP-2024-0091,SUP-1013,SKU-140,8515310100,8515310100,Inverter Arc Welding Power Source AW-140,East China,Manzanillo,2024-03-22,2024-05-30,2024-07-03,2024-07-03,2024-07-11,2024-07-13,27966.46,27966.46,7780.89,0.0,35869.49,100319.61,5350.38,123914.78,7249.86,19920.2,0.0,0.0,0.0,113.0,799360.114955,799360.114955,Arc welding machine,Shanghai
IMP-2024-0092,SUP-1014,SKU-104,8457100100,8457100100,CNC Vertical Machining Centre VMC-104,East China,Manzanillo,2024-03-22,2024-06-02,2024-07-02,2024-07-02,2024-07-08,2024-07-10,159336.36,478009.08,7909.61,2800.83,488719.52,911232.21,72898.58,1615432.46,4309.76,34719.26,0.0,0.0,0.0,110.0,10135481.876256,3378493.9587520002,CNC machining centre,Nantong
IMP-2024-0093,SUP-1007,SKU-141,8515310100,8515310100,Inverter Arc Welding Power Source AW-141,East China,Manzanillo,2024-03-23,2024-05-11,2024-06-08,2024-06-11,2024-06-16,2024-06-18,26811.42,53622.84,7940.14,0.0,61562.98,169938.76,9063.4,209908.35,7396.38,25020.06,0.0,0.0,3.0,87.0,1344343.652046,672171.826023,Arc welding machine,Ningbo-Zhoushan
IMP-2024-0094,SUP-1013,SKU-116,8477100100,8477100100,Injection Moulding Machine IMM-116,East China,Manzanillo,2024-03-23,2024-06-04,2024-07-03,2024-07-03,2024-07-05,2024-07-09,85524.39,171048.78,0.0,563.52,171612.3,319976.28,25598.1,567253.95,5884.45,33868.87,0.0,0.0,0.0,108.0,3585090.5171899996,1792545.2585949998,Injection moulding machine,Shanghai
IMP-2024-0095,SUP-1007,SKU-141,8515310100,8515310100,Inverter Arc Welding Power Source AW-141,East China,Manzanillo,2024-03-23,2024-05-03,2024-06-01,2024-06-01,2024-06-06,2024-06-08,27167.02,27167.02,7332.32,144.34,34643.68,95630.59,5100.3,118122.9,4276.54,22659.48,0.0,0.0,0.0,77.0,765204.1599359999,765204.1599359999,Arc welding machine,Ningbo-Zhoushan
IMP-2024-0096,SUP-1001,SKU-121,8479500100,8479500100,6-Axis Industrial Robot IR-121,South China,Manzanillo,2024-03-24,2024-06-16,2024-07-24,2024-07-24,2024-08-01,2024-08-02,61589.43,123178.86,6194.9,464.4,129838.16,121043.57,19366.97,409805.12,5575.31,35262.25,0.0,0.0,0.0,131.0,2602119.5446479996,1301059.7723239998,Industrial robot,Yantian
IMP-2024-0097,SUP-1014,SKU-118,8477100100,8477100100,Injection Moulding Machine IMM-118,East China,Manzanillo,2024-03-25,2024-06-05,2024-07-14,2024-07-26,2024-08-10,2024-08-14,28440.94,170645.64,9007.7,0.0,180495.96,336540.13,26923.21,596618.35,5920.96,58631.56,17443.5,0.0,12.0,142.0,3795149.780302,632524.9633836667,Injection moulding machine,Nantong
IMP-2024-0098,SUP-1008,SKU-126,8422309900,8422309900,Automatic Filling & Sealing Line PFS-126,East China,Manzanillo,2024-03-25,2024-06-23,2024-07-20,2024-07-20,2024-07-27,2024-07-28,31831.15,63662.3,6428.67,0.0,70404.05,131270.46,10501.64,232716.28,7985.36,32759.79,0.0,0.0,0.0,125.0,1489384.412941,744692.2064705,Packaging machine,Wenzhou
IMP-2024-0099,SUP-1002,SKU-124,8414809900,8414809900,Screw Air Compressor SAC-124,South China,"Manzanillo, Colima",2024-03-26,2024-06-22,2024-07-21,2024-07-21,2024-08-01,2024-08-04,8119.16,8119.16,4823.89,0.0,12990.41,36331.51,1937.68,44876.69,5723.03,20387.48,0.0,0.0,0.0,131.0,305706.750165,305706.750165,Air compressor,Shekou
IMP-2024-0100,SUP-1001,SKU-121,8479500100,8479500100,6-Axis Industrial Robot IR-121,South China,Manzanillo,2024-03-28,2024-06-12,2024-07-13,2024-07-13,2024-07-17,2024-07-18,59566.47,357398.82,8177.51,2019.47,367595.8,342696.7,54831.47,1160233.94,5778.64,71682.53,0.0,0.0,0.0,112.0,7328923.3097399995,1221487.21829,Industrial robot,Yantian
IMP-2024-0101,SUP-1013,SKU-137,8428330100,8428330100,Modular Belt Conveyor CV-137,East China,Manzanillo,2024-03-28,2024-05-11,2024-06-10,2024-06-10,2024-06-15,2024-06-19,34589.21,138356.84,9333.15,716.43,148406.42,273107.88,21848.63,484165.65,9027.96,37212.08,0.0,0.0,0.0,83.0,3072275.3753339993,768068.8438334998,Conveyor system,Shanghai
IMP-2024-0102,SUP-1013,SKU-137,8428330100,8428330100,Modular Belt Conveyor CV-137,East China,Veracruz,2024-03-27,2024-05-12,2024-06-24,2024-07-06,2024-07-10,2024-07-14,35246.29,105738.87,10456.82,0.0,116591.72,217388.76,17391.1,385386.79,8086.19,98836.09,6720.38,0.0,12.0,109.0,2514926.018757,838308.672919,Conveyor system,Shanghai
IMP-2024-0103,SUP-1002,SKU-133,8462910100,8462910100,Hydraulic Press HP-133,South China,Lázaro Cárdenas,2024-04-01,2024-06-01,2024-06-26,2024-06-26,2024-06-28,2024-06-29,92200.4,184400.8,7750.19,0.0,193242.31,355618.03,28449.44,630439.64,9019.42,48109.46,0.0,0.0,0.0,89.0,3977293.373673,1988646.6868365,Hydraulic press,Shekou
IMP-2024-0104,SUP-1014,SKU-105,8457100100,8457100100,CNC Vertical Machining Centre VMC-105,East China,Veracruz,2024-04-01,2024-06-08,2024-07-19,2024-07-19,2024-07-25,2024-07-26,156814.8,940888.8,11609.79,0.0,955844.79,1782201.29,142576.1,3159486.44,7150.13,164996.42,0.0,0.0,0.0,116.0,19856545.900127,3309424.3166878335,CNC machining centre,Nantong
IMP-2024-0105,SUP-1001,SKU-128,8422309900,8422309900,Automatic Filling & Sealing Line PFS-128,South China,Manzanillo,2024-04-02,2024-06-11,2024-07-16,2024-07-16,2024-07-21,2024-07-23,50137.17,200548.68,0.0,1027.95,209696.89,390986.14,31278.89,693140.23,7119.85,52975.67,0.0,0.0,0.0,112.0,4240817.289339,1060204.32233475,Packaging machine,Yantian
IMP-2024-0106,SUP-1001,SKU-133,8462910100,8462910100,Hydraulic Press HP-133,South China,Manzanillo,2024-04-02,2024-06-18,2024-07-23,2024-07-25,2024-08-01,2024-08-02,96915.53,290746.59,8389.45,0.0,300162.29,559661.59,44772.93,992168.07,8290.95,44498.86,0.0,0.0,2.0,122.0,6234705.536612,2078235.1788706668,Hydraulic press,Yantian
IMP-2024-0107,SUP-1011,SKU-127,8422309900,8422309900,Automatic Filling & Sealing Line PFS-127,East China,Manzanillo,2024-04-02,2024-06-27,2024-07-31,2024-08-01,2024-08-09,2024-08-11,56931.13,56931.13,6647.26,0.0,63876.91,121702.76,9736.22,215754.65,6049.32,21771.43,0.0,0.0,1.0,131.0,1370599.7211530001,1370599.7211530001,Packaging machine,Shanghai
IMP-2024-0108,SUP-1004,SKU-142,8515310100,8515310100,Inverter Arc Welding Power Source AW-142,South China,Manzanillo,2024-04-03,2024-05-27,2024-07-04,2024-07-04,2024-07-06,2024-07-10,7681.39,7681.39,0.0,45.64,14250.4,39855.45,2125.62,49229.45,6882.24,25355.53,0.0,0.0,0.0,98.0,218291.632459,218291.632459,Arc welding machine,Yantian
IMP-2024-0109,SUP-1007,SKU-135,8480710100,8480710100,Precision Injection Mould MD-135,East China,Veracruz,2024-04-04,2024-05-23,2024-06-25,2024-06-25,2024-07-07,2024-07-11,4087.52,24525.12,8726.98,93.01,33345.11,30682.0,4909.12,103876.99,4143.33,131129.94,0.0,9871.5,0.0,98.0,794375.945797,132395.99096616666,Mould and die,Ningbo-Zhoushan
IMP-2024-0110,SUP-1012,SKU-138,8428330100,8428330100,Modular Belt Conveyor CV-138,East China,Veracruz,2024-04-05,2024-06-12,2024-07-27,2024-07-27,2024-08-05,2024-08-08,12023.22,24046.44,0.0,112.59,34768.52,64826.95,5186.16,114925.21,6765.37,66421.78,0.0,0.0,0.0,125.0,593652.622059,296826.3110295,Conveyor system,Shanghai
IMP-2024-0111,SUP-1013,SKU-109,8414809900,8458110100,CNC Turning Centre TC-109,East China,Manzanillo,2024-04-05,2024-05-20,2024-06-21,2024-06-21,2024-06-27,2024-06-29,83195.21,83195.21,5512.01,0.0,88707.22,163245.24,13059.62,289401.15,6264.69,17688.0,0.0,0.0,0.0,85.0,1832709.907494,1832709.907494,CNC lathe,Shanghai
IMP-2024-0112,SUP-1011,SKU-115,8477100100,8477100100,Injection Moulding Machine IMM-115,East China,Manzanillo,2024-04-07,2024-06-11,2024-07-17,2024-07-17,2024-07-24,2024-07-28,42195.28,84390.56,0.0,367.21,84757.77,158033.4,12642.67,280161.62,8545.28,33701.91,0.0,0.0,0.0,112.0,1793257.308981,896628.6544905,Injection moulding machine,Shanghai
IMP-2024-0113,SUP-1003,SKU-136,8480710100,8480710100,Precision Injection Mould MD-136,South China,Manzanillo,2024-04-08,2024-06-06,2024-07-05,2024-07-05,2024-07-14,2024-07-17,19351.41,77405.64,0.0,0.0,77860.79,72586.89,11613.9,245750.17,7566.89,44441.96,0.0,0.0,0.0,100.0,1579461.0194919999,394865.25487299997,Mould and die,Nansha
IMP-2024-0114,SUP-1005,SKU-139,8428330100,8428330100,Modular Belt Conveyor CV-139,South China,Lázaro Cárdenas,2024-04-09,2024-05-19,2024-06-20,2024-06-21,2024-06-29,2024-07-01,21799.61,65398.83,10046.21,249.24,75694.28,139297.91,11143.83,246947.34,8374.02,48753.68,0.0,0.0,1.0,83.0,1600548.5665560002,533516.188852,Conveyor system,Shekou
IMP-2024-0115,SUP-1014,SKU-134,8480710100,8480710100,Precision Injection Mould MD-134,East China,Manzanillo,2024-04-09,2024-05-30,2024-07-03,2024-07-29,2024-08-03,2024-08-05,6851.14,13702.28,5184.98,0.0,18949.44,17665.9,2826.54,59809.67,8104.55,34832.57,42868.53,0.0,26.0,118.0,458456.71887800004,229228.35943900002,Mould and die,Nantong
IMP-2024-0116,SUP-1001,SKU-121,8479500100,8479500100,6-Axis Industrial Robot IR-121,South China,Manzanillo,2024-04-11,2024-07-03,2024-08-06,2024-08-06,2024-08-09,2024-08-13,62561.95,62561.95,0.0,0.0,62866.4,59888.73,9582.2,202759.29,8507.14,19359.11,0.0,0.0,0.0,124.0,,,Industrial robot,Yantian
IMP-2024-0117,SUP-1006,SKU-117,,8477100100,Injection Moulding Machine IMM-117,East China,Manzanillo,2024-04-11,2024-07-01,2024-08-06,2024-08-07,2024-08-09,2024-08-13,51365.0,51365.0,0.0,0.0,56979.24,54280.42,8684.87,183771.78,7815.59,23899.49,0.0,0.0,1.0,124.0,1073322.3055,1073322.3055,Injection moulding machine,Ningbo-Zhoushan
IMP-2024-0118,SUP-1014,SKU-117,8477100100,8477100100,Injection Moulding Machine IMM-117,East China,Manzanillo,2024-04-11,2024-06-28,2024-08-01,2024-08-09,2024-08-16,2024-08-19,30079.38,60158.76,6768.47,0.0,67253.85,128136.74,10250.94,227160.82,8386.19,23284.29,16173.56,0.0,8.0,130.0,1461376.155021,730688.0775105,Injection moulding machine,Nantong
IMP-2024-0119,SUP-1010,SKU-110,8456110100,8456110100,Fibre Laser Cutting Machine FL-110,East China,Manzanillo,2024-04-11,2024-06-16,2024-07-16,2024-07-16,2024-07-23,2024-07-27,18374.46,55123.38,8093.12,0.0,63392.65,118197.5,9455.8,209540.52,6297.14,33016.42,0.0,0.0,0.0,107.0,1345657.4674499999,448552.48915,Laser cutting machine,Taizhou
IMP-2024-0120,SUP-1002,SKU-125,8414809900,8414809900,Screw Air Compressor SAC-125,South China,Manzanillo,2024-04-13,2024-06-12,2024-07-20,2024-07-20,2024-07-25,,14918.25,29836.5,7464.51,156.56,37457.57,104761.14,5587.26,129400.97,6689.25,24341.66,0.0,0.0,0.0,,839786.939921,419893.4699605,Air compressor,Shekou
IMP-2024-0121,SUP-1003,SKU-123,8414809900,8414809900,Screw Air Compressor SAC-123,South China,Lázaro Cárdenas,2024-04-13,2024-07-12,2024-08-12,2024-08-12,,2024-08-17,17413.81,34827.62,7419.01,0.0,42246.63,120736.86,6439.3,149134.16,9043.67,37454.12,0.0,0.0,0.0,126.0,978586.3174010001,489293.15870050003,Air compressor,Nansha
IMP-2024-0122,SUP-1013,SKU-120,8479500100,8479500100,6-Axis Industrial Robot IR-120,East China,Manzanillo,2024-04-14,2024-07-06,2024-08-08,2024-08-08,2024-08-11,2024-08-12,61508.61,61508.61,5231.78,255.13,66995.52,63822.28,10211.56,216076.7,5254.64,24627.55,0.0,0.0,0.0,120.0,1380361.5739040002,1380361.5739040002,Industrial robot,Shanghai
IMP-2024-0123,SUP-1001,SKU-114,8477100100,8477100100,Injection Moulding Machine IMM-114,South China,Manzanillo,2024-04-16,2024-07-21,2024-08-15,2024-08-15,2024-08-23,2024-08-26,67332.4,67332.4,8206.4,202.26,75741.06,144307.17,11544.57,255827.75,5831.07,20440.18,0.0,0.0,0.0,132.0,1625194.6838619998,1625194.6838619998,Injection moulding machine,Yantian
IMP-2024-0124,SUP-1005,SKU-138,8428330100,8428330100,Modular Belt Conveyor CV-138,South China,Lázaro Cárdenas,2024-04-16,2024-06-25,2024-07-22,2024-07-22,2024-07-31,2024-08-03,11797.99,11797.99,7288.6,0.0,19149.67,35705.13,2856.41,63298.06,7984.77,30075.02,0.0,0.0,0.0,109.0,432496.526527,432496.526527,Conveyor system,Shekou
IMP-2024-0125,SUP-1013,SKU-140,8515310100,8515310100,Inverter Arc Welding Power Source AW-140,East China,Manzanillo,2024-04-17,2024-06-26,2024-07-29,2024-07-31,2024-08-05,2024-08-06,25270.01,25270.01,0.0,151.58,30420.68,85080.41,4537.62,105091.32,5545.0,22651.79,0.0,0.0,2.0,111.0,591807.9920270001,591807.9920270001,Arc welding machine,Shanghai
IMP-2024-0126,SUP-1012,SKU-128,8422309900,8422309900,Automatic Filling & Sealing Line PFS-128,East China,Veracruz,2024-04-17,2024-07-01,2024-08-09,2024-08-09,2024-08-13,2024-08-14,51217.14,204868.56,11874.34,0.0,217625.14,414634.65,33170.77,735064.31,3700.17,90429.11,0.0,0.0,0.0,119.0,4671472.15083,1167868.0377075,Packaging machine,Shanghai
IMP-2024-0127,SUP-1008,SKU-132,8462910100,8462910100,Hydraulic Press HP-132,East China,Manzanillo,2024-04-17,2024-07-06,2024-08-06,2024-08-06,2024-08-13,,31137.67,124550.68,7810.4,542.79,132903.87,253217.76,20257.42,448904.44,5695.65,39704.56,0.0,0.0,0.0,,2851052.953949,712763.23848725,Hydraulic press,Wenzhou
IMP-2024-0128,SUP-1013,SKU-109,8456110100,8458110100,CNC Turning Centre TC-109,East China,Veracruz,2024-04-17,2024-05-30,2024-07-06,2024-07-06,2024-07-12,2024-07-14,81760.83,163521.66,0.0,0.0,173702.89,323874.25,25909.94,574164.27,4167.68,61474.75,0.0,0.0,0.0,88.0,3464337.027198,1732168.513599,CNC lathe,Shanghai
IMP-2024-0129,SUP-1005,SKU-125,8414809900,8414809900,Screw Air Compressor SAC-125,South China,Manzanillo,2024-04-18,2024-06-14,,2024-07-25,2024-07-29,2024-08-02,14382.34,43147.02,5666.18,175.96,48989.16,137012.64,7307.34,169238.01,7062.49,37470.47,14716.16,0.0,,106.0,1116986.684948,372328.89498266665,Air compressor,Shekou
IMP-2024-0130,SUP-1006,SKU-101,8457100100,8457100100,CNC Vertical Machining Centre VMC-101,East China,Manzanillo,2024-04-18,2024-06-08,2024-07-16,2024-07-18,,2024-08-01,154744.0,309488.0,0.0,0.0,315936.07,589072.28,47125.78,1044307.34,8973.6,35577.78,0.0,0.0,2.0,105.0,6451246.0464,3225623.0232,CNC machining centre,Ningbo-Zhoushan
IMP-2024-0131,SUP-1006,SKU-119,8479500100,8479500100,6-Axis Industrial Robot IR-119,East China,Veracruz,2024-04-18,2024-07-01,2024-08-07,2024-08-07,2024-08-16,2024-08-20,47914.85,287489.1,8281.15,0.0,295770.25,281761.09,45081.77,953930.35,7179.52,129248.64,0.0,0.0,0.0,124.0,6098492.862175001,1016415.4770291668,Industrial robot,Ningbo-Zhoushan
IMP-2024-0132,SUP-1001,SKU-121,8479500100,8479500100,6-Axis Industrial Robot IR-121,South China,Manzanillo,2024-04-18,2024-07-06,2024-08-08,2024-08-08,2024-08-12,2024-08-14,66866.91,200600.73,8843.64,1068.57,210512.94,200541.99,32086.72,678954.98,3617.2,33413.59,0.0,0.0,0.0,118.0,4280499.391938001,1426833.1306460004,Industrial robot,Yantian
IMP-2024-0133,SUP-1003,SKU-133,8462910100,8462910100,Hydraulic Press HP-133,South China,Lázaro Cárdenas,2024-04-19,2024-07-06,2024-08-09,2024-08-09,2024-08-12,2024-08-13,98786.77,197573.54,6143.11,0.0,204556.2,389734.79,31178.78,690921.84,6098.76,46206.63,0.0,0.0,0.0,116.0,4354571.177455001,2177285.5887275003,Hydraulic press,Nansha
IMP-2024-0134,SUP-1013,SKU-140,8515310100,8515310100,Inverter Arc Welding Power Source AW-140,East China,Lázaro Cárdenas,2024-04-20,2024-06-27,2024-07-30,2024-07-30,2024-08-05,,26423.04,52846.08,8849.56,305.16,62000.8,173403.53,9248.19,214188.04,5358.85,42696.98,0.0,0.0,0.0,,1386731.06624,693365.53312,Arc welding machine,Shanghai
IMP-2024-0135,SUP-1014,SKU-118,8477100100,8477100100,Injection Moulding Machine IMM-118,East China,Manzanillo,2024-04-20,2024-07-01,,2024-09-02,2024-09-09,,29470.79,176824.74,6631.08,727.1,184182.92,356893.09,28551.45,632700.06,6877.98,68642.81,0.0,0.0,,,4029896.1891319994,671649.3648553332,Injection moulding machine,Nantong
IMP-2024-0136,SUP-1009,SKU-108,8458110100,8458110100,CNC Turning Centre TC-108,East China,Manzanillo,2024-04-21,2024-06-04,2024-07-07,2024-07-07,2024-07-12,2024-07-15,111463.43,111463.43,0.0,502.96,119283.58,222407.81,17792.63,394284.57,8374.46,23528.36,0.0,0.0,0.0,85.0,2359750.191467,2359750.191467,CNC lathe,Ningbo-Zhoushan
IMP-2024-0137,SUP-1013,SKU-116,8477100100,8477100100,Injection Moulding Machine IMM-116,East China,Manzanillo,2024-04-21,2024-07-04,2024-08-11,2024-08-11,2024-08-20,2024-08-22,82066.19,164132.38,8412.33,0.0,173258.83,330104.85,26408.39,585209.88,8429.67,26273.08,0.0,0.0,0.0,123.0,3678658.586217,1839329.2931085,Injection moulding machine,Shanghai
IMP-2024-0138,SUP-1007,SKU-129,8422309900,8422309900,Automatic Filling & Sealing Line PFS-129,East China,Manzanillo,2024-04-21,2024-07-22,2024-08-29,2024-08-29,2024-09-12,2024-09-14,38277.2,153108.8,8889.76,0.0,162741.16,310065.85,24805.27,549684.74,7827.16,53558.99,0.0,4937.45,0.0,146.0,3487704.6841120003,871926.1710280001,Packaging machine,Ningbo-Zhoushan
IMP-2024-0139,SUP-1005,SKU-139,8428330100,8428330100,Modular Belt Conveyor CV-139,South China,Manzanillo,2024-04-22,2024-06-09,2024-07-14,2024-07-14,2024-07-17,2024-07-21,22849.37,137096.22,6944.71,510.48,144551.41,269520.44,21561.64,477805.84,5389.12,60702.56,0.0,0.0,0.0,90.0,3052378.1648730002,508729.6941455,Conveyor system,Shekou
IMP-2024-0140,SUP-1009,SKU-131,8462910100,8462910100,Hydraulic Press HP-131,East China,Manzanillo,2024-04-24,2024-06-30,2024-07-28,2024-07-28,2024-08-01,2024-08-05,78925.91,236777.73,9244.5,0.0,246022.23,458715.83,36697.27,813211.42,8774.33,42597.98,0.0,0.0,0.0,103.0,5133943.695019,1711314.5650063334,Hydraulic press,Ningbo-Zhoushan
IMP-2024-0141,SUP-1001,SKU-121,8479500100,8479500100,6-Axis Industrial Robot IR-121,South China,Manzanillo,2024-04-24,2024-07-18,2024-08-23,2024-08-23,2024-09-06,2024-09-09,64312.03,128624.06,8453.43,0.0,137584.98,131068.27,20970.92,443744.73,7929.42,30929.61,0.0,8295.29,0.0,138.0,2810889.8037230005,1405444.9018615002,Industrial robot,Yantian
IMP-2024-0142,SUP-1014,SKU-122,8414809900,8414809900,Screw Air Compressor SAC-122,East China,Veracruz,2024-04-24,2024-07-17,2024-08-23,2024-08-26,2024-09-01,2024-09-04,25070.29,25070.29,0.0,0.0,35824.65,102383.45,5460.45,126464.03,5045.31,55683.63,0.0,0.0,3.0,133.0,646229.5542830001,646229.5542830001,Air compressor,Nantong
IMP-2024-0143,SUP-1013,SKU-120,8479500100,8479500100,6-Axis Industrial Robot IR-120,East China,Lázaro Cárdenas,2024-04-24,2024-07-10,2024-08-06,2024-08-06,2024-08-10,2024-08-13,62492.94,249971.76,7909.94,810.11,258691.81,246438.87,39430.22,834343.45,3579.25,62437.83,0.0,0.0,0.0,111.0,5280663.618387001,1320165.9045967502,Industrial robot,Shanghai
IMP-2024-0144,SUP-1007,SKU-130,8462910100,8462910100,Hydraulic Press HP-130,East China,Lázaro Cárdenas,2024-04-25,2024-06-30,2024-08-04,2024-08-04,2024-08-20,2024-08-21,76420.55,305682.2,0.0,1530.19,316462.95,602947.36,48235.79,1068905.09,7455.91,69449.14,0.0,1527.35,0.0,118.0,6582841.052953,1645710.26323825,Hydraulic press,Ningbo-Zhoushan
IMP-2024-0145,SUP-1006,SKU-106,8458110100,8458110100,CNC Turning Centre TC-106,East China,Veracruz,2024-04-26,2024-07-11,2024-08-25,2024-08-25,2024-08-31,2024-09-02,91942.9,91942.9,6775.55,303.78,99022.23,188664.08,15093.13,334463.69,7874.49,55691.49,0.0,0.0,0.0,129.0,2153964.031521,2153964.031521,CNC lathe,Ningbo-Zhoushan
IMP-2024-0146,SUP-1014,SKU-134,8480710100,8480710100,Precision Injection Mould MD-134,East China,Manzanillo,2024-04-27,2024-06-11,2024-07-09,2024-07-10,2024-07-22,2024-07-23,6903.16,6903.16,6224.72,23.26,13151.14,12260.35,1961.66,41508.63,8373.28,20526.35,0.0,0.0,1.0,87.0,288328.590642,288328.590642,Mould and die,Nantong
IMP-2024-0147,SUP-1008,SKU-126,8422309900,8422309900,Automatic Filling & Sealing Line PFS-126,East China,Lázaro Cárdenas,2024-04-27,2024-08-03,2024-09-04,2024-09-04,2024-09-06,2024-09-07,31437.58,94312.74,5493.78,491.07,100297.59,194347.64,15547.81,344539.5,5598.66,67384.36,0.0,0.0,0.0,133.0,2226354.9011890003,742118.3003963334,Packaging machine,Wenzhou
IMP-2024-0148,SUP-1011,SKU-135,8480710100,8480710100,Precision Injection Mould MD-135,East China,Manzanillo,2024-05-02,2024-06-24,2024-07-29,2024-08-01,2024-08-08,2024-08-09,4314.38,4314.38,5962.27,0.0,10293.08,9805.55,1568.89,33197.66,4142.94,22688.05,0.0,0.0,3.0,99.0,234003.35945500003,234003.35945500003,Mould and die,Shanghai
IMP-2024-0149,SUP-1013,SKU-109,8458110100,8458110100,CNC Turning Centre TC-109,East China,Lázaro Cárdenas,2024-05-03,2024-06-17,2024-07-21,2024-07-21,2024-07-27,2024-07-29,78243.12,78243.12,0.0,255.23,78498.35,146362.53,11709.0,259471.49,8985.44,30939.39,0.0,0.0,0.0,87.0,1661621.6452549999,1661621.6452549999,CNC lathe,Shanghai
IMP-2024-0150,SUP-1003,SKU-123,8414809900,8414809900,Screw Air Compressor SAC-123,South China,Manzanillo,2024-05-04,2024-08-01,2024-09-05,2024-09-05,2024-09-10,2024-09-12,19174.73,19174.73,0.0,107.73,19282.46,56045.72,2989.11,69227.68,4913.11,18338.38,0.0,0.0,0.0,131.0,455924.475666,455924.475666,Air compressor,Nansha
IMP-2024-0151,SUP-1008,SKU-108,8458110100,8458110100,CNC Turning Centre TC-108,East China,Veracruz,2024-05-05,2024-06-20,2024-07-28,2024-07-28,2024-08-04,2024-08-06,110098.4,110098.4,10318.64,510.49,120927.53,225473.01,18037.84,399718.55,6373.82,65130.56,0.0,0.0,0.0,93.0,2569745.305109,2569745.305109,CNC lathe,Wenzhou
IMP-2024-0152,SUP-1008,SKU-126,8422309900,8422309900,Automatic Filling & Sealing Line PFS-126,East China,Lázaro Cárdenas,2024-05-05,2024-08-04,2024-09-05,2024-09-05,2024-09-11,2024-09-15,29490.08,58980.16,8196.44,307.83,67484.43,130765.25,10461.22,231820.64,5181.89,48426.27,0.0,0.0,0.0,133.0,1502487.178553,751243.5892765,Packaging machine,Wenzhou
IMP-2024-0153,SUP-1012,SKU-138,8428330100,8428330100,Modular Belt Conveyor CV-138,East China,Manzanillo,2024-05-05,2024-07-07,2024-08-03,2024-08-03,2024-08-09,2024-08-09,10825.15,21650.3,0.0,104.07,21754.37,41447.95,3315.84,73478.92,8292.62,26629.47,0.0,0.0,0.0,96.0,494165.365299,247082.6826495,Conveyor system,Shanghai
IMP-2024-0154,SUP-1011,SKU-135,8480710100,8480710100,Precision Injection Mould MD-135,East China,Lázaro Cárdenas,2024-05-06,2024-06-22,2024-07-17,2024-07-17,2024-08-01,2024-08-02,3934.7,3934.7,8216.99,19.26,12170.95,11346.55,1815.45,38414.88,6858.68,30635.13,0.0,6755.78,0.0,88.0,284342.60403499997,284342.60403499997,Mould and die,Shanghai
IMP-2024-0155,SUP-1002,SKU-106,8458110100,8458110100,CNC Turning Centre TC-106,South China,Manzanillo,2024-05-07,2024-07-22,2024-08-23,2024-08-23,2024-08-31,2024-09-03,82421.52,494529.12,0.0,0.0,496678.85,946307.31,75704.59,1677613.6,8070.42,52181.03,0.0,0.0,0.0,119.0,10504378.314624,1750729.7191040001,CNC lathe,Shekou
IMP-2024-0156,SUP-1002,SKU-102,8457100100,8457100100,CNC Vertical Machining Centre VMC-102,South China,Manzanillo,2024-05-09,2024-06-25,2024-08-01,2024-08-01,2024-08-07,2024-08-10,96503.46,386013.84,8671.08,1469.25,396154.17,754780.66,60382.45,1338075.15,4715.69,42291.43,0.0,0.0,0.0,93.0,8409976.784759002,2102494.1961897505,CNC machining centre,Shekou
IMP-2024-0157,SUP-1010,SKU-110,8456110100,8456110100,Fibre Laser Cutting Machine FL-110,East China,Manzanillo,2024-05-09,2024-07-11,2024-08-15,2024-08-15,2024-08-17,2024-08-20,17900.16,35800.32,8130.58,179.73,44110.63,84042.66,6723.41,148990.83,3736.82,23660.3,0.0,0.0,0.0,103.0,958589.7902010002,479294.8951005001,Laser cutting machine,Taizhou
IMP-2024-0158,SUP-1014,SKU-104,8457100100,8457100100,CNC Vertical Machining Centre VMC-104,East China,Manzanillo,2024-05-09,2024-07-12,2024-08-13,2024-08-13,2024-08-19,2024-08-22,161270.6,483811.8,7711.49,1759.57,493282.86,939837.03,75186.96,1666143.1,8679.45,38896.32,0.0,0.0,0.0,105.0,10460970.106722001,3486990.0355740003,CNC machining centre,Nantong
IMP-2024-0159,SUP-1014,SKU-116,8477100100,8477100100,Injection Moulding Machine IMM-116,East China,Manzanillo,2024-05-10,2024-07-27,2024-08-26,2024-09-13,2024-09-22,2024-09-24,81676.31,163352.62,0.0,724.88,164077.5,317934.61,25434.77,563634.48,5448.37,28778.54,30051.52,0.0,18.0,137.0,3586993.9352499996,1793496.9676249998,Injection moulding machine,Nantong
IMP-2024-0160,SUP-1014,SKU-122,8414809900,8414809900,Screw Air Compressor SAC-122,East China,Manzanillo,2024-05-10,2024-08-17,2024-09-21,2024-09-21,2024-09-24,2024-09-25,24440.33,73320.99,0.0,0.0,73589.3,213892.08,11407.58,264199.5,6804.39,42466.95,0.0,0.0,0.0,138.0,1695319.155329,565106.3851096666,Air compressor,Nantong
IMP-2024-0161,SUP-1013,SKU-142,8515310100,8515310100,Inverter Arc Welding Power Source AW-142,East China,Manzanillo,2024-05-12,2024-07-05,2024-08-04,2024-08-05,2024-08-13,2024-08-17,7292.55,14585.1,0.0,67.9,14653.0,41876.88,2233.43,51726.32,8332.73,28474.0,0.0,0.0,1.0,97.0,360096.2531,180048.12655,Arc welding machine,Shanghai
IMP-2024-0162,SUP-1012,SKU-142,8515310100,8515310100,Inverter Arc Welding Power Source AW-142,East China,Lázaro Cárdenas,2024-05-12,2024-07-14,2024-08-16,2024-08-16,2024-08-21,2024-08-26,6958.84,27835.36,8529.53,85.7,36450.59,104172.32,5555.86,128673.65,7895.98,79137.64,0.0,0.0,0.0,106.0,891243.956093,222810.98902325,Arc welding machine,Shanghai
IMP-2024-0163,SUP-1001,SKU-121,8479500100,8479500100,6-Axis Industrial Robot IR-121,South China,Lázaro Cárdenas,2024-05-13,2024-08-05,2024-09-03,2024-09-03,2024-09-11,2024-09-14,62696.55,62696.55,0.0,0.0,68593.36,66457.02,10633.12,224996.89,3662.03,40583.57,0.0,0.0,0.0,124.0,1336213.059005,1336213.059005,Industrial robot,Yantian
IMP-2024-0164,SUP-1007,SKU-129,8422309900,8422309900,Automatic Filling & Sealing Line PFS-129,East China,Manzanillo,2024-05-14,2024-08-02,2024-09-03,2024-09-03,2024-09-11,2024-09-13,39799.49,39799.49,5547.01,0.0,45479.32,88125.73,7050.06,156229.3,3826.24,23403.94,0.0,0.0,0.0,122.0,1001089.6351499999,1001089.6351499999,Packaging machine,Ningbo-Zhoushan
IMP-2024-0165,SUP-1006,SKU-114,8477100100,8477100100,Injection Moulding Machine IMM-114,East China,Manzanillo,2024-05-13,2024-08-15,2024-09-14,2024-09-14,2024-09-20,2024-09-23,67548.8,135097.6,7685.74,676.35,143459.69,277983.28,22238.66,492808.75,8217.43,25312.89,0.0,0.0,0.0,133.0,3113585.019099,1556792.5095495,Injection moulding machine,Ningbo-Zhoushan
IMP-2024-0166,SUP-1014,SKU-134,8480710100,8480710100,Precision Injection Mould MD-134,East China,Manzanillo,2024-05-14,2024-07-05,2024-08-10,2024-08-10,2024-08-17,2024-08-21,7531.79,22595.37,6901.03,0.0,29496.4,28099.3,4495.89,95133.0,7389.96,41697.21,0.0,0.0,0.0,99.0,643668.42028,214556.14009333332,Mould and die,Nantong
IMP-2024-0167,SUP-1013,SKU-117,8477100100,8477100100,Injection Moulding Machine IMM-117,East China,manzanillo,2024-05-15,2024-08-03,2024-09-03,2024-09-03,2024-09-10,2024-09-12,33301.55,33301.55,7917.09,0.0,41218.64,79869.77,6389.58,141593.13,5128.87,17141.08,0.0,0.0,0.0,120.0,907227.009144,907227.009144,Injection moulding machine,Shanghai
IMP-2024-0168,SUP-1001,SKU-121,8479500100,8479500100,6-Axis Industrial Robot IR-121,South China,Manzanillo,2024-05-16,2024-08-16,2024-09-17,2024-09-17,2024-09-20,2024-09-24,66766.12,66766.12,8242.57,257.92,75266.61,72922.43,11667.59,246886.18,8841.85,17227.9,0.0,0.0,0.0,131.0,1569108.398631,1569108.398631,Industrial robot,Yantian
IMP-2024-0169,SUP-1007,SKU-136,8480710100,8480710100,Precision Injection Mould MD-136,East China,manzanillo,2024-05-16,2024-07-09,2024-08-07,2024-08-07,2024-08-27,2024-08-30,19331.46,19331.46,5769.02,0.0,25187.9,23994.88,3839.18,81237.05,7887.47,17172.38,0.0,4708.99,0.0,106.0,535834.815296,535834.815296,Mould and die,Ningbo-Zhoushan
IMP-2024-0170,SUP-1005,SKU-139,8428330100,8428330100,Modular Belt Conveyor CV-139,South China,Lázaro Cárdenas,2024-05-16,2024-07-06,2024-08-03,2024-08-03,2024-08-09,2024-08-12,21997.9,65993.7,9207.45,337.75,75538.9,143922.0,11513.76,255144.92,3666.71,52211.51,0.0,0.0,0.0,88.0,1650533.98003,550177.9933433334,Conveyor system,Shekou
IMP-2024-0171,SUP-1012,SKU-142,8515310100,8515310100,Inverter Arc Welding Power Source AW-142,East China,Manzanillo,2024-05-16,2024-07-15,2024-08-22,2024-09-25,2024-09-30,2024-10-02,7403.54,22210.62,6482.17,0.0,28692.79,83397.46,4447.86,103012.54,4070.27,36787.59,34229.78,0.0,34.0,139.0,718916.0211090001,239638.67370300004,Arc welding machine,Shanghai
IMP-2024-0172,SUP-1002,SKU-124,8414809900,8414809900,Screw Air Compressor SAC-124,South China,Manzanillo,2024-05-17,2024-08-16,2024-09-19,2024-09-19,2024-09-26,2024-09-29,7484.38,29937.52,0.0,98.65,39786.57,115642.25,6167.59,142841.31,3755.93,43986.9,0.0,0.0,0.0,135.0,751566.5397069999,187891.63492674998,Air compressor,Shekou
IMP-2024-0173,SUP-1002,SKU-102,,8457100100,CNC Vertical Machining Centre VMC-102,South China,Manzanillo,2024-05-18,2024-07-06,2024-08-10,2024-08-10,2024-08-14,2024-08-15,100187.52,300562.56,7940.72,1286.74,309790.02,590233.63,47218.69,1046366.18,6907.98,37282.22,0.0,0.0,0.0,89.0,6583978.834053999,2194659.611351333,CNC machining centre,Shekou
IMP-2024-0174,SUP-1001,SKU-114,8477100100,8477100100,Injection Moulding Machine IMM-114,South China,Veracruz,2024-05-18,2024-08-06,2024-09-16,2024-10-04,2024-10-25,2024-10-27,64861.68,194585.04,0.0,0.0,195305.56,386798.76,30943.9,685716.83,7915.08,93849.09,0.0,0.0,18.0,162.0,4373224.630192,1457741.5433973335,Injection moulding machine,Yantian
IMP-2024-0175,SUP-1007,SKU-129,8422309900,8422309900,Automatic Filling & Sealing Line PFS-129,East China,Manzanillo,2024-05-19,2024-08-15,2024-09-18,2024-09-18,2024-09-25,2024-09-28,37810.71,151242.84,7855.62,0.0,159956.09,309948.52,24795.88,549476.73,6376.17,44051.89,0.0,0.0,0.0,132.0,3468039.2292659995,867009.8073164999,Packaging machine,Ningbo-Zhoushan
IMP-2024-0176,SUP-1008,SKU-112,8456110100,8456110100,Fibre Laser Cutting Machine FL-112,East China,Veracruz,2024-05-19,2024-08-03,2024-09-11,2024-09-11,2024-09-15,2024-09-17,69725.05,69725.05,0.0,0.0,70109.33,135851.55,10868.12,240837.63,5435.39,48890.85,0.0,0.0,0.0,121.0,1552115.176355,1552115.176355,Laser cutting machine,Wenzhou
IMP-2024-0177,SUP-1014,SKU-134,8480710100,8480710100,Precision Injection Mould MD-134,East China,Lázaro Cárdenas,2024-05-20,2024-06-28,2024-07-29,2024-07-29,2024-08-05,2024-08-09,7043.63,21130.89,9407.09,0.0,30648.62,28572.64,4571.62,96735.52,8371.07,68081.68,0.0,0.0,0.0,81.0,678986.808494,226328.93616466667,Mould and die,Nantong
IMP-2024-0178,SUP-1005,SKU-106,8458110100,8458110100,CNC Turning Centre TC-106,South China,Manzanillo,2024-05-20,2024-08-11,2024-09-18,2024-09-18,2024-09-20,2024-09-21,85950.73,171901.46,8442.53,0.0,181324.36,351354.03,28108.32,622880.42,3652.05,29376.67,0.0,0.0,0.0,124.0,3907034.598628999,1953517.2993144996,CNC lathe,Shekou
IMP-2024-0179,SUP-1006,SKU-139,8428330100,8428330100,Modular Belt Conveyor CV-139,East China,Manzanillo,2024-05-22,2024-07-01,2024-08-06,2024-08-08,2024-08-11,2024-08-15,22260.8,44521.6,7900.73,0.0,52665.97,100342.89,8027.43,177887.88,8449.91,35566.7,0.0,0.0,2.0,85.0,1151173.856791,575586.9283955,Conveyor system,Ningbo-Zhoushan
IMP-2024-0180,SUP-1013,SKU-109,8458110100,8458110100,CNC Turning Centre TC-109,East China,Manzanillo,2024-05-22,2024-07-10,2024-08-11,2024-08-11,2024-08-17,2024-08-19,76101.41,76101.41,0.0,0.0,76529.05,145808.5,11664.68,258489.31,8051.4,20539.72,0.0,0.0,0.0,89.0,1636001.6343070003,1636001.6343070003,CNC lathe,Shanghai
IMP-2024-0181,SUP-1013,SKU-140,8515310100,8515310100,Inverter Arc Welding Power Source AW-140,East China,Lázaro Cárdenas,2024-05-22,2024-08-10,2024-09-06,2024-08-03,2024-10-09,2024-10-13,26919.02,53838.04,5436.72,189.3,59464.06,176651.07,9421.39,218199.4,7570.88,37370.78,29571.65,0.0,,,1438259.5854880002,719129.7927440001,Arc welding machine,Shanghai
IMP-2024-0182,SUP-1014,SKU-134,8480710100,8480710100,Precision Injection Mould MD-134,East China,Lázaro Cárdenas,2024-05-23,2024-07-09,2024-08-04,2024-08-22,2024-08-30,2024-08-31,7325.85,-7325.85,8720.49,30.78,16077.12,15315.63,2450.5,51852.59,6003.53,40666.05,33948.05,0.0,18.0,100.0,125541.859634,-125541.859634,Mould and die,Nantong
IMP-2024-0183,SUP-1002,SKU-132,8462910100,8462910100,Hydraulic Press HP-132,South China,Manzanillo,2024-05-25,2024-08-09,2024-09-05,2024-09-05,2024-09-14,2024-09-16,30016.36,120065.44,6684.4,416.62,127166.46,246411.72,19712.94,436838.7,7982.19,42857.81,0.0,0.0,0.0,114.0,2781081.872066,695270.4680165,Hydraulic press,Shekou
IMP-2024-0184,SUP-1007,SKU-128,8422309900,8422309900,Automatic Filling & Sealing Line PFS-128,East China,Veracruz,2024-05-24,2024-07-26,2024-09-08,2024-09-08,2024-09-11,,50488.21,201952.84,7982.17,869.7,210804.71,408478.39,32678.27,724150.5,7837.09,103252.65,0.0,0.0,0.0,,4637030.346141,1159257.58653525,Packaging machine,Ningbo-Zhoushan
IMP-2024-0185,SUP-1006,SKU-119,8479500100,8479500100,6-Axis Industrial Robot IR-119,East China,Manzanillo,2024-05-26,2024-08-17,2024-09-16,2024-09-16,2024-09-24,,50024.74,100049.48,8926.51,0.0,108975.99,105581.93,16893.11,357458.19,3739.65,23484.31,0.0,0.0,0.0,,2261337.655829,1130668.8279145,Industrial robot,Ningbo-Zhoushan
IMP-2024-0186,SUP-1006,SKU-101,8457100100,8457100100,CNC Vertical Machining Centre VMC-101,East China,Lázaro Cárdenas,2024-05-26,2024-07-08,2024-08-07,2024-09-10,,2024-09-27,164277.59,985665.54,8141.37,0.0,997717.25,1933286.69,154662.94,3427330.65,5486.7,82688.6,18923.11,0.0,34.0,124.0,21452143.915760998,3575357.3192934995,CNC machining centre,Ningbo-Zhoushan
IMP-2024-0187,SUP-1006,SKU-116,8477100100,8477100100,Injection Moulding Machine IMM-116,East China,Lázaro Cárdenas,2024-05-27,2024-08-23,2024-09-18,2024-10-22,2024-10-24,2024-10-27,86448.01,259344.03,6454.34,1444.07,267242.44,529268.31,42341.46,938286.86,4813.49,54384.85,0.0,0.0,34.0,153.0,5923491.185712,1974497.0619040001,Injection moulding machine,Ningbo-Zhoushan
IMP-2024-0188,SUP-1011,SKU-136,8480710100,8480710100,Precision Injection Mould MD-136,East China,veracruz,2024-05-27,2024-07-31,2024-09-12,2024-09-12,2024-09-14,2024-09-18,19635.34,39270.68,7247.97,0.0,46732.26,45276.78,7244.29,153289.08,8164.11,66241.32,0.0,0.0,0.0,114.0,1028323.032915,514161.5164575,Mould and die,Shanghai
IMP-2024-0189,SUP-1009,SKU-115,8477100100,8477100100,Injection Moulding Machine IMM-115,East China,Manzanillo,2024-05-28,2024-07-31,2024-08-29,2024-08-29,2024-09-14,2024-09-15,45190.17,45190.17,8971.2,258.99,54420.36,103685.48,8294.84,183813.62,6083.3,22384.33,0.0,0.0,0.0,110.0,1177302.742972,1177302.742972,Injection moulding machine,Ningbo-Zhoushan
IMP-2024-0190,SUP-1002,SKU-102,8457100100,8457100100,CNC Vertical Machining Centre VMC-102,South China,Manzanillo,2024-05-28,2024-07-13,2024-08-11,2024-08-12,2024-08-15,2024-08-16,92401.61,184803.22,8109.0,0.0,193712.5,369074.61,29525.97,654295.48,5327.43,34590.83,0.0,0.0,1.0,80.0,4114017.4939940004,2057008.7469970002,CNC machining centre,Shekou
IMP-2024-0191,SUP-1006,SKU-999,8457100100,,,East China,Manzanillo,2024-06-01,2024-07-14,2024-08-19,2024-08-19,2024-08-23,2024-08-25,158208.0,316416.0,9127.26,1877.94,327421.2,623825.79,49906.06,1105918.36,4901.95,25794.53,0.0,0.0,0.0,85.0,6942686.227240001,3471343.1136200004,,Ningbo-Zhoushan
IMP-2024-0192,SUP-1012,SKU-103,8457100100,8457100100,CNC Vertical Machining Centre VMC-103,East China,Manzanillo,2024-06-01,2024-08-22,2024-09-29,2024-09-30,2024-10-03,2024-10-06,178222.54,178222.54,7483.26,920.48,186626.28,361627.61,28930.21,641093.43,5791.89,26253.22,0.0,0.0,1.0,127.0,4038879.0201880005,4038879.0201880005,CNC machining centre,Shanghai
IMP-2024-0193,SUP-1007,SKU-141,8515310100,8515310100,Inverter Arc Welding Power Source AW-141,East China,Lázaro Cárdenas,2024-06-01,2024-07-22,2024-08-25,2024-08-30,2024-09-06,2024-09-10,26629.1,53258.2,7219.86,0.0,60729.57,173559.34,9256.5,214380.5,4426.71,51652.08,0.0,0.0,5.0,101.0,1391164.9637620002,695582.4818810001,Arc welding machine,Ningbo-Zhoushan
IMP-2024-0194,SUP-1002,SKU-106,8458110100,8458110100,CNC Turning Centre TC-106,South China,Manzanillo,2024-06-02,2024-08-08,2024-09-06,2024-09-07,2024-09-15,2024-09-19,85178.64,511071.84,8202.92,1717.16,520991.92,1009531.25,80762.5,1789697.01,3664.17,65635.74,0.0,0.0,1.0,109.0,11254906.193031998,1875817.6988386663,CNC lathe,Shekou
IMP-2024-0195,SUP-1006,SKU-101,8457100100,8457100100,CNC Vertical Machining Centre VMC-101,East China,Manzanillo,2024-06-02,2024-07-23,2024-08-20,2024-09-15,2024-09-20,2024-09-22,164107.8,984646.8,0.0,0.0,988536.79,1915497.62,153239.81,3395794.19,4893.57,52628.68,0.0,0.0,26.0,112.0,21205859.188279998,3534309.864713333,CNC machining centre,Ningbo-Zhoushan
IMP-2024-0196,SUP-1014,SKU-131,8462910100,8462910100,Hydraulic Press HP-131,East China,Manzanillo,2024-06-02,2024-08-03,2024-08-31,2024-08-31,2024-09-05,2024-09-07,76269.95,228809.85,9674.74,0.0,239354.94,456035.79,36482.86,808460.24,4024.26,35877.78,0.0,0.0,0.0,97.0,5076196.037893001,1692065.3459643337,Hydraulic press,Nantong
IMP-2024-0197,SUP-1003,SKU-110,8456110100,8456110100,Fibre Laser Cutting Machine FL-110,South China,Manzanillo,2024-06-02,2024-07-24,2024-08-24,2024-08-24,2024-08-27,2024-08-31,19286.22,19286.22,0.0,103.83,26218.11,49952.58,3996.21,88555.93,5070.75,18824.96,0.0,0.0,0.0,90.0,447277.3056350001,447277.3056350001,Laser cutting machine,Nansha
IMP-2024-0198,SUP-1013,SKU-120,8479500100,8479500100,6-Axis Industrial Robot IR-120,East China,Manzanillo,2024-06-03,2024-08-22,2024-09-18,2024-09-18,2024-09-27,2024-09-28,61739.49,246957.96,0.0,0.0,248211.22,240480.68,38476.91,814171.4,9174.01,51211.82,0.0,0.0,0.0,117.0,5124672.506715999,1281168.1266789997,Industrial robot,Shanghai
IMP-2024-0199,SUP-1009,SKU-140,8515310100,8515310100,Inverter Arc Welding Power Source AW-140,East China,Lázaro Cárdenas,2024-06-06,2024-08-13,2024-09-12,2024-09-12,2024-09-15,2024-09-18,26929.21,107716.84,7127.74,0.0,115470.57,335622.72,17899.88,414561.18,5859.08,57250.83,0.0,0.0,0.0,104.0,2641987.4211179996,660496.8552794999,Arc welding machine,Ningbo-Zhoushan
IMP-2024-0200,SUP-1004,SKU-135,8480710100,8480710100,Precision Injection Mould MD-135,South China,Manzanillo,2024-06-07,2024-08-13,,2024-09-17,2024-09-23,2024-09-26,19297.84,19297.84,7838.76,58.94,27195.54,26348.53,4215.77,89205.6,4982.31,19988.57,0.0,0.0,,111.0,582505.878134,582505.878134,Mould and die,Yantian
IMP-2024-0201,SUP-1002,SKU-130,8462910100,8462910100,Hydraulic Press HP-130,South China,Manzanillo,2024-06-09,2024-07-28,2024-09-02,2024-09-04,2024-09-06,2024-09-09,83689.71,167379.42,0.0,555.54,167934.96,325409.25,26032.74,576885.52,8741.95,29841.68,0.0,0.0,2.0,92.0,3644118.1334160003,1822059.0667080001,Hydraulic press,Shekou
IMP-2024-0202,SUP-1008,SKU-126,8422309900,8422309900,Automatic Filling & Sealing Line PFS-126,East China,Veracruz,2024-06-10,2024-09-17,2024-10-22,2024-10-22,2024-10-26,2024-10-27,28894.23,57788.46,7343.25,254.67,65386.38,129496.42,10359.71,229571.25,7950.31,76489.64,0.0,0.0,0.0,139.0,1519260.258624,759630.129312,Packaging machine,Wenzhou
IMP-2024-0203,SUP-1008,SKU-137,8428330100,8428330100,Modular Belt Conveyor CV-137,East China,Manzanillo,2024-06-13,2024-07-30,2024-08-30,2024-08-30,2024-09-03,,36071.86,216431.16,8040.25,709.87,225181.28,429031.14,34322.49,760586.4,7924.48,47003.32,0.0,0.0,0.0,,4808592.803456,801432.1339093334,Conveyor system,Wenzhou
IMP-2024-0204,SUP-1012,SKU-108,8458110100,8458110100,CNC Turning Centre TC-108,East China,Manzanillo,2024-06-13,2024-07-22,2024-08-18,2024-08-18,2024-09-07,2024-09-09,116805.06,116805.06,0.0,530.45,126217.3,240478.04,19238.24,426319.46,8136.66,17884.77,0.0,0.0,0.0,88.0,2521295.981377,2521295.981377,CNC lathe,Shanghai
IMP-2024-0205,SUP-1009,SKU-131,8462910100,8462910100,Hydraulic Press HP-131,East China,Manzanillo,2024-06-14,2024-08-18,2024-09-19,2024-09-20,2024-09-24,2024-09-26,79493.3,238479.9,0.0,0.0,239829.46,464719.94,37177.6,823855.51,5753.7,38493.81,0.0,0.0,1.0,104.0,5167193.92029,1722397.97343,Hydraulic press,Ningbo-Zhoushan
IMP-2024-0206,SUP-1013,SKU-121,8479500100,8479500100,6-Axis Industrial Robot IR-121,East China,Lázaro Cárdenas,2024-06-14,2024-09-10,2024-10-05,2024-10-07,2024-10-18,2024-10-19,64871.37,64871.37,9002.53,263.92,74137.82,73414.23,11746.28,248551.23,4532.14,38921.74,0.0,0.0,2.0,127.0,1596899.087536,1596899.087536,Industrial robot,Shanghai
IMP-2024-0207,SUP-1013,SKU-117,8477100100,8477100100,Injection Moulding Machine IMM-117,East China,Manzanillo,2024-06-14,2024-09-01,2024-10-08,2024-10-08,2024-10-17,2024-10-18,34107.06,34107.06,8264.83,0.0,42517.08,84204.23,6736.34,149277.25,6736.19,17631.42,0.0,0.0,0.0,126.0,954474.987072,954474.987072,Injection moulding machine,Shanghai
IMP-2024-0208,SUP-1001,SKU-111,8456110100,8456110100,Fibre Laser Cutting Machine FL-111,South China,Manzanillo,2024-06-14,2024-07-23,2024-08-21,2024-08-21,2024-08-30,2024-09-03,43926.75,175707.0,9554.02,953.64,186214.66,354789.21,28383.14,628970.3,4906.99,42254.38,0.0,0.0,0.0,81.0,3978225.7725820006,994556.4431455001,Laser cutting machine,Yantian
IMP-2024-0209,SUP-1007,SKU-129,8422309900,8422309900,Automatic Filling & Sealing Line PFS-129,East China,Manzanillo,2024-06-14,2024-08-26,2024-10-01,2024-11-04,2024-11-11,2024-11-13,39211.28,39211.28,8284.84,0.0,47711.4,95498.66,7639.89,169300.03,7334.22,22626.55,0.0,0.0,34.0,152.0,1083776.9083079998,1083776.9083079998,Packaging machine,Ningbo-Zhoushan
IMP-2024-0210,SUP-1007,SKU-128,8422309900,8422309900,Automatic Filling & Sealing Line PFS-128,East China,Manzanillo,2024-06-14,2024-08-20,2024-09-19,2024-09-19,2024-09-21,2024-09-25,54030.61,54030.61,0.0,223.16,54253.77,105128.07,8410.25,186371.05,3619.83,22986.71,0.0,0.0,0.0,103.0,1191425.586667,1191425.586667,Packaging machine,Ningbo-Zhoushan
IMP-2024-0211,SUP-1007,SKU-132,8462910100,8462910100,Hydraulic Press HP-132,East China,Manzanillo,2024-06-15,2024-09-04,2024-10-09,2024-11-12,2024-11-15,2024-11-18,28614.27,114457.08,6725.96,468.6,121651.64,243496.71,19479.74,431670.96,4134.32,40472.63,0.0,0.0,34.0,156.0,2742550.461076,,Hydraulic press,Ningbo-Zhoushan
IMP-2024-0212,SUP-1012,SKU-103,8457100100,8457100100,CNC Vertical Machining Centre VMC-103,East China,Manzanillo,2024-06-16,2024-08-20,2024-09-16,2024-09-16,2024-10-01,2024-10-04,166305.5,166305.5,8862.22,512.75,175680.47,340417.8,27233.42,603492.68,7322.69,22461.68,0.0,3721.59,0.0,110.0,3805335.215237,3805335.215237,CNC machining centre,Shanghai
IMP-2024-0213,SUP-1002,SKU-125,8414809900,8414809900,Screw Air Compressor SAC-125,South China,Manzanillo,2024-06-17,2024-08-20,2024-09-16,2024-09-16,2024-09-18,2024-09-22,15068.17,15068.17,7709.14,85.93,22863.24,66453.49,3544.19,82083.35,7285.02,21418.7,0.0,0.0,0.0,97.0,541724.687804,541724.687804,Air compressor,Shekou
IMP-2024-0214,SUP-1005,SKU-130,8462910100,8462910100,Hydraulic Press HP-130,South China,Manzanillo,2024-06-17,2024-08-24,2024-09-25,2024-09-25,2024-09-30,2024-10-04,82116.02,164232.04,0.0,831.47,165063.51,319845.21,25587.62,567021.6,4832.13,32840.18,0.0,0.0,0.0,109.0,3581557.279621,1790778.6398105,Hydraulic press,Shekou
IMP-2024-0215,SUP-1014,SKU-116,8477100100,8477100100,Injection Moulding Machine IMM-116,East China,Manzanillo,2024-06-17,2024-09-05,2024-10-08,2024-10-20,2024-10-29,2024-11-01,87802.13,175604.26,6263.5,1034.11,182901.87,362233.5,28978.68,642167.54,4420.44,28732.63,13459.88,0.0,12.0,137.0,4060160.084976,2030080.042488,Injection moulding machine,Nantong
IMP-2024-0216,SUP-1003,SKU-133,8462910100,8462910100,Hydraulic Press HP-133,South China,Lázaro Cárdenas,2024-06-18,2024-08-19,2024-09-19,2024-09-19,2024-09-25,2024-09-29,96265.95,192531.9,7824.67,0.0,201207.27,389881.34,31190.51,691181.64,8577.35,43293.05,0.0,0.0,0.0,103.0,4355271.542547,2177635.7712735,Hydraulic press,Nansha
IMP-2024-0217,SUP-1007,SKU-134,8462910100,8480710100,Precision Injection Mould MD-134,East China,Manzanillo,2024-06-18,2024-09-12,2024-10-17,2024-10-22,2024-10-25,2024-10-27,29440.78,117763.12,5482.71,605.91,123851.74,245285.89,19622.87,434842.83,7051.84,35874.43,0.0,0.0,5.0,131.0,2760693.9703520006,690173.4925880001,Mould and die,Ningbo-Zhoushan
IMP-2024-0218,SUP-1005,SKU-138,8428330100,8428330100,Modular Belt Conveyor CV-138,South China,"Manzanillo, Colima",2024-06-19,2024-08-26,2024-09-23,2024-09-23,2024-09-26,2024-09-30,11745.38,35236.14,8039.2,202.3,43477.64,84247.06,6739.76,149353.18,6032.45,35971.93,0.0,0.0,0.0,103.0,975461.7780439999,325153.9260146666,Conveyor system,Shekou
IMP-2024-0219,SUP-1005,SKU-133,8462910100,8462910100,Hydraulic Press HP-133,South China,Manzanillo,2024-06-19,2024-08-16,,2024-09-20,2024-09-27,2024-09-28,91546.77,183093.54,7966.58,735.63,191795.75,371644.54,29731.56,658851.45,6927.27,34998.26,0.0,0.0,,101.0,4159747.0573249995,2079873.5286624997,Hydraulic press,Shekou
IMP-2024-0220,SUP-1005,SKU-122,8414809900,8414809900,Screw Air Compressor SAC-122,South China,Manzanillo,2024-06-20,2024-09-19,2024-10-18,2024-10-18,2024-10-22,2024-10-23,24342.38,-48684.76,8113.07,0.0,57060.54,169510.89,9040.58,209379.85,8657.91,35933.22,0.0,0.0,0.0,125.0,-580371.6061120001,290185.80305600003,Air compressor,Shekou
IMP-2024-0221,SUP-1011,SKU-115,8477100100,8477100100,Injection Moulding Machine IMM-115,East China,Manzanillo,2024-06-20,2024-09-01,2024-10-08,2024-10-08,2024-10-13,2024-10-16,41942.19,41942.19,7518.42,227.89,49688.5,98407.08,7872.57,174456.07,5102.67,24938.85,0.0,0.0,0.0,118.0,1120391.9748,1120391.9748,Injection moulding machine,Shanghai
IMP-2024-0222,SUP-1003,SKU-123,8414809900,8414809900,Screw Air Compressor SAC-123,South China,Manzanillo,2024-06-20,2024-09-06,2024-10-13,2024-10-13,2024-10-19,2024-10-21,18248.61,18248.61,7607.26,90.62,25946.49,77079.76,4110.92,95208.92,4115.13,20166.33,0.0,0.0,0.0,123.0,619337.185152,619337.185152,Air compressor,Nansha
IMP-2024-0223,SUP-1014,SKU-104,8457100100,8457100100,CNC Vertical Machining Centre VMC-104,East China,Manzanillo,2024-06-20,2024-08-26,2024-10-01,2024-10-01,2024-10-05,2024-10-06,156105.26,312210.52,7039.05,0.0,320484.73,634713.6,50777.09,1125220.27,5286.36,32888.25,0.0,0.0,0.0,108.0,7046339.183936,3523169.591968,CNC machining centre,Nantong
IMP-2024-0224,SUP-1003,SKU-133,8462910100,8462910100,Hydraulic Press HP-133,South China,Lázaro Cárdenas,2024-06-20,2024-08-28,2024-09-29,2024-09-29,2024-10-07,2024-10-07,99853.43,399413.72,10056.13,0.0,411710.66,797775.86,63822.07,1414297.05,7434.39,58854.46,0.0,0.0,0.0,109.0,8862225.010434998,2215556.2526087495,Hydraulic press,Nansha
IMP-2024-0225,SUP-1009,SKU-120,8479500100,8479500100,6-Axis Industrial Robot IR-120,East China,Lázaro Cárdenas,2024-06-21,2024-09-18,2024-10-21,2024-10-21,2024-10-27,2024-10-30,61699.64,370197.84,7341.63,1657.31,379196.78,375495.82,60079.33,1271278.65,8259.23,98720.65,0.0,0.0,0.0,131.0,8052471.418544001,1342078.5697573335,Industrial robot,Ningbo-Zhoushan
IMP-2024-0226,SUP-1005,SKU-138,8428330100,8428330100,Modular Belt Conveyor CV-138,South China,Lázaro Cárdenas,2024-06-23,2024-09-01,2024-09-26,2024-09-26,2024-10-02,,11205.16,11205.16,6953.85,0.0,18206.58,35279.07,2822.33,62542.74,4232.11,34231.52,0.0,0.0,0.0,,428433.98267100006,428433.98267100006,Conveyor system,Shekou
IMP-2024-0227,SUP-1014,SKU-122,8414809900,8414809900,Screw Air Compressor SAC-122,East China,Lázaro Cárdenas,2024-06-24,2024-09-27,2024-11-01,2024-11-01,,2024-11-10,23254.96,46509.92,6004.74,0.0,52706.42,158244.96,8439.73,195464.18,6745.04,50242.38,0.0,0.0,0.0,139.0,1274800.2930939998,637400.1465469999,Air compressor,Nantong
IMP-2024-0228,SUP-1014,SKU-122,8414809900,8414809900,Screw Air Compressor SAC-122,East China,Manzanillo,2024-06-25,2024-09-21,2024-10-23,2024-10-23,2024-10-26,2024-10-29,25255.17,75765.51,5415.27,0.0,81180.78,241165.37,12862.15,297887.46,5985.74,45671.78,0.0,0.0,0.0,126.0,1913454.151744,637818.0505813333,Air compressor,Nantong
IMP-2024-0229,SUP-1014,SKU-118,8477100100,8477100100,Injection Moulding Machine IMM-118,East China,Manzanillo,2024-06-26,2024-09-16,2024-10-13,2024-10-13,2024-10-18,2024-10-20,29435.31,117741.24,6988.03,0.0,125252.46,248059.99,19844.8,439760.75,3978.15,49235.31,0.0,0.0,0.0,116.0,2791356.4964960003,697839.1241240001,Injection moulding machine,Nantong
IMP-2024-0230,SUP-1014,SKU-118,8477100100,8477100100,Injection Moulding Machine IMM-118,East China,Lázaro Cárdenas,2024-06-28,2024-09-07,2024-10-06,2024-10-14,2024-10-16,2024-10-19,28062.72,28062.72,0.0,125.39,28188.11,55825.99,4466.08,98968.31,6967.21,39536.55,0.0,0.0,8.0,113.0,665055.7109279999,665055.7109279999,Injection moulding machine,Nantong
IMP-2024-0231,SUP-1013,SKU-117,8414809900,8477100100,Injection Moulding Machine IMM-117,East China,Manzanillo,2024-06-28,2024-09-12,2024-10-15,2024-10-15,2024-10-18,2024-10-19,31057.96,31057.96,5971.62,0.0,37180.24,73634.72,5890.78,130539.63,8547.22,19225.62,0.0,0.0,0.0,113.0,840661.765984,840661.765984,Injection moulding machine,Shanghai
IMP-2024-0232,SUP-1007,SKU-132,8462910100,8462910100,Hydraulic Press HP-132,East China,Manzanillo,2024-07-01,2024-09-26,2024-11-03,2024-11-03,,2024-11-07,28921.66,28921.66,7254.29,99.85,36275.8,72609.28,5808.74,128721.73,6345.02,22720.73,0.0,0.0,0.0,129.0,833576.5552199999,833576.5552199999,Hydraulic press,Ningbo-Zhoushan
IMP-2024-0233,SUP-1013,SKU-137,8428330100,8428330100,Modular Belt Conveyor CV-137,East China,Manzanillo,2024-07-02,2024-08-13,2024-09-09,2024-09-09,2024-09-30,2024-10-04,36015.24,36015.24,7705.59,0.0,43883.13,85032.78,6802.62,150746.11,9056.71,26615.92,0.0,2823.38,0.0,94.0,977514.304993,977514.304993,Conveyor system,Shanghai
IMP-2024-0234,SUP-1004,SKU-128,8422309900,8422309900,Automatic Filling & Sealing Line PFS-128,South China,Lázaro Cárdenas,2024-07-03,2024-09-17,2024-10-12,2024-10-12,2024-10-19,2024-10-21,51979.64,155938.92,6734.22,0.0,162673.14,322170.9,25773.67,571144.57,7402.5,57204.95,0.0,0.0,0.0,110.0,3634261.023072,1211420.341024,Packaging machine,Yantian
IMP-2024-0235,SUP-1012,SKU-108,8458110100,8458110100,CNC Turning Centre TC-108,East China,Lázaro Cárdenas,2024-07-05,2024-09-01,2024-10-02,2024-10-20,2024-10-29,2024-10-30,108796.8,108796.8,6710.55,0.0,115870.32,229478.85,18358.31,406820.11,6587.89,33966.75,0.0,0.0,18.0,117.0,2575991.76528,2575991.76528,CNC lathe,Shanghai
IMP-2024-0236,SUP-1013,SKU-120,8479500100,8479500100,6-Axis Industrial Robot IR-120,East China,Veracruz,2024-07-07,2024-10-08,2024-11-22,2024-11-22,2024-11-26,2024-11-30,58384.87,116769.74,8729.26,0.0,125924.54,126024.65,20163.94,426669.06,4707.69,67310.74,0.0,0.0,0.0,146.0,2730182.4540999997,1365091.2270499999,Industrial robot,Shanghai
IMP-2024-0237,SUP-1007,SKU-132,8462910100,8462910100,Hydraulic Press HP-132,East China,Manzanillo,2024-07-07,2024-10-01,2024-10-28,2024-10-28,2024-11-04,2024-11-06,31128.84,62257.68,8505.09,0.0,70973.33,140561.26,11244.9,249187.0,3704.11,32616.31,0.0,0.0,0.0,122.0,1589569.0872960002,794784.5436480001,Hydraulic press,Ningbo-Zhoushan
IMP-2024-0238,SUP-1002,SKU-131,8462910100,8462910100,Hydraulic Press HP-131,South China,Manzanillo,2024-07-10,2024-09-10,2024-10-09,2024-10-14,2024-10-17,2024-10-20,74152.24,296608.96,0.0,1505.19,298114.15,590409.11,47232.73,1046677.27,8434.56,37034.93,0.0,0.0,5.0,102.0,6587202.44792,1646800.61198,Hydraulic press,Shekou
IMP-2024-0239,SUP-1007,SKU-141,8515310100,8515310100,Inverter Arc Welding Power Source AW-141,East China,Veracruz,2024-07-10,2024-09-03,2024-10-07,2024-10-07,2024-10-20,,26858.27,107433.08,9344.04,0.0,117329.49,348553.06,18589.5,430532.74,4377.46,93118.68,0.0,2008.65,0.0,,2779394.856176,694848.714044,Arc welding machine,Ningbo-Zhoushan
IMP-2024-0240,SUP-1014,SKU-122,8414809900,8414809900,Screw Air Compressor SAC-122,East China,Manzanillo,2024-07-11,2024-10-04,2024-11-11,,2024-12-13,2024-12-14,23201.59,23201.59,0.0,123.52,23325.11,71529.83,3814.92,88353.65,7048.65,18244.66,0.0,0.0,,156.0,577503.606373,577503.606373,Air compressor,Nantong
IMP-2024-0241,SUP-1011,SKU-136,8480710100,8480710100,Precision Injection Mould MD-136,East China,Lázaro Cárdenas,2024-07-11,2024-09-08,2024-10-03,2024-10-03,2024-10-11,2024-10-15,18310.44,18310.44,8345.53,0.0,26728.74,26467.87,4234.86,89609.61,5022.88,34208.78,0.0,0.0,0.0,96.0,597850.5446560001,597850.5446560001,Mould and die,Shanghai
IMP-2024-0242,SUP-1007,SKU-139,8428330100,8428330100,Modular Belt Conveyor CV-139,East China,Manzanillo,2024-07-14,2024-08-31,2024-09-28,2024-09-28,2024-09-30,2024-10-02,23579.85,70739.55,7670.62,0.0,78677.34,152453.87,12196.31,270270.22,4728.35,31082.93,0.0,0.0,0.0,80.0,1719823.165107,573274.3883689999,Conveyor system,Ningbo-Zhoushan
IMP-2024-0243,SUP-1008,SKU-112,8456110100,8456110100,Fibre Laser Cutting Machine FL-112,East China,Manzanillo,2024-07-14,2024-09-23,2024-10-31,2024-11-26,2024-12-12,2024-12-15,69818.23,69818.23,0.0,0.0,78497.99,157120.79,12569.66,278543.74,7179.08,24293.95,0.0,0.0,26.0,154.0,1598638.1898569998,1598638.1898569998,Laser cutting machine,Wenzhou
IMP-2024-0244,SUP-1010,SKU-110,8456110100,8456110100,Fibre Laser Cutting Machine FL-110,East China,Manzanillo,2024-07-14,2024-09-12,2024-10-14,2024-10-14,2024-10-27,2024-10-29,17857.63,17857.63,5573.13,82.92,23513.68,46568.37,3725.47,82556.41,5371.65,21576.72,0.0,0.0,0.0,107.0,542925.939664,542925.939664,Laser cutting machine,Taizhou
IMP-2024-0245,SUP-1008,SKU-112,8456110100,8456110100,Fibre Laser Cutting Machine FL-112,East China,Manzanillo,2024-07-14,2024-09-12,2024-10-13,2024-10-13,2024-10-22,2024-10-24,67392.75,67392.75,5787.54,0.0,73421.71,145410.23,11632.82,257783.25,6752.01,18843.75,0.0,0.0,0.0,102.0,1631959.817392,1631959.817392,Laser cutting machine,Wenzhou
IMP-2024-0246,SUP-1011,SKU-115,8477100100,8477100100,Injection Moulding Machine IMM-115,East China,Lázaro Cárdenas,2024-07-14,2024-09-24,2024-10-29,2024-11-10,2024-11-17,2024-11-21,44908.85,44908.85,6460.04,206.64,51575.53,103233.07,8258.65,183011.58,6995.97,36478.13,0.0,0.0,12.0,130.0,1187296.4709269998,1187296.4709269998,Injection moulding machine,Shanghai
IMP-2024-0247,SUP-1001,SKU-114,8477100100,8477100100,Injection Moulding Machine IMM-114,South China,Manzanillo,2024-07-14,2024-10-04,2024-11-05,2024-11-05,2024-11-18,2024-11-22,69190.24,69190.24,6329.75,363.06,75883.05,151886.75,12150.94,269264.84,6016.07,18957.41,0.0,4723.88,0.0,131.0,1712602.590495,1712602.590495,Injection moulding machine,Yantian
IMP-2024-0248,SUP-1001,SKU-110,8456110100,8456110100,Fibre Laser Cutting Machine FL-110,South China,Manzanillo,2024-07-15,2024-09-09,2024-10-11,2024-10-11,2024-10-20,2024-10-23,47721.73,47721.73,5427.13,180.0,53328.86,105616.74,8449.34,187237.36,8338.79,23036.78,0.0,0.0,0.0,100.0,1201609.056528,1201609.056528,Laser cutting machine,Yantian
IMP-2024-0249,SUP-1007,SKU-129,8422309900,8422309900,Automatic Filling & Sealing Line PFS-129,East China,Manzanillo,2024-07-16,2024-10-10,2024-11-12,2024-11-14,2024-11-26,2024-11-29,37569.19,75138.38,0.0,0.0,75496.58,151113.2,12089.06,267893.48,6918.04,24569.56,0.0,0.0,2.0,136.0,1698652.1602420001,849326.0801210001,Packaging machine,Ningbo-Zhoushan
IMP-2024-0250,SUP-1014,SKU-134,8480710100,8480710100,Precision Injection Mould MD-134,East China,Manzanillo,2024-07-16,2024-09-05,2024-10-12,2024-10-12,2024-10-25,2024-10-26,7545.5,15091.0,6850.6,47.6,21989.2,21774.59,3483.93,73720.04,4333.61,34703.52,0.0,5067.82,0.0,102.0,504855.1781599999,252427.58907999995,Mould and die,Nantong
IMP-2024-0251,SUP-1011,SKU-127,8422309900,8422309900,Automatic Filling & Sealing Line PFS-127,East China,Manzanillo,2024-07-17,2024-10-10,2024-11-12,2024-11-24,2024-11-28,2024-12-02,56370.85,56370.85,5529.82,305.16,62205.83,124510.57,9960.85,220732.33,3946.16,20121.47,10601.66,0.0,12.0,138.0,1414246.382697,1414246.382697,Packaging machine,Shanghai
IMP-2024-0252,SUP-1014,SKU-104,8457100100,8457100100,CNC Vertical Machining Centre VMC-104,East China,Manzanillo,2024-07-17,2024-09-26,2024-11-01,2024-11-13,2024-11-15,2024-11-19,160934.82,482804.46,8287.99,1611.55,492704.0,986191.4,78895.31,1748320.11,8426.19,44047.75,0.0,0.0,12.0,125.0,10979474.6436,3659824.8812,CNC machining centre,Nantong
IMP-2024-0253,SUP-1002,SKU-107,8458110100,8458110100,CNC Turning Centre TC-107,South China,Manzanillo,2024-07-17,2024-08-26,2024-09-22,2024-10-10,,2024-10-18,46443.88,46443.88,6169.43,276.42,52889.73,104747.05,8379.76,185695.57,7696.25,17445.7,0.0,0.0,18.0,93.0,1185739.284704,1185739.284704,CNC lathe,Shekou
IMP-2024-0254,SUP-1014,SKU-134,8480710100,8480710100,Precision Injection Mould MD-134,East China,Manzanillo,2024-07-18,2024-08-26,2024-09-30,2024-10-26,2024-11-02,,6938.91,13877.82,6905.62,44.41,20827.85,20624.57,3299.93,69826.54,4586.15,35894.26,0.0,0.0,26.0,,476896.31368,238448.15684,Mould and die,Nantong
IMP-2024-0255,SUP-1007,SKU-141,8515310100,8515310100,Inverter Arc Welding Power Source AW-141,East China,Lázaro Cárdenas,2024-07-18,2024-09-06,2024-10-05,2024-10-05,2024-10-08,2024-10-10,27241.54,81724.62,6976.0,339.81,89040.43,264514.19,14107.42,326727.92,4858.48,59184.43,0.0,0.0,0.0,84.0,2106092.428064,702030.8093546666,Arc welding machine,Ningbo-Zhoushan
IMP-2024-0256,SUP-1001,SKU-111,8456110100,8456110100,Fibre Laser Cutting Machine FL-111,South China,Manzanillo,2024-07-19,2024-08-27,2024-10-02,2024-10-02,2024-10-07,2024-10-10,45076.9,45076.9,7608.67,193.5,52879.07,104725.94,8378.08,185658.15,8950.73,18643.12,0.0,0.0,0.0,83.0,1187957.275536,1187957.275536,Laser cutting machine,Yantian
IMP-2024-0257,SUP-1009,SKU-131,8462910100,8462910100,Hydraulic Press HP-131,East China,Manzanillo,2024-07-19,2024-10-03,2024-11-05,2024-11-05,2024-11-11,2024-11-12,71520.88,143041.76,7205.63,0.0,150904.0,302047.94,24163.83,535470.58,8640.89,24555.95,0.0,0.0,0.0,116.0,3366745.3435009997,1683372.6717504999,Hydraulic press,Ningbo-Zhoushan
IMP-2024-0258,SUP-1001,SKU-121,8479500100,8479500100,6-Axis Industrial Robot IR-121,South China,Manzanillo,2024-07-21,2024-10-03,2024-11-05,2024-11-05,2024-11-12,2024-11-15,61503.23,61503.23,8932.37,0.0,70638.86,70695.02,11311.2,239345.05,3692.82,26511.34,0.0,0.0,0.0,117.0,1522042.3060400002,1522042.3060400002,Industrial robot,Yantian
IMP-2024-0259,SUP-1001,SKU-114,8477100100,8477100100,Injection Moulding Machine IMM-114,South China,Manzanillo,2024-07-21,2024-10-25,2024-11-24,2024-11-24,2024-11-26,2024-11-29,63663.97,127327.94,7236.0,0.0,135089.68,270394.15,21631.53,479354.75,5750.96,31031.0,0.0,0.0,0.0,131.0,3022226.006646,1511113.003323,Injection moulding machine,Yantian
IMP-2024-0260,SUP-1005,SKU-139,8428330100,8428330100,Modular Belt Conveyor CV-139,South China,Lázaro Cárdenas,2024-07-23,2024-08-29,2024-09-26,2024-09-26,2024-10-04,2024-10-06,21385.26,21385.26,0.0,68.34,21453.6,41570.86,3325.67,73696.81,6582.55,33691.23,0.0,0.0,0.0,75.0,500878.8625599999,500878.8625599999,Conveyor system,Shekou
IMP-2024-0261,SUP-1011,SKU-136,8480710100,8480710100,Precision Injection Mould MD-136,East China,Manzanillo,2024-07-24,2024-09-17,2024-10-23,2024-10-23,2024-11-01,2024-11-03,19117.19,57351.57,0.0,0.0,65402.45,64764.12,10362.26,219265.41,7576.18,39159.45,0.0,0.0,0.0,102.0,1257698.383536,419232.794512,Mould and die,Shanghai
IMP-2024-0262,SUP-1001,SKU-121,8479500100,8479500100,6-Axis Industrial Robot IR-121,South China,Manzanillo,2024-07-24,2024-10-25,2024-11-25,2024-11-25,2024-11-30,2024-12-04,63337.1,190011.3,9868.67,931.08,200811.05,200970.69,32155.31,680406.38,5807.14,36909.68,0.0,0.0,0.0,133.0,4295256.715694999,1431752.2385649998,Industrial robot,Yantian
IMP-2024-0263,SUP-1014,SKU-124,8414809900,8414809900,Screw Air Compressor SAC-124,East China,Manzanillo,2024-07-24,2024-10-05,2024-11-09,2024-12-13,2024-12-18,2024-12-22,7263.87,29055.48,6330.4,124.06,35509.94,108896.38,5807.81,134508.81,4206.86,48331.13,0.0,0.0,34.0,151.0,893218.0463419999,223304.51158549997,Air compressor,Nantong
IMP-2024-0264,SUP-1099,SKU-116,8477100100,8477100100,Injection Moulding Machine IMM-116,,Manzanillo,2024-07-25,2024-10-10,2024-11-12,2024-11-12,2024-11-15,2024-11-17,85070.89,170141.78,0.0,0.0,170755.7,341782.9,27342.63,605912.73,5574.64,30346.53,0.0,0.0,0.0,115.0,3810587.554302,1905293.777151,Injection moulding machine,Shekou
IMP-2024-0265,SUP-1007,SKU-132,8462910100,8462910100,Hydraulic Press HP-132,East China,Manzanillo,2024-07-26,2024-10-12,2024-11-10,2024-11-10,2024-11-15,2024-11-17,28572.19,28572.19,0.0,0.0,36948.4,73955.55,5916.44,131108.4,8920.98,25836.17,0.0,0.0,0.0,114.0,686527.2378209999,686527.2378209999,Hydraulic press,Ningbo-Zhoushan
IMP-2024-0266,SUP-1009,SKU-131,8462910100,8462910100,Hydraulic Press HP-131,East China,Manzanillo,2024-07-26,2024-10-04,2024-10-31,2024-10-31,2024-11-03,2024-11-04,77155.79,308623.16,0.0,1377.41,310000.57,613949.93,49115.99,1088410.43,4694.58,39104.88,0.0,0.0,0.0,101.0,6846364.668735999,1711591.1671839997,Hydraulic press,Ningbo-Zhoushan
IMP-2024-0267,SUP-1010,SKU-112,8456110100,8456110100,Fibre Laser Cutting Machine FL-112,East China,Manzanillo,2024-07-26,2024-10-09,2024-11-12,2024-11-12,2024-11-16,2024-11-19,69988.22,139976.44,0.0,709.91,140686.35,281596.39,22527.71,499214.08,7212.29,31956.77,0.0,0.0,0.0,116.0,3159257.072965,1579628.5364825,Laser cutting machine,Taizhou
IMP-2024-0268,SUP-1014,SKU-122,8414809900,8414809900,Screw Air Compressor SAC-122,East China,Manzanillo,2024-07-27,2024-11-03,2024-12-02,2024-12-02,2024-12-04,2024-12-08,24600.6,49201.2,7949.09,183.16,57333.45,175821.34,9377.14,217174.52,7057.23,32753.1,0.0,0.0,0.0,134.0,1397151.0618349998,698575.5309174999,Air compressor,Nantong
IMP-2024-0269,SUP-1013,SKU-140,8515310100,8515310100,Inverter Arc Welding Power Source AW-140,East China,"Manzanillo, Colima",2024-07-28,2024-10-16,2024-11-19,2024-11-19,2024-11-21,2024-11-22,27123.11,27123.11,0.0,108.65,35100.46,105385.09,5620.54,130171.67,5395.99,17140.2,0.0,0.0,0.0,117.0,678610.004984,678610.004984,Arc welding machine,Shanghai
IMP-2024-0270,SUP-1012,SKU-142,8515310100,8515310100,Inverter Arc Welding Power Source AW-142,East China,,2024-07-27,2024-09-24,2024-10-24,2024-10-22,2024-10-27,2024-10-31,6877.69,6877.69,6060.96,25.27,12963.92,38512.18,2053.98,47570.24,6696.12,24448.32,0.0,0.0,-2.0,96.0,328458.44281599997,328458.44281599997,Arc welding machine,Shanghai
IMP-2024-0271,SUP-1013,SKU-120,8479500100,8479500100,6-Axis Industrial Robot IR-120,East China,Manzanillo,2024-08-01,2024-10-18,2024-11-21,2024-11-21,2024-11-27,2024-12-01,60066.78,60066.78,5389.25,0.0,65713.59,65765.83,10522.53,222656.8,6985.23,19187.33,0.0,0.0,0.0,122.0,1412622.2708769997,1412622.2708769997,Industrial robot,Shanghai
IMP-2024-0272,SUP-1003,SKU-113,8456110100,8456110100,Fibre Laser Cutting Machine FL-113,South China,Lázaro Cárdenas,2024-08-01,2024-10-27,2024-12-01,2024-12-01,2024-12-05,2024-12-06,63516.78,381100.68,6501.47,0.0,388829.87,794935.45,63594.84,1409261.57,4327.19,104487.55,0.0,0.0,0.0,127.0,8891599.665244998,1481933.277540833,Laser cutting machine,Nansha
IMP-2024-0273,SUP-1002,SKU-106,8458110100,8458110100,CNC Turning Centre TC-106,South China,Manzanillo,2024-08-01,2024-10-08,,2024-11-05,2024-11-23,2024-11-26,91667.26,275001.78,9779.54,0.0,284781.32,570015.44,45601.24,1010523.38,6080.82,42737.3,0.0,10067.71,,117.0,6374656.932987999,2124885.644329333,CNC lathe,Shekou
IMP-2024-0274,SUP-1013,SKU-128,8422309900,8422309900,Automatic Filling & Sealing Line PFS-128,East China,Veracruz,2024-08-01,2024-10-04,2024-11-18,2024-11-18,2024-11-28,,49813.59,99627.18,0.0,447.9,100075.08,200309.28,16024.74,355108.29,6650.14,73951.99,0.0,0.0,0.0,,2300028.943772,1150014.471886,Packaging machine,Shanghai
IMP-2024-0275,SUP-1006,SKU-119,8479500100,8479500100,6-Axis Industrial Robot IR-119,East China,Veracruz,2024-08-02,2024-10-23,2024-11-30,2024-11-30,2024-12-08,2024-12-10,49622.2,49622.2,10549.73,239.11,60411.04,60459.07,9673.45,204690.22,8068.14,58091.06,0.0,0.0,0.0,130.0,1345473.0555359998,1345473.0555359998,Industrial robot,Ningbo-Zhoushan
IMP-2024-0276,SUP-1011,SKU-136,8480710100,8480710100,Precision Injection Mould MD-136,East China,Lázaro Cárdenas,2024-08-02,2024-09-27,2024-10-30,2024-10-30,2024-11-11,2024-11-12,18311.01,18311.01,5789.49,0.0,24191.12,23955.01,3832.8,81102.1,9067.65,39248.14,0.0,0.0,0.0,102.0,553409.1824,553409.1824,Mould and die,Shanghai
IMP-2024-0277,SUP-1010,SKU-120,8479500100,8479500100,6-Axis Industrial Robot IR-120,East China,Manzanillo,2024-08-03,2024-11-04,2024-12-02,2024-12-02,2024-12-05,2024-12-08,59808.03,119616.06,7263.93,700.14,127580.13,130414.32,20866.29,441530.73,4928.79,27297.01,0.0,0.0,0.0,127.0,2791792.8617589995,1395896.4308794998,Industrial robot,Taizhou
IMP-2024-0278,SUP-1003,SKU-123,8414809900,8414809900,Screw Air Compressor SAC-123,South China,Manzanillo,2024-08-03,2024-10-24,2024-11-26,2024-11-26,2024-12-05,2024-12-09,18029.79,18029.79,9033.81,103.05,27166.65,81564.74,4350.12,100748.77,3933.86,25347.55,0.0,0.0,0.0,128.0,658961.2197349999,658961.2197349999,Air compressor,Nansha
IMP-2024-0279,SUP-1007,SKU-129,8422309900,8422309900,Automatic Filling & Sealing Line PFS-129,East China,Veracruz,2024-08-07,2024-10-24,2024-12-07,2024-12-07,2024-12-16,2024-12-18,38735.53,38735.53,0.0,0.0,46442.51,94948.46,7595.88,168324.63,3513.79,46704.19,0.0,0.0,0.0,133.0,944683.115979,944683.115979,Packaging machine,Ningbo-Zhoushan
IMP-2024-0280,SUP-1014,SKU-134,8480710100,8480710100,Precision Injection Mould MD-134,East China,Manzanillo,2024-08-07,2024-09-17,2024-10-18,2024-10-18,2024-10-24,2024-10-27,7610.13,30440.52,0.0,0.0,30569.25,30270.89,4843.34,102485.14,7175.95,45401.23,0.0,0.0,0.0,81.0,690559.820496,172639.955124,Mould and die,Nantong
IMP-2024-0281,SUP-1007,SKU-141,8515310100,8515310100,Inverter Arc Welding Power Source AW-141,East China,Manzanillo,2024-08-08,2024-10-08,2024-11-10,2024-11-22,2024-11-25,2024-11-29,27987.42,111949.68,8977.71,608.5,121535.89,364897.53,19461.2,450721.43,5175.85,51032.93,0.0,0.0,12.0,113.0,2873217.7306509996,718304.4326627499,Arc welding machine,Ningbo-Zhoushan
IMP-2024-0282,SUP-1011,SKU-118,8477100100,8477100100,Injection Moulding Machine IMM-118,East China,Manzanillo,2024-08-08,2024-10-18,2024-11-24,2024-11-24,2024-11-29,2024-12-01,29167.19,116668.76,6757.74,0.0,123879.36,247955.69,19836.46,439575.84,4332.82,53289.13,0.0,0.0,0.0,115.0,2795906.58135,698976.6453375,Injection moulding machine,Shanghai
IMP-2024-0283,SUP-1011,SKU-135,8480710100,8480710100,Precision Injection Mould MD-135,East China,Manzanillo,2024-08-09,2024-10-13,2024-11-11,2024-11-11,2024-11-15,2024-11-18,3930.65,7861.3,0.0,0.0,7895.02,7901.3,1264.21,26750.63,5807.03,31619.85,0.0,0.0,0.0,101.0,203943.38467,101971.692335,Mould and die,Shanghai
IMP-2024-0284,SUP-1008,SKU-112,8456110100,8456110100,Fibre Laser Cutting Machine FL-112,East China,Manzanillo,2024-08-09,2024-10-12,2024-11-11,2024-11-11,2024-11-14,2024-11-16,72624.1,72624.1,8749.16,245.07,81618.33,163366.43,13069.31,289616.01,5195.94,19274.8,0.0,0.0,0.0,99.0,1834570.8114470001,1834570.8114470001,Laser cutting machine,Wenzhou
IMP-2024-0285,SUP-1012,SKU-142,8515310100,8515310100,Inverter Arc Welding Power Source AW-142,East China,Manzanillo,2024-08-10,2024-10-15,2024-11-19,2024-11-19,2024-11-21,2024-11-25,6774.77,6774.77,6453.8,0.0,13250.2,39782.2,2121.72,49138.98,8682.66,17509.27,0.0,0.0,0.0,107.0,332877.58426299994,332877.58426299994,Arc welding machine,Shanghai
IMP-2024-0286,SUP-1014,SKU-105,8457100100,8457100100,CNC Vertical Machining Centre VMC-105,East China,Manzanillo,2024-08-13,2024-10-18,2024-11-22,2024-12-26,2024-12-30,,153349.86,460049.58,8696.03,1577.17,470322.78,961542.0,76923.36,1704621.66,9078.19,32740.7,0.0,0.0,34.0,,10695704.261154,3565234.753718,CNC machining centre,Nantong
IMP-2024-0287,SUP-1003,SKU-133,8462910100,8462910100,Hydraulic Press HP-133,South China,Manzanillo,2024-08-14,2024-10-18,2024-11-21,2024-11-21,2024-12-07,2024-12-10,97823.37,97823.37,7362.18,443.58,105629.13,211426.21,16914.1,374816.39,5029.13,19017.18,0.0,8039.76,0.0,118.0,2374688.4831669996,2374688.4831669996,Hydraulic press,Nansha
IMP-2024-0288,SUP-1013,SKU-109,8458110100,8458110100,CNC Turning Centre TC-109,East China,Manzanillo,2024-08-14,2024-09-17,2024-10-14,2024-10-14,2024-10-20,2024-10-21,82881.95,248645.85,9104.02,0.0,258879.97,512706.6,41016.53,908926.27,8419.77,30568.6,0.0,0.0,0.0,68.0,5697396.125376,1899132.041792,CNC lathe,Shanghai
IMP-2024-0289,SUP-1003,SKU-113,8456110100,8456110100,Fibre Laser Cutting Machine FL-113,South China,Manzanillo,2024-08-14,2024-11-06,2024-12-11,2024-12-11,2024-12-14,2024-12-15,59409.56,59409.56,7079.32,0.0,66668.48,136299.04,10903.92,241630.94,3799.54,20717.12,0.0,0.0,0.0,123.0,1531038.2293840002,1531038.2293840002,Laser cutting machine,Nansha
IMP-2024-0290,SUP-1011,SKU-135,8480710100,8480710100,Precision Injection Mould MD-135,East China,Manzanillo,2024-08-15,2024-10-04,2024-11-10,2024-11-10,2024-11-21,2024-11-22,4266.51,4266.51,6762.72,22.47,11051.7,11060.49,1769.68,37446.38,6609.96,20028.43,0.0,0.0,0.0,99.0,260678.28202999997,260678.28202999997,Mould and die,Shanghai
IMP-2024-0291,SUP-1002,SKU-106,8458110100,8458110100,CNC Turning Centre TC-106,South China,Manzanillo,2024-08-15,2024-10-29,2024-12-05,2024-12-05,2024-12-12,2024-12-15,88787.78,88787.78,8906.34,303.96,97998.08,200350.21,16028.02,355180.86,8629.83,23205.33,0.0,0.0,0.0,122.0,2251715.536944,2251715.536944,CNC lathe,Shekou
IMP-2024-0292,SUP-1013,SKU-109,8458110100,8458110100,CNC Turning Centre TC-109,East China,Manzanillo,2024-08-16,2024-09-20,2024-10-17,,2024-11-08,2024-11-09,84228.96,168457.92,9053.41,702.29,178213.62,356710.6,28536.85,632376.55,7423.83,32808.49,0.0,0.0,,85.0,3992585.7665580004,1996292.8832790002,CNC lathe,Shanghai
IMP-2024-0293,SUP-1008,SKU-128,8422309900,8422309900,Automatic Filling & Sealing Line PFS-128,East China,Manzanillo,2024-08-17,2024-11-03,2024-12-03,2024-12-03,2024-12-06,2024-12-09,54687.51,218750.04,8537.81,1293.7,228581.55,467318.98,37385.52,828463.08,7293.88,43799.76,0.0,0.0,0.0,114.0,5228987.922665,1307246.98066625,Packaging machine,Wenzhou
IMP-2024-0294,SUP-1014,SKU-134,8480710100,8480710100,Precision Injection Mould MD-134,East China,Manzanillo,2024-08-18,2024-10-02,2024-10-29,2024-10-29,2024-11-01,2024-11-05,7635.4,7635.4,8455.77,30.62,16121.79,15964.44,2554.31,54049.21,5543.36,18492.46,0.0,0.0,0.0,79.0,361843.39659200003,361843.39659200003,Mould and die,Nantong
IMP-2024-0295,SUP-1008,SKU-112,8456110100,8456110100,Fibre Laser Cutting Machine FL-112,East China,Lázaro Cárdenas,2024-08-20,2024-10-22,2024-11-17,2024-11-21,2024-11-21,2024-11-24,69692.44,209077.32,5530.29,824.69,215432.3,431207.14,34496.57,764444.01,7225.55,54409.72,0.0,0.0,4.0,96.0,4839410.353569999,1613136.7845233332,Laser cutting machine,Wenzhou
IMP-2024-0296,SUP-1001,SKU-123,8414809900,8414809900,Screw Air Compressor SAC-123,South China,Manzanillo,2024-08-20,2024-11-10,2024-12-12,2024-12-12,2024-12-19,2024-12-23,19282.87,19282.87,8937.77,0.0,28293.47,86766.03,4627.52,107173.4,7814.24,17363.85,0.0,0.0,0.0,125.0,693522.870352,693522.870352,Air compressor,Yantian
IMP-2024-0297,SUP-1014,SKU-104,8457100100,8457100100,CNC Vertical Machining Centre VMC-104,East China,Manzanillo,2024-08-21,2024-11-02,2024-11-29,2024-11-29,2024-12-01,2024-12-03,160152.12,320304.24,0.0,0.0,321702.97,643917.45,51513.4,1141536.85,8741.36,27443.53,0.0,0.0,0.0,104.0,7142793.377416,3571396.688708,CNC machining centre,Nantong
IMP-2024-0298,SUP-1011,SKU-115,8477100100,8477100100,Injection Moulding Machine IMM-115,East China,Manzanillo,2024-08-21,2024-11-02,2024-12-08,2024-12-08,2024-12-16,2024-12-18,42619.1,42619.1,6711.19,0.0,49564.82,101331.8,8106.54,179641.02,7007.46,19177.44,0.0,0.0,0.0,119.0,1144146.487847,1144146.487847,Injection moulding machine,Shanghai
IMP-2024-0299,SUP-1010,SKU-115,8477100100,8477100100,Injection Moulding Machine IMM-115,East China,,2024-08-22,2024-10-23,2024-11-23,2024-11-23,2024-12-01,2024-12-03,42524.97,85049.94,0.0,0.0,91529.46,183204.45,14656.36,324784.85,8119.55,23251.75,0.0,0.0,0.0,103.0,1931583.2040459998,965791.6020229999,Injection moulding machine,Taizhou
IMP-2024-0300,SUP-1005,SKU-138,8428330100,8428330100,Modular Belt Conveyor CV-138,South China,Manzanillo,2024-08-22,2024-10-22,2024-11-27,2024-11-27,2024-12-04,2024-11-30,11018.99,22037.98,0.0,122.79,22160.77,44356.78,3548.54,78635.69,3639.2,24572.46,0.0,0.0,,,519684.73624299996,259842.36812149998,Conveyor system,Shekou
IMP-2024-0301,SUP-1001,SKU-111,8456110100,8456110100,Fibre Laser Cutting Machine FL-111,South China,"LÁZARO CÁRDENAS, MICH",2024-08-23,2024-10-05,2024-11-03,2024-11-03,2024-11-10,2024-11-14,42770.17,171080.68,0.0,0.0,171959.91,344193.24,27535.46,610185.77,6536.46,64368.62,0.0,0.0,0.0,83.0,3866967.5628119996,966741.8907029999,Laser cutting machine,Yantian
IMP-2024-0302,SUP-1010,SKU-110,8456110100,8456110100,Fibre Laser Cutting Machine FL-110,East China,Manzanillo,2024-08-23,2024-10-26,2024-11-30,2024-11-30,2024-12-07,2024-12-08,20160.26,20160.26,8149.64,117.42,28427.32,56899.84,4551.99,100872.04,6843.25,20164.37,0.0,0.0,0.0,107.0,657457.8443879999,657457.8443879999,Laser cutting machine,Taizhou
IMP-2024-0303,SUP-1012,SKU-126,8422309900,8422309900,Automatic Filling & Sealing Line PFS-126,East China,Veracruz,2024-08-24,2024-11-14,2024-12-18,2025-01-21,2025-01-29,2025-02-02,28782.75,86348.25,8267.95,0.0,95061.62,193798.32,15503.87,343565.67,6136.14,81756.53,0.0,0.0,34.0,162.0,2226097.48292,742032.4943066667,Packaging machine,Shanghai
IMP-2024-0304,SUP-1014,SKU-104,8457100100,8457100100,CNC Vertical Machining Centre VMC-104,East China,Veracruz,2024-08-24,2024-10-20,2024-12-04,2024-12-04,2024-12-07,2024-12-08,145147.1,290294.2,10284.27,1429.78,302008.25,617434.73,49394.78,1094588.28,6999.95,80470.12,0.0,0.0,0.0,106.0,6928646.845475,3464323.4227375,CNC machining centre,Nantong
IMP-2024-0305,SUP-1003,SKU-123,8414809900,8414809900,Screw Air Compressor SAC-123,South China,Lázaro Cárdenas,2024-08-25,2024-11-13,2024-12-10,2025-01-13,2025-01-19,2025-01-20,17698.72,17698.72,0.0,0.0,23745.64,72613.93,3872.74,89692.73,8082.37,35357.93,6318.2,0.0,34.0,148.0,487061.895152,487061.895152,Air compressor,Nansha
IMP-2024-0306,SUP-1014,SKU-134,8480710100,8480710100,Precision Injection Mould MD-134,East China,Manzanillo,2024-08-25,2024-10-06,2024-11-02,2024-11-02,2024-11-11,2024-11-13,6837.33,6837.33,7563.85,38.34,14439.52,14451.0,2312.16,48925.3,5274.57,26473.14,0.0,0.0,0.0,80.0,337530.85836799996,337530.85836799996,Mould and die,Nantong
IMP-2024-0307,SUP-1004,SKU-124,8414809900,8414809900,Screw Air Compressor SAC-124,South China,Manzanillo,2024-08-25,2024-11-06,2024-12-10,2024-12-10,2024-12-16,2024-12-18,7883.01,23649.03,9390.75,0.0,33039.78,101321.28,5403.8,125152.04,5722.29,43132.19,0.0,0.0,0.0,115.0,831054.734254,277018.2447513333,Air compressor,Yantian
IMP-2024-0308,SUP-1005,SKU-139,8428330100,8428330100,Modular Belt Conveyor CV-139,South China,Manzanillo,2024-08-30,2024-10-01,2024-11-04,2024-11-04,2024-11-09,2024-11-12,21397.87,21397.87,6038.68,126.26,27562.81,55169.44,4413.56,97804.39,6723.03,20012.19,0.0,0.0,0.0,74.0,638012.6686789999,638012.6686789999,Conveyor system,Shekou
IMP-2024-0309,SUP-1002,SKU-124,8414809900,8414809900,Screw Air Compressor SAC-124,South China,Manzanillo,2024-08-28,2024-11-14,2024-12-21,2024-12-21,2024-12-24,2024-12-26,7445.22,22335.66,0.0,103.46,22439.12,68812.82,3670.02,84997.59,5471.92,28918.12,0.0,0.0,0.0,120.0,565624.981016,188541.66033866667,Air compressor,Shekou
IMP-2024-0310,SUP-1002,SKU-120,8479500100,8479500100,6-Axis Industrial Robot IR-120,South China,Lázaro Cárdenas,2024-09-03,2024-12-17,2025-01-15,2025-01-27,2025-02-02,2025-02-03,58236.73,58236.73,6085.23,212.69,64534.65,65782.1,10525.14,222711.89,5110.51,31261.45,33375.34,0.0,12.0,153.0,1461696.6356900004,1461696.6356900004,Industrial robot,Shekou
IMP-2024-0311,SUP-1002,SKU-124,8414809900,8414809900,Screw Air Compressor SAC-124,South China,Manzanillo,2024-09-03,2024-12-04,2025-01-11,2025-01-11,2025-01-18,2025-01-22,7665.43,7665.43,6488.91,28.82,14183.16,43371.96,2313.17,53573.05,3772.72,25655.22,0.0,0.0,0.0,141.0,364259.47965600004,364259.47965600004,Air compressor,Shekou
IMP-2024-0312,SUP-1009,SKU-131,8462910100,8462910100,Hydraulic Press HP-131,East China,Manzanillo,2024-09-04,2024-11-20,2024-12-27,2024-12-27,2025-01-01,2025-01-03,80121.1,80121.1,0.0,278.8,80399.9,164371.97,13149.76,291398.62,7674.31,18047.68,0.0,0.0,0.0,121.0,1846963.39557,1846963.39557,Hydraulic press,Ningbo-Zhoushan
IMP-2024-0313,SUP-1011,SKU-127,8422309900,8422309900,Automatic Filling & Sealing Line PFS-127,East China,Manzanillo,2024-09-05,2024-12-09,2025-01-09,2025-01-09,2025-01-24,2025-01-27,52821.62,52821.62,6621.61,216.69,59659.92,121626.29,9730.1,215619.09,4625.77,19396.6,0.0,0.0,0.0,144.0,1371641.6850720001,1371641.6850720001,Packaging machine,Shanghai
IMP-2024-0314,SUP-1007,SKU-130,8462910100,8462910100,Hydraulic Press HP-130,East China,Manzanillo,2024-09-06,2024-11-14,2024-12-20,2025-01-07,2025-01-22,2025-01-23,86622.94,173245.88,8702.12,0.0,181948.0,370930.11,29674.41,657584.9,8134.98,29117.76,38109.57,0.0,18.0,139.0,4185267.9268000005,2092633.9634000002,Hydraulic press,Ningbo-Zhoushan
IMP-2024-0315,SUP-1014,SKU-134,8480710100,8480710100,Precision Injection Mould MD-134,East China,Lázaro Cárdenas,2024-09-07,2024-11-01,2024-11-30,2024-12-08,2024-12-13,2024-12-17,6950.46,6950.46,5572.77,28.71,12551.94,12830.78,2052.93,43439.89,3700.33,30095.16,0.0,0.0,8.0,101.0,305294.82694199996,305294.82694199996,Mould and die,Nantong
IMP-2024-0316,SUP-1010,SKU-114,8477100100,8477100100,Injection Moulding Machine IMM-114,East China,Lázaro Cárdenas,2024-09-08,2024-12-08,2025-01-12,2025-01-12,2025-01-16,2025-01-17,70406.0,70406.0,8982.21,0.0,79634.78,162348.24,12987.86,287810.96,5358.19,33414.9,0.0,0.0,0.0,131.0,1832564.8719859999,1832564.8719859999,Injection moulding machine,Taizhou
IMP-2024-0317,SUP-1014,SKU-105,8457100100,8457100100,CNC Vertical Machining Centre VMC-105,East China,Manzanillo,2024-09-08,2024-11-10,2024-12-14,2024-12-14,2024-12-18,2024-12-20,166772.77,1000636.62,9129.78,4291.36,1014057.76,2073170.11,165853.61,3675315.96,8254.29,57499.27,0.0,0.0,0.0,103.0,23036478.342768,3839413.0571279996,CNC machining centre,Nantong
IMP-2024-0318,SUP-1012,SKU-110,8458110100,8456110100,Fibre Laser Cutting Machine FL-110,East China,Manzanillo,2024-09-08,2024-11-14,2024-12-14,2024-12-14,2024-12-16,2024-12-18,108163.37,108163.37,8311.36,388.29,116863.02,238918.26,19113.46,423554.3,8433.85,21263.52,0.0,0.0,0.0,101.0,2676911.7297859993,2676911.7297859993,Laser cutting machine,Shanghai
IMP-2024-0319,SUP-1007,SKU-128,8422309900,8422309900,Automatic Filling & Sealing Line PFS-128,East China,Manzanillo,2024-09-09,2024-12-04,2025-01-05,2025-01-05,2025-01-10,2025-01-13,54745.92,54745.92,7612.25,0.0,62525.6,127468.44,10197.48,225976.05,8736.67,26683.83,0.0,0.0,0.0,126.0,1444357.4885220001,1444357.4885220001,Packaging machine,Ningbo-Zhoushan
IMP-2024-0320,SUP-1014,SKU-105,8457100100,8457100100,CNC Vertical Machining Centre VMC-105,East China,Manzanillo,2024-09-09,2024-11-27,2025-01-01,2025-01-01,2025-01-07,2025-01-11,155287.0,621148.0,0.0,0.0,623065.82,1270219.36,101617.55,2251844.89,8137.41,44040.33,0.0,0.0,0.0,124.0,14087110.4668,3521777.6167,CNC machining centre,Nantong
IMP-2024-0321,SUP-1001,SKU-129,8422309900,8422309900,Automatic Filling & Sealing Line PFS-129,South China,Manzanillo,2024-09-10,2024-12-10,2025-01-11,2025-01-11,2025-01-22,2025-01-24,39848.14,239088.84,0.0,880.28,239969.12,489215.45,39137.24,867281.14,5125.1,73840.38,0.0,11605.81,0.0,136.0,5511078.441792001,918513.0736320001,Packaging machine,Yantian
IMP-2024-0322,SUP-1009,SKU-131,8462910100,8462910100,Hydraulic Press HP-131,East China,Manzanillo,2024-09-10,2024-11-23,2024-12-31,2025-01-18,2025-02-08,2025-02-10,72194.68,216584.04,6877.45,1233.47,224694.96,458076.63,36646.13,812078.24,5922.2,43232.51,34814.0,10583.82,18.0,153.0,5170041.561536001,1723347.187178667,Hydraulic press,Ningbo-Zhoushan
IMP-2024-0323,SUP-1014,SKU-122,8414809900,8414809900,Screw Air Compressor SAC-122,East China,Manzanillo,2024-09-10,2024-12-30,2025-01-27,2025-01-27,2025-02-07,2025-02-10,24760.15,74280.45,8396.45,319.07,82995.97,253800.85,13536.05,313494.81,7513.28,45114.91,0.0,11355.57,0.0,153.0,2023326.3020020004,674442.1006673335,Air compressor,Nantong
IMP-2024-0324,SUP-1014,SKU-116,8477100100,8477100100,Injection Moulding Machine IMM-116,East China,Lázaro Cárdenas,2024-09-11,2024-12-19,2025-01-22,2025-01-22,2025-01-25,2025-01-27,80553.65,80553.65,5647.71,0.0,86501.6,176347.35,14107.79,312628.59,3572.34,32465.61,0.0,0.0,0.0,138.0,1983845.7357760002,1983845.7357760002,Injection moulding machine,Nantong
IMP-2024-0325,SUP-1007,SKU-130,8462910100,8462910100,Hydraulic Press HP-130,East China,Manzanillo,2024-09-12,2024-11-27,2024-12-24,2024-12-24,2025-01-08,2025-01-10,82525.71,82525.71,5257.02,485.52,88268.25,180458.26,14436.66,319916.4,4431.46,17041.08,0.0,0.0,0.0,120.0,2020950.0434750002,2020950.0434750002,Hydraulic press,Ningbo-Zhoushan
IMP-2024-0326,SUP-1010,SKU-110,8456110100,8456110100,Fibre Laser Cutting Machine FL-110,East China,Manzanillo,2024-09-12,2024-11-03,2024-12-02,2024-12-28,,2025-01-06,19176.43,76705.72,6467.53,0.0,83616.09,170947.24,13675.78,303055.27,3930.81,51358.84,0.0,0.0,26.0,116.0,1940331.5449749997,485082.88624374993,Laser cutting machine,Taizhou
IMP-2024-0327,SUP-1014,SKU-134,8480710100,8480710100,Precision Injection Mould MD-134,East China,Manzanillo,2024-09-14,2024-11-16,2024-12-17,2024-12-17,2024-12-24,2024-12-28,7147.39,14294.78,0.0,0.0,14376.2,14695.57,2351.29,49753.31,5453.76,32177.37,0.0,0.0,0.0,105.0,346924.760754,173462.380377,Mould and die,Nantong
IMP-2024-0328,SUP-1014,SKU-136,8480710100,8480710100,Precision Injection Mould MD-136,East China,Manzanillo,2024-09-14,2024-11-09,2024-12-13,2025-01-16,2025-01-22,2025-01-24,19835.56,119013.36,6913.28,486.1,126412.74,128856.3,20617.01,436255.88,3529.35,53300.87,34576.98,0.0,34.0,132.0,2818006.475284,469667.74588066665,Mould and die,Nantong
IMP-2024-0329,SUP-1001,SKU-111,8456110100,8456110100,Fibre Laser Cutting Machine FL-111,South China,Veracruz,2024-09-14,2024-11-08,2024-12-20,2024-12-20,2024-12-28,2024-12-31,43875.75,131627.25,0.0,0.0,142114.74,290543.64,23243.49,515075.76,7947.74,81113.04,0.0,0.0,0.0,108.0,3093874.897175,1031291.6323916666,Laser cutting machine,Yantian
IMP-2024-0330,SUP-1007,SKU-128,8422309900,8422309900,Automatic Filling & Sealing Line PFS-128,East China,Manzanillo,2024-09-15,2024-12-11,2025-01-11,2025-01-11,2025-01-16,2025-01-20,52987.05,158961.15,0.0,0.0,159653.61,325479.43,26038.35,577009.93,8041.61,37318.37,0.0,0.0,0.0,127.0,3637555.14059,1212518.3801966666,Packaging machine,Ningbo-Zhoushan
IMP-2024-0331,SUP-1007,SKU-114,8477100100,8477100100,Injection Moulding Machine IMM-114,East China,Manzanillo,2024-09-15,2024-12-23,2025-01-24,2025-01-24,2025-01-28,2025-01-31,63653.11,127306.22,6277.05,402.31,133985.58,273151.04,21852.08,484242.17,5297.02,34882.35,0.0,0.0,0.0,138.0,3066692.915228,1533346.457614,Injection moulding machine,Ningbo-Zhoushan
IMP-2024-0332,SUP-1012,SKU-104,8457100100,8457100100,CNC Vertical Machining Centre VMC-104,East China,Manzanillo,2024-09-15,2024-12-03,2025-01-11,2025-01-11,2025-01-13,2025-01-14,142653.9,570615.6,0.0,3137.63,573753.23,1169687.76,93575.02,2073622.46,3581.69,54580.34,0.0,0.0,0.0,121.0,13018302.408718001,3254575.6021795003,CNC machining centre,Shanghai
IMP-2024-0333,SUP-1001,SKU-114,8477100100,8477100100,Injection Moulding Machine IMM-114,South China,Manzanillo,2024-09-16,2024-12-19,2025-01-22,2025-02-03,2025-02-09,2025-02-12,70001.42,70001.42,6479.63,308.7,76789.75,151596.02,12127.68,268749.43,6270.57,17777.87,0.0,0.0,12.0,149.0,1703732.347575,1703732.347575,Injection moulding machine,Yantian
IMP-2024-0334,SUP-1006,SKU-119,8479500100,8479500100,6-Axis Industrial Robot IR-119,East China,Veracruz,2024-09-17,2024-12-19,,2025-01-28,2025-02-04,2025-02-06,46573.35,139720.05,9199.35,570.54,149489.94,152379.58,24380.73,515896.31,4951.78,100988.4,0.0,0.0,,142.0,3330292.100804,1110097.3669346666,Industrial robot,Ningbo-Zhoushan
IMP-2024-0335,SUP-1013,SKU-117,8477100100,8477100100,Injection Moulding Machine IMM-117,East China,Manzanillo,2024-09-18,2024-12-05,2025-01-08,,2025-02-11,2025-02-15,32995.46,32995.46,5840.32,144.94,38980.72,76954.57,6156.37,136425.06,4455.38,26585.67,0.0,0.0,,150.0,883697.6700240001,883697.6700240001,Injection moulding machine,Shanghai
IMP-2024-0336,SUP-1006,SKU-101,8457100100,8457100100,CNC Vertical Machining Centre VMC-101,East China,Lázaro Cárdenas,2024-09-19,2024-11-07,2024-12-02,2024-12-03,2024-12-18,2024-12-21,155075.84,465227.52,0.0,0.0,467794.82,956373.76,76509.9,1695459.41,5984.93,52879.99,0.0,5743.98,1.0,93.0,10608743.547136,3536247.849045333,CNC machining centre,Ningbo-Zhoushan
IMP-2024-0337,SUP-1007,SKU-128,8422309900,8422309900,Automatic Filling & Sealing Line PFS-128,East China,Manzanillo,2024-09-21,2024-12-01,2025-01-07,2025-02-10,2025-02-13,2025-02-15,48722.52,48722.52,0.0,0.0,57447.2,113410.54,9072.84,201054.2,6215.72,21544.82,0.0,0.0,34.0,147.0,1112109.293084,1112109.293084,Packaging machine,Ningbo-Zhoushan
IMP-2024-0338,SUP-1008,SKU-123,8414809900,8414809900,Screw Air Compressor SAC-123,East China,Manzanillo,2024-09-21,2024-12-21,2025-01-26,2025-03-01,2025-03-10,2025-03-12,17307.05,34614.1,0.0,120.28,34734.38,103492.47,5519.6,127833.9,3593.99,34981.2,0.0,0.0,34.0,172.0,837537.090568,418768.545284,Air compressor,Wenzhou
IMP-2024-0339,SUP-1006,SKU-137,8428330100,8428330100,Modular Belt Conveyor CV-137,East China,Lázaro Cárdenas,2024-09-21,2024-11-08,2024-12-07,2024-12-07,2024-12-13,2024-12-16,33067.2,99201.6,0.0,562.89,99764.49,203961.52,16316.92,361582.98,8741.91,50335.28,0.0,0.0,0.0,86.0,2318970.792907,772990.2643023334,Conveyor system,Ningbo-Zhoushan
IMP-2024-0340,SUP-1005,SKU-138,8428330100,8428330100,Modular Belt Conveyor CV-138,South China,Lázaro Cárdenas,2024-09-21,2024-12-07,2025-01-06,2025-01-06,2025-01-15,2025-01-19,11627.29,11627.29,6708.65,0.0,18371.89,37454.04,2996.32,66398.52,9066.95,39611.79,0.0,0.0,0.0,120.0,462936.5744040001,462936.5744040001,Conveyor system,Shekou
IMP-2024-0341,SUP-1007,SKU-130,8462910100,8462910100,Hydraulic Press HP-130,East China,Manzanillo,2024-09-22,2024-11-27,2024-12-31,2025-01-08,2025-01-12,2025-01-15,86114.77,172229.54,8492.39,529.43,181251.36,369509.9,29560.79,655067.15,8275.23,26482.16,0.0,0.0,8.0,115.0,4128927.055776,2064463.527888,Hydraulic press,Ningbo-Zhoushan
IMP-2024-0342,SUP-1011,SKU-119,8479500100,8479500100,6-Axis Industrial Robot IR-119,East China,Manzanillo,2024-09-22,2024-12-15,2025-01-12,2025-01-12,2025-01-20,2025-01-24,51501.39,206005.56,7939.67,846.57,214791.8,218943.73,35031.0,741255.88,4844.01,51312.39,0.0,0.0,0.0,124.0,4689005.639880001,1172251.4099700002,Industrial robot,Shanghai
IMP-2024-0343,SUP-1011,SKU-136,8480710100,8480710100,Precision Injection Mould MD-136,East China,Lázaro Cárdenas,2024-09-22,2024-11-20,2024-12-17,2025-01-12,2025-01-15,2025-01-18,4145.45,4145.45,0.0,23.86,4169.31,4249.9,679.98,14388.47,4415.43,31109.05,0.0,0.0,26.0,118.0,125452.41524599999,125452.41524599999,Mould and die,Shanghai
IMP-2024-0344,SUP-1002,SKU-116,8477100100,8477100100,Injection Moulding Machine IMM-116,South China,Veracruz,2024-09-23,2024-12-28,2025-02-06,2025-02-06,2025-02-15,2025-02-18,80375.59,160751.18,10554.18,561.32,171866.68,339294.04,27143.52,601500.48,8564.77,85422.78,0.0,0.0,0.0,148.0,3853365.546556,1926682.773278,Injection moulding machine,Shekou
IMP-2024-0345,SUP-1001,SKU-999,8477100100,,,South China,Veracruz,2024-09-24,2024-12-08,2025-01-16,2025-01-18,2025-01-27,2025-01-28,40365.1,242190.6,0.0,1324.97,243515.57,496445.45,39715.64,880098.5,7768.74,136104.98,0.0,0.0,2.0,126.0,5644489.329362,940748.2215603334,,Yantian
IMP-2024-0346,SUP-1014,SKU-116,8477100100,8477100100,Injection Moulding Machine IMM-116,East China,Manzanillo,2024-09-24,2024-12-25,2025-01-27,2025-01-27,2025-01-30,2025-01-31,88563.21,265689.63,8242.64,1169.43,275101.7,560838.83,44867.11,994255.08,5034.53,34071.94,0.0,0.0,0.0,129.0,6253200.727220001,2084400.242406667,Injection moulding machine,Nantong
IMP-2024-0347,SUP-1003,SKU-102,8457100100,8457100100,CNC Vertical Machining Centre VMC-102,South China,Manzanillo,2024-09-25,2024-12-03,2025-01-05,2025-01-05,2025-01-10,2025-01-14,98892.09,395568.36,10033.96,0.0,407625.5,831009.8,66480.78,1473214.18,6193.54,35380.44,0.0,0.0,0.0,111.0,9207916.816912001,2301979.2042280002,CNC machining centre,Nansha
IMP-2024-0348,SUP-1014,SKU-105,8457100100,8457100100,CNC Vertical Machining Centre VMC-105,East China,Manzanillo,2024-09-26,2024-12-08,2025-01-15,2025-01-15,2025-01-18,2025-01-19,166744.62,500233.86,0.0,2758.62,502992.48,1025430.65,82034.45,1817883.46,7340.97,35861.09,0.0,0.0,0.0,115.0,11404973.652768001,3801657.884256,CNC machining centre,Nantong
IMP-2024-0349,SUP-1002,SKU-102,8457100100,8457100100,CNC Vertical Machining Centre VMC-102,South China,Manzanillo,2024-09-26,2024-12-06,2025-01-13,2025-01-13,2025-02-01,2025-02-04,96609.96,96609.96,6851.27,321.06,103782.29,211576.8,16926.14,375083.36,5586.12,22336.84,0.0,0.0,0.0,131.0,2372193.9333140003,2372193.9333140003,CNC machining centre,Shekou
IMP-2024-0350,SUP-1014,SKU-116,8477100100,8477100100,Injection Moulding Machine IMM-116,East China,Manzanillo,2024-09-27,2024-12-26,2025-01-29,2025-01-29,2025-02-01,2025-02-05,80885.22,323540.88,6860.66,1549.94,331951.48,676736.2,54138.9,1199717.94,7749.82,48405.66,0.0,0.0,0.0,131.0,7554392.622168,1888598.155542,Injection moulding machine,Nantong
IMP-2024-0351,SUP-1012,SKU-999,8458110100,,,East China,Manzanillo,2024-09-27,2024-12-04,2025-01-02,2025-01-02,2025-01-11,2025-01-15,103993.27,207986.54,6080.7,0.0,214067.24,436410.32,34912.83,773668.21,7798.4,29956.48,0.0,0.0,0.0,110.0,4873181.224984001,2436590.6124920007,,Shanghai
IMP-2024-0352,SUP-1013,SKU-137,8428330100,8428330100,Modular Belt Conveyor CV-137,East China,Lázaro Cárdenas,2024-09-27,2024-11-09,2024-12-12,2025-01-07,2025-01-12,2025-01-13,35070.77,35070.77,0.0,0.0,43523.88,88730.39,7098.43,157301.24,8876.7,32929.14,7619.96,0.0,26.0,108.0,860228.379682,860228.379682,Conveyor system,Shanghai
IMP-2024-0353,SUP-1007,SKU-141,8515310100,8515310100,Inverter Arc Welding Power Source AW-141,East China,Manzanillo,2024-09-30,2024-11-16,2024-12-24,2024-12-24,2024-12-30,2025-01-03,29706.01,29706.01,5146.95,0.0,34947.48,107171.51,5715.81,132378.26,3757.83,21179.39,0.0,0.0,0.0,95.0,850368.910128,850368.910128,Arc welding machine,Ningbo-Zhoushan
IMP-2024-0354,SUP-1008,SKU-112,8456110100,8456110100,Fibre Laser Cutting Machine FL-112,East China,Lázaro Cárdenas,2024-10-02,2024-12-02,2025-01-06,2025-01-07,2025-01-10,,72202.35,216607.05,7498.98,0.0,224106.03,456876.0,36550.08,809949.77,7231.19,53376.91,0.0,0.0,1.0,,5122794.171198,1707598.057066,Laser cutting machine,Wenzhou
IMP-2024-0355,SUP-1002,SKU-106,8458110100,8458110100,CNC Turning Centre TC-106,South China,Lázaro Cárdenas,2024-10-04,2024-12-07,2025-01-03,2025-01-08,2025-01-10,2025-01-14,84745.58,84745.58,6001.73,504.77,91252.08,186031.97,14882.56,329797.47,6360.44,28327.96,0.0,0.0,5.0,102.0,2095922.584128,2095922.584128,CNC lathe,Shekou
IMP-2024-0356,SUP-1011,SKU-115,8477100100,8477100100,Injection Moulding Machine IMM-115,East China,"MANZANILLO, COL",2024-10-05,2024-12-09,2025-01-05,2025-01-17,2025-02-05,2025-02-06,44817.47,89634.94,0.0,425.43,90060.37,183602.47,14688.2,325490.47,5448.29,24006.46,24508.41,10126.15,12.0,124.0,2098404.719042,1049202.359521,Injection moulding machine,Shanghai
IMP-2024-0357,SUP-1013,SKU-140,8515310100,8515310100,Inverter Arc Welding Power Source AW-140,East China,Manzanillo,2024-10-07,2024-12-11,2025-01-15,2025-01-15,2025-01-21,2025-01-23,27109.24,81327.72,9773.76,421.96,91523.44,279877.76,14926.81,345705.01,4444.24,40923.01,0.0,0.0,0.0,108.0,2206023.581904,735341.193968,Arc welding machine,Shanghai
IMP-2024-0358,SUP-1014,SKU-118,8477100100,8477100100,Injection Moulding Machine IMM-118,East China,Manzanillo,2024-10-07,2024-12-18,2025-01-21,2025-01-21,2025-01-24,2025-01-25,30255.61,60511.22,7828.85,348.11,68688.18,140031.85,11202.55,248248.45,4520.24,29763.74,0.0,0.0,0.0,110.0,1585836.8303880002,792918.4151940001,Injection moulding machine,Nantong
IMP-2024-0359,SUP-1010,SKU-110,8456110100,8456110100,Fibre Laser Cutting Machine FL-110,East China,Manzanillo,2024-10-07,2024-11-25,2024-12-28,,2025-01-05,2025-01-08,18711.75,37423.5,9113.66,0.0,46750.13,95577.37,7646.19,169439.56,6653.27,29460.78,0.0,0.0,,93.0,1090757.270188,545378.635094,Laser cutting machine,Taizhou
IMP-2024-0360,SUP-1012,SKU-142,8515310100,8515310100,Inverter Arc Welding Power Source AW-142,East China,Lázaro Cárdenas,2024-10-07,2024-12-12,2025-01-09,2025-01-09,2025-01-19,2025-01-19,7227.52,14455.04,0.0,72.53,14527.57,44425.16,2369.34,54873.96,6420.89,55288.31,0.0,0.0,0.0,104.0,404671.4585620001,202335.72928100004,Arc welding machine,Shanghai
IMP-2024-0361,SUP-1002,SKU-125,8414809900,8414809900,Screw Air Compressor SAC-125,South China,Manzanillo,2024-10-10,2024-12-01,2025-01-02,2025-01-02,2025-01-04,2025-01-05,15111.04,45333.12,9427.56,0.0,55008.61,168215.78,8971.51,207780.13,8989.34,34810.44,0.0,0.0,0.0,87.0,1337371.148888,445790.3829626667,Air compressor,Shekou
IMP-2024-0362,SUP-1005,SKU-129,8422309900,8422309900,Automatic Filling & Sealing Line PFS-129,South China,Manzanillo,2024-10-10,2024-12-27,2025-01-31,2025-02-01,2025-02-06,2025-02-11,38605.19,38605.19,0.0,0.0,38827.11,76651.32,6132.11,135887.45,6867.65,25500.22,0.0,0.0,1.0,124.0,877283.3794230002,877283.3794230002,Packaging machine,Shekou
IMP-2024-0363,SUP-1010,SKU-107,8458110100,8458110100,CNC Turning Centre TC-107,East China,Manzanillo,2024-10-10,2024-11-22,2024-12-26,2024-12-26,2025-01-04,2025-01-06,42584.86,127754.58,0.0,0.0,133725.05,273391.5,21871.32,484668.46,9000.95,43555.39,0.0,0.0,0.0,88.0,2959672.119894,986557.373298,CNC lathe,Taizhou
IMP-2024-0364,SUP-1012,SKU-140,8515310100,8515310100,Inverter Arc Welding Power Source AW-140,East China,Manzanillo,2024-10-11,2024-12-14,2025-01-20,2025-01-20,2025-01-29,2025-02-02,7092.4,14184.8,0.0,62.24,14247.04,43567.31,2323.59,53814.34,6009.95,31633.82,0.0,0.0,0.0,114.0,373983.375664,186991.687832,Arc welding machine,Shanghai
IMP-2024-0365,SUP-1001,SKU-111,8456110100,8456110100,Fibre Laser Cutting Machine FL-111,South China,Manzanillo,2024-10-12,2024-11-29,2024-12-26,2024-12-26,2025-01-02,2025-01-06,45326.55,90653.1,8925.9,0.0,99897.6,204233.65,16338.69,362065.42,6391.65,26314.21,0.0,0.0,0.0,86.0,2289101.1497,1144550.57485,Laser cutting machine,Yantian
IMP-2024-0366,SUP-1008,SKU-126,8422309900,8422309900,Automatic Filling & Sealing Line PFS-126,East China,Lázaro Cárdenas,2024-10-14,2025-01-15,2025-02-14,2025-02-14,2025-02-23,2025-02-24,31864.6,127458.4,7574.27,0.0,135711.91,267918.38,21433.47,474965.71,4844.05,66959.02,0.0,0.0,0.0,133.0,3026929.3813389996,756732.3453347499,Packaging machine,Wenzhou
IMP-2024-0367,SUP-1002,SKU-125,8414809900,8414809900,Screw Air Compressor SAC-125,South China,Lázaro Cárdenas,2024-10-14,2024-12-23,2025-01-22,2025-01-22,2025-01-28,2025-01-30,15081.58,45244.74,8615.8,145.96,54006.5,165151.34,8808.07,203994.93,7887.06,54829.77,0.0,0.0,0.0,108.0,1337685.1528999999,445895.0509666666,Air compressor,Shekou
IMP-2024-0368,SUP-1014,SKU-134,8480710100,8480710100,Precision Injection Mould MD-134,East China,Manzanillo,2024-10-14,2024-11-22,2024-12-24,2024-12-24,2024-12-26,2024-12-30,7292.75,14585.5,0.0,0.0,14655.34,14980.91,2396.95,50719.36,6472.0,31703.48,0.0,0.0,0.0,77.0,353743.67764999997,176871.83882499998,Mould and die,Nantong
IMP-2024-0369,SUP-1014,SKU-116,,8477100100,Injection Moulding Machine IMM-116,East China,Lázaro Cárdenas,2024-10-15,2025-01-09,2025-02-09,2025-02-09,2025-02-18,2025-02-21,81982.52,163965.04,6854.38,0.0,171673.7,338913.07,27113.05,600825.09,3867.25,45542.11,0.0,0.0,0.0,129.0,3787701.2238140004,1893850.6119070002,Injection moulding machine,Nantong
IMP-2024-0370,SUP-1014,SKU-106,8457100100,8458110100,CNC Turning Centre TC-106,East China,Manzanillo,2024-10-16,2024-12-27,2025-01-23,2025-01-23,2025-01-27,2025-01-30,144297.24,144297.24,0.0,0.0,144960.82,295525.83,23642.07,523908.18,7998.57,23959.41,0.0,0.0,0.0,106.0,3292855.992984,3292855.992984,CNC lathe,Nantong
IMP-2024-0371,SUP-1005,SKU-138,8428330100,8428330100,Modular Belt Conveyor CV-138,South China,Lázaro Cárdenas,2024-10-19,2024-12-28,2025-01-25,2025-01-25,2025-01-31,2025-02-04,11854.15,11854.15,6554.13,0.0,18467.66,37649.28,3011.94,66744.64,8987.26,33047.51,0.0,0.0,0.0,108.0,457978.231048,457978.231048,Conveyor system,Shekou
IMP-2024-0372,SUP-1006,SKU-119,8479500100,8479500100,6-Axis Industrial Robot IR-119,East China,Manzanillo,2024-10-18,2024-12-27,2025-01-27,2025-02-14,2025-02-18,2025-02-21,50052.08,100104.16,8488.56,462.87,109055.59,107647.14,17223.54,364450.15,3643.36,35844.98,23061.02,0.0,18.0,126.0,2340362.781103,1170181.3905515,Industrial robot,Ningbo-Zhoushan
IMP-2024-0373,SUP-1009,SKU-131,8462910100,8462910100,Hydraulic Press HP-131,East China,Veracruz,2024-10-20,2024-12-29,2025-02-10,2025-02-12,2025-02-14,2025-02-17,78655.18,157310.36,10203.77,546.15,168060.28,331779.56,26542.37,588178.81,6878.14,85187.58,0.0,0.0,2.0,120.0,3768183.2796759997,1884091.6398379998,Hydraulic press,Ningbo-Zhoushan
IMP-2024-0374,SUP-1001,SKU-114,8477100100,8477100100,Injection Moulding Machine IMM-114,South China,Manzanillo,2024-10-21,2025-01-17,2025-02-23,2025-01-07,2025-03-09,2025-03-15,70995.19,141990.38,6555.26,579.14,149124.78,294397.67,23551.81,521908.18,5375.6,23079.31,0.0,5139.12,,,3295520.1793260006,1647760.0896630003,Injection moulding machine,Yantian
IMP-2024-0375,SUP-1006,SKU-127,8422309900,8422309900,Automatic Filling & Sealing Line PFS-127,East China,Manzanillo,2024-10-21,2025-01-12,2025-02-12,2025-02-12,2025-02-23,2025-02-24,52738.64,316431.84,11160.19,0.0,329455.61,650401.38,52032.11,1153031.57,6977.45,59565.91,0.0,9009.7,0.0,126.0,7245210.128651001,1207535.0214418333,Packaging machine,Ningbo-Zhoushan
IMP-2024-0376,SUP-1011,SKU-115,8477100100,8477100100,Injection Moulding Machine IMM-115,East China,Manzanillo,2024-10-21,2024-12-27,2025-01-24,2025-01-24,2025-01-30,2025-02-02,42005.29,84010.58,8611.69,501.07,93123.34,189846.83,15187.75,336560.46,6560.4,24914.0,0.0,0.0,0.0,104.0,2134977.2632440003,1067488.6316220001,Injection moulding machine,Shanghai
IMP-2024-0377,SUP-1010,SKU-114,8477100100,8477100100,Injection Moulding Machine IMM-114,East China,Manzanillo,2024-10-21,2025-01-29,2025-02-26,2025-02-26,2025-03-02,2025-03-04,68088.47,136176.94,6418.8,0.0,142595.74,281508.23,22520.66,499057.79,7626.33,29994.9,0.0,0.0,0.0,134.0,3156732.4403580003,1578366.2201790002,Injection moulding machine,Taizhou
IMP-2024-0378,SUP-1002,SKU-107,8458110100,8458110100,CNC Turning Centre TC-107,South China,Manzanillo,2024-10-22,2024-12-03,2025-01-08,2025-01-16,2025-02-06,2025-02-07,42602.82,42602.82,7412.49,135.47,50150.78,102240.39,8179.23,181251.76,7965.66,24307.14,0.0,8653.04,8.0,108.0,1173749.351548,1173749.351548,CNC lathe,Shekou
IMP-2024-0379,SUP-1011,SKU-103,8457100100,8457100100,CNC Vertical Machining Centre VMC-103,East China,Veracruz,2024-10-23,2024-12-29,2025-02-07,2025-02-07,2025-02-22,2025-02-26,160928.59,321857.18,11052.46,1490.82,334400.46,660163.36,52813.07,1170337.6,6367.31,88611.88,0.0,0.0,0.0,126.0,7409589.181182001,3704794.5905910004,CNC machining centre,Shanghai
IMP-2024-0380,SUP-1007,SKU-130,8462910100,8462910100,Hydraulic Press HP-130,East China,Manzanillo,2024-10-23,2024-12-22,2025-01-26,2025-01-25,2025-01-27,2025-01-29,84583.13,169166.26,8270.15,773.06,178209.47,363308.52,29064.68,644073.34,4994.12,29112.65,0.0,0.0,-1.0,98.0,4059565.1511020004,2029782.5755510002,Hydraulic press,Ningbo-Zhoushan
IMP-2024-0381,SUP-1010,SKU-141,8515310100,8515310100,Inverter Arc Welding Power Source AW-141,East China,Manzanillo,2024-10-23,2024-12-11,2025-01-18,2025-02-21,2025-02-28,,29643.09,59286.18,8635.05,195.45,68116.68,201710.86,10757.91,249153.25,9171.63,32142.89,11542.65,0.0,34.0,,1610065.001556,805032.500778,Arc welding machine,Taizhou
IMP-2024-0382,SUP-1007,SKU-128,8422309900,8422309900,Automatic Filling & Sealing Line PFS-128,East China,Manzanillo,2024-10-23,2025-01-05,2025-02-02,2025-02-02,2025-02-04,2025-02-06,51314.27,51314.27,0.0,200.84,60543.89,119523.93,9561.91,211892.03,4189.01,20142.05,0.0,0.0,0.0,106.0,1170412.747087,1170412.747087,Packaging machine,Ningbo-Zhoushan
IMP-2024-0383,SUP-1014,SKU-122,8414809900,8414809900,Screw Air Compressor SAC-122,East China,Manzanillo,2024-10-25,2025-01-14,2025-02-13,2025-02-13,2025-02-16,2025-02-20,23957.78,71873.34,6090.85,0.0,78289.78,231836.0,12364.59,286363.83,3667.96,37250.24,0.0,0.0,0.0,118.0,1824264.4397230002,608088.1465743334,Air compressor,Nantong
IMP-2024-0384,SUP-1013,SKU-117,8477100100,8477100100,Injection Moulding Machine IMM-117,East China,Manzanillo,2024-11-01,2025-01-16,2025-02-23,2025-02-23,2025-02-27,2025-03-03,32874.95,32874.95,5338.75,167.41,38381.11,75770.84,6061.67,134326.54,4666.93,25709.1,0.0,0.0,0.0,122.0,869916.8992870001,869916.8992870001,Injection moulding machine,Shanghai
IMP-2024-0385,SUP-1002,SKU-107,8458110100,8458110100,CNC Turning Centre TC-107,South China,Manzanillo,2024-11-02,2024-12-24,2025-01-27,2025-01-27,2025-02-05,2025-02-07,45309.53,135928.59,0.0,513.29,136441.88,278158.6,22252.69,493119.57,6981.1,35147.91,0.0,0.0,0.0,97.0,3124126.330808,1041375.4436026667,CNC lathe,Shekou
IMP-2024-0386,SUP-1003,SKU-113,8456110100,8456110100,Fibre Laser Cutting Machine FL-113,South China,Manzanillo,2024-11-02,2025-02-06,2025-03-13,2025-03-13,2025-03-29,2025-04-02,62660.78,125321.56,6527.02,500.35,132348.93,262892.62,21031.41,466056.04,5277.71,30779.37,0.0,0.0,0.0,151.0,2948907.315948,1474453.657974,Laser cutting machine,Nansha
IMP-2024-0387,SUP-1014,SKU-134,8480710100,8480710100,Precision Injection Mould MD-134,East China,Lázaro Cárdenas,2024-11-03,2024-12-16,2025-01-18,2025-01-18,2025-01-20,2025-01-24,7462.64,7462.64,6468.31,25.2,13956.15,14225.92,2276.15,48163.28,4689.62,32656.37,0.0,0.0,0.0,82.0,338366.50759000005,338366.50759000005,Mould and die,Nantong
IMP-2024-0388,SUP-1014,SKU-105,8457100100,8457100100,CNC Vertical Machining Centre VMC-105,East China,Veracruz,2024-11-04,2025-01-17,2025-02-27,2025-02-27,2025-03-06,2025-03-10,158487.37,475462.11,0.0,2532.16,477994.27,943641.95,75491.36,1672888.45,8003.93,109213.64,0.0,0.0,0.0,126.0,10572770.360059,3524256.7866863334,CNC machining centre,Nantong
IMP-2024-0389,SUP-1012,SKU-127,8422309900,8422309900,Automatic Filling & Sealing Line PFS-127,East China,Manzanillo,2024-11-04,2025-02-05,2025-03-08,2025-03-08,2025-03-16,2025-03-20,54518.33,109036.66,8475.52,471.27,117983.45,234357.61,18748.61,415469.16,8982.34,31839.81,0.0,0.0,0.0,136.0,2637504.4274200005,1318752.2137100003,Packaging machine,Shanghai
IMP-2024-0390,SUP-1002,SKU-102,8457100100,8457100100,CNC Vertical Machining Centre VMC-102,South China,Lázaro Cárdenas,2024-11-04,2025-01-06,,2025-02-06,2025-02-09,2025-02-11,102884.01,205768.02,7232.69,1171.09,214171.8,422811.54,33824.92,749560.3,8594.12,49530.28,0.0,0.0,,99.0,4742876.28406,2371438.14203,CNC machining centre,Shekou
IMP-2024-0391,SUP-1002,SKU-133,8462910100,8462910100,Hydraulic Press HP-133,South China,Manzanillo,2024-11-05,2025-01-03,2025-02-08,2025-02-08,2025-02-15,2025-02-17,91549.53,183099.06,9361.2,885.02,193345.28,381696.45,30535.72,676671.47,9022.91,32833.33,0.0,0.0,0.0,104.0,4271052.924176,2135526.462088,Hydraulic press,Shekou
IMP-2024-0392,SUP-1003,SKU-123,8414809900,8414809900,Screw Air Compressor SAC-123,South China,Manzanillo,2024-11-06,2025-01-26,2025-03-02,2025-03-02,2025-03-07,2025-03-09,18763.67,18763.67,5485.19,0.0,24248.86,72250.45,3853.36,89243.75,6274.28,26588.98,0.0,0.0,0.0,123.0,590636.7254959999,590636.7254959999,Air compressor,Nansha
IMP-2024-0393,SUP-1013,SKU-120,8479500100,8479500100,6-Axis Industrial Robot IR-120,East China,Manzanillo,2024-11-06,2025-02-03,2025-03-07,2025-03-07,2025-03-16,2025-03-20,59338.14,59338.14,8849.81,0.0,68424.28,67957.63,10873.22,230077.34,8434.85,22225.34,0.0,0.0,0.0,134.0,1463949.20362,1463949.20362,Industrial robot,Shanghai
IMP-2024-0394,SUP-1010,SKU-110,8456110100,8456110100,Fibre Laser Cutting Machine FL-110,East China,Manzanillo,2024-11-06,2024-12-31,2025-01-29,2025-01-29,2025-02-01,2025-02-04,19441.08,38882.16,0.0,0.0,39004.66,79517.24,6361.38,140968.16,7288.33,26910.73,0.0,0.0,0.0,90.0,912752.7230560002,456376.3615280001,Laser cutting machine,Taizhou
IMP-2024-0395,SUP-1003,SKU-113,8456110100,8456110100,Fibre Laser Cutting Machine FL-113,South China,Manzanillo,2024-11-08,2025-02-10,2025-03-15,2025-03-15,2025-03-26,2025-03-29,59102.44,59102.44,7499.26,296.93,66898.63,132884.76,10630.78,235578.11,4711.31,21575.03,0.0,0.0,0.0,141.0,1498649.5068680001,1498649.5068680001,Laser cutting machine,Nansha
IMP-2024-0396,SUP-1001,SKU-129,8422309900,8422309900,Automatic Filling & Sealing Line PFS-129,South China,Veracruz,2024-11-08,2025-02-01,,2025-03-06,2025-03-13,2025-03-15,40148.67,120446.01,0.0,616.39,121062.4,240473.51,19237.88,426311.44,7879.48,97758.54,0.0,0.0,,127.0,2770084.4986400004,923361.4995466667,Packaging machine,Yantian
IMP-2024-0397,SUP-1013,SKU-120,8479500100,8479500100,6-Axis Industrial Robot IR-120,East China,Manzanillo,2024-11-08,2025-01-25,2025-03-03,2025-03-06,2025-03-14,2025-03-17,58328.15,233312.6,0.0,1288.02,242871.79,241215.4,38594.46,816658.87,7679.56,50337.38,0.0,0.0,3.0,129.0,4997839.675432,1249459.918858,Industrial robot,Shanghai
IMP-2024-0398,SUP-1014,SKU-138,8428330100,8428330100,Modular Belt Conveyor CV-138,East China,Lázaro Cárdenas,2024-11-09,2025-01-11,2025-02-13,2025-02-13,2025-02-16,2025-02-18,11609.78,11609.78,8479.38,48.74,20137.9,39755.64,3180.45,70478.8,5770.49,32504.29,0.0,0.0,0.0,101.0,478767.2504300001,478767.2504300001,Conveyor system,Nantong
IMP-2024-0399,SUP-1002,SKU-123,8479500100,8414809900,Screw Air Compressor SAC-123,South China,Veracruz,2024-11-09,2025-01-28,2025-03-03,2025-03-12,2025-03-14,2025-03-17,62270.95,62270.95,0.0,328.53,62599.48,62172.55,9947.61,210491.39,6864.49,45455.65,0.0,0.0,9.0,128.0,1367891.3309280002,1367891.3309280002,Air compressor,Shekou
IMP-2024-0400,SUP-1005,SKU-103,,8457100100,CNC Vertical Machining Centre VMC-103,South China,Manzanillo,2024-11-09,2025-01-18,2025-02-22,2025-03-06,2025-03-18,2025-03-22,163064.48,163064.48,8952.04,0.0,172771.39,343186.18,27454.89,608400.46,7703.31,24927.82,0.0,2249.35,12.0,133.0,3822388.8966720006,3822388.8966720006,CNC machining centre,Shekou
IMP-2024-0401,SUP-1007,SKU-132,8462910100,8462910100,Hydraulic Press HP-132,East China,Lázaro Cárdenas,2024-11-09,2025-02-05,2025-03-09,2025-03-09,2025-03-15,2025-03-16,30818.95,92456.85,9586.01,520.47,102563.33,203727.7,16298.22,361168.46,6956.65,54092.57,0.0,0.0,0.0,127.0,2318352.101788,772784.0339293334,Hydraulic press,Ningbo-Zhoushan
IMP-2024-0402,SUP-1007,SKU-141,8515310100,8515310100,Inverter Arc Welding Power Source AW-141,East China,Manzanillo,2024-11-09,2024-12-26,2025-01-29,2025-01-30,2025-02-07,2025-02-11,28930.87,57861.74,7599.16,305.24,65766.14,201112.2,10725.98,248413.79,5715.66,34805.21,0.0,0.0,1.0,94.0,1593107.039724,796553.519862,Arc welding machine,Ningbo-Zhoushan
IMP-2024-0403,SUP-1012,SKU-103,8457100100,8457100100,CNC Vertical Machining Centre VMC-103,East China,Lázaro Cárdenas,2024-11-10,2025-01-17,2025-02-12,2025-02-12,2025-02-19,2025-02-20,178705.61,178705.61,8747.45,0.0,188501.58,372134.16,29770.73,659719.45,4725.98,31080.0,0.0,0.0,0.0,102.0,4138352.9446020005,4138352.9446020005,CNC machining centre,Shanghai
IMP-2024-0404,SUP-1002,SKU-142,8515310100,8515310100,Inverter Arc Welding Power Source AW-142,South China,Manzanillo,2024-11-10,2025-01-20,2025-02-24,2025-03-01,2025-03-09,,7414.47,7414.47,8282.42,29.79,15726.68,46858.27,2499.11,57879.34,6237.55,22753.13,0.0,0.0,5.0,,390736.54084800003,390736.54084800003,Arc welding machine,Shekou
IMP-2024-0405,SUP-1011,SKU-131,8462910100,8462910100,Hydraulic Press HP-131,East China,Manzanillo,2024-11-10,2025-01-10,2025-02-16,2025-02-21,2025-02-28,2025-03-02,72676.53,145353.06,0.0,660.77,154450.4,304911.35,24392.91,540546.83,3674.13,27740.0,0.0,0.0,5.0,112.0,3243279.617711,1621639.8088555,Hydraulic press,Shanghai
IMP-2024-0406,SUP-1014,SKU-122,8414809900,8414809900,Screw Air Compressor SAC-122,East China,Lázaro Cárdenas,2024-11-11,2025-02-15,2025-03-22,2025-03-22,2025-03-28,2025-03-30,24450.69,24450.69,0.0,0.0,24556.92,73168.33,3902.31,90377.52,5840.54,40558.15,0.0,0.0,0.0,139.0,609148.055884,609148.055884,Air compressor,Nantong
IMP-2024-0407,SUP-1013,SKU-120,8479500100,8479500100,6-Axis Industrial Robot IR-120,East China,Manzanillo,2024-11-12,2025-02-16,2025-03-16,2025-03-24,2025-03-26,2025-03-30,59820.95,59820.95,5988.58,0.0,65809.53,65360.71,10457.71,221285.22,6334.57,26730.63,0.0,0.0,8.0,138.0,1416097.8001080002,1416097.8001080002,Industrial robot,Shanghai
IMP-2024-0408,SUP-1013,SKU-109,8458110100,8458110100,CNC Turning Centre TC-109,East China,Lázaro Cárdenas,2024-11-12,2024-12-30,2025-01-29,2025-01-29,2025-02-01,2025-02-03,78936.17,78936.17,0.0,0.0,79285.29,161635.75,12930.86,286547.86,5110.83,39921.7,0.0,0.0,0.0,83.0,1828839.263322,1828839.263322,CNC lathe,Shanghai
IMP-2024-0409,SUP-1008,SKU-112,8456110100,8456110100,Fibre Laser Cutting Machine FL-112,East China,Manzanillo,2024-11-12,2025-01-14,2025-02-20,2025-02-21,2025-03-06,2025-03-08,65923.03,131846.06,0.0,612.75,132458.81,261496.21,20919.7,463580.48,5910.83,30449.0,0.0,11129.01,1.0,116.0,2944866.839377,1472433.4196885,Laser cutting machine,Wenzhou
IMP-2024-0410,SUP-1014,SKU-122,8414809900,8414809900,Screw Air Compressor SAC-122,East China,Lázaro Cárdenas,2024-11-13,2025-02-17,2025-03-16,2025-03-24,,2025-04-07,23557.28,23557.28,7233.28,84.3,30874.86,91992.88,4906.29,113629.61,4678.74,37467.01,20205.22,0.0,8.0,145.0,772536.009096,772536.009096,Air compressor,Nantong
IMP-2024-0411,SUP-1013,SKU-140,8515310100,8515310100,Inverter Arc Welding Power Source AW-140,East China,Manzanillo,2024-11-13,2025-01-26,2025-02-26,2025-02-26,2025-03-01,2025-03-03,28149.31,56298.62,6450.6,213.9,62963.12,186449.85,9943.99,230302.86,6859.89,23335.01,0.0,0.0,0.0,110.0,1469587.7661040002,734793.8830520001,Arc welding machine,Shanghai
IMP-2024-0412,SUP-1003,SKU-140,8515310100,8515310100,Inverter Arc Welding Power Source AW-140,South China,Manzanillo,2024-11-14,2025-01-24,2025-02-28,2025-02-28,2025-03-16,2025-03-17,27796.27,27796.27,0.0,88.76,27885.03,82574.68,4403.98,101996.25,9132.59,21586.52,0.0,5296.99,0.0,123.0,673492.656751,673492.656751,Arc welding machine,Nansha
IMP-2024-0413,SUP-1014,SKU-104,8457100100,8457100100,CNC Vertical Machining Centre VMC-104,East China,Manzanillo,2024-11-15,2025-01-23,2025-03-02,2025-03-02,2025-03-05,2025-03-07,149656.88,149656.88,0.0,752.92,150409.8,298768.01,23901.44,529655.93,6658.04,21203.89,0.0,0.0,0.0,112.0,3338211.4832800003,3338211.4832800003,CNC machining centre,Nantong
IMP-2024-0414,SUP-1006,SKU-119,8479500100,8479500100,6-Axis Industrial Robot IR-119,East China,Lázaro Cárdenas,2024-11-15,2025-01-22,2025-02-25,2025-02-25,2025-03-01,2025-03-02,46464.97,139394.91,6848.27,502.77,146745.95,144850.73,23176.12,490406.62,7043.92,55310.1,0.0,0.0,0.0,107.0,3127395.391115,1042465.1303716666,Industrial robot,Ningbo-Zhoushan
IMP-2024-0415,SUP-1008,SKU-112,8456110100,8456110100,Fibre Laser Cutting Machine FL-112,East China,Manzanillo,2024-11-16,2025-01-29,2025-03-01,2025-03-01,2025-03-04,2025-03-06,64833.05,388998.3,9439.94,1983.59,400421.83,795381.91,63630.55,1410053.04,5665.49,50497.09,0.0,0.0,0.0,110.0,8868994.102388002,1478165.6837313336,Laser cutting machine,Wenzhou
IMP-2024-0416,SUP-1014,SKU-118,8477100100,8477100100,Injection Moulding Machine IMM-118,East China,Manzanillo,2024-11-18,2025-02-12,2025-03-11,2025-03-11,2025-03-15,2025-03-16,30067.26,90201.78,0.0,0.0,90686.32,180135.68,14410.85,319344.53,8313.25,39426.68,0.0,0.0,0.0,118.0,2034018.5372080002,678006.1790693334,Injection moulding machine,Nantong
IMP-2024-0417,SUP-1014,SKU-105,8457100100,8457100100,CNC Vertical Machining Centre VMC-105,East China,Lázaro Cárdenas,2024-11-19,2025-01-13,2025-02-17,2025-02-17,2025-02-22,2025-02-26,158811.78,158811.78,7846.09,0.0,167309.36,330297.12,26423.77,585550.73,4132.38,32994.07,0.0,0.0,0.0,99.0,3683957.012179,3683957.012179,CNC machining centre,Nantong
IMP-2024-0418,SUP-1006,SKU-140,8515310100,8515310100,Inverter Arc Welding Power Source AW-140,East China,"Manzanillo, Colima",2024-11-20,2025-02-13,2025-03-20,2025-03-22,2025-04-03,2025-04-06,27192.61,81577.83,7018.8,0.0,89050.01,265328.07,14150.83,327733.23,4531.8,30567.75,0.0,0.0,2.0,137.0,2074426.4696680002,691475.4898893334,Arc welding machine,Ningbo-Zhoushan
IMP-2024-0419,SUP-1002,SKU-106,8458110100,8458110100,CNC Turning Centre TC-106,South China,Manzanillo,2024-11-20,2025-01-30,2025-03-08,2025-03-08,2025-03-15,2025-03-16,82482.72,82482.72,0.0,0.0,82857.96,164585.74,13166.86,291777.6,5536.56,20079.85,0.0,0.0,0.0,116.0,1841772.7669920002,1841772.7669920002,CNC lathe,Shekou
IMP-2024-0420,SUP-1001,SKU-114,8477100100,8477100100,Injection Moulding Machine IMM-114,South China,Manzanillo,2024-11-22,2025-02-21,2025-03-24,2025-03-24,,2025-03-29,71650.98,71650.98,0.0,299.28,71950.26,142919.12,11433.53,253367.01,5372.62,24856.2,0.0,0.0,0.0,127.0,1613772.654536,1613772.654536,Injection moulding machine,Yantian
IMP-2024-0421,SUP-1007,SKU-128,8422309900,8422309900,Automatic Filling & Sealing Line PFS-128,East China,Lázaro Cárdenas,2024-11-22,2025-02-02,2025-03-06,2025-03-06,2025-03-12,2025-03-13,49159.16,196636.64,6920.05,879.54,204436.23,406083.95,32486.72,719905.63,8757.2,79523.22,0.0,0.0,0.0,111.0,4587690.588228,1146922.647057,Packaging machine,Ningbo-Zhoushan
IMP-2024-0422,SUP-1013,SKU-120,8479500100,8479500100,6-Axis Industrial Robot IR-120,East China,Lázaro Cárdenas,2024-11-22,2025-02-10,2025-03-14,2025-03-14,2025-03-16,2025-03-20,56534.04,56534.04,0.0,333.47,62108.99,61685.41,9869.67,208842.11,4650.56,29475.6,0.0,0.0,0.0,118.0,1235274.711636,1235274.711636,Industrial robot,Shanghai
IMP-2024-0423,SUP-1014,SKU-122,8414809900,8414809900,Screw Air Compressor SAC-122,East China,Manzanillo,2024-11-22,2025-02-14,2025-03-15,2025-03-15,2025-03-21,2025-03-22,23749.52,94998.08,7657.19,397.42,103052.69,307049.61,16375.98,379267.68,3514.84,37936.96,0.0,0.0,0.0,120.0,2411874.803084,602968.700771,Air compressor,Nantong
IMP-2024-0424,SUP-1001,SKU-111,8456110100,8456110100,Fibre Laser Cutting Machine FL-111,South China,Veracruz,2024-11-23,2025-01-13,2025-02-16,2025-02-28,2025-03-03,2025-03-07,46336.22,46336.22,10532.7,0.0,57085.81,112697.09,9015.77,199789.41,4910.08,46984.49,0.0,0.0,12.0,104.0,1296296.587964,1296296.587964,Laser cutting machine,Yantian
IMP-2024-0425,SUP-1002,SKU-124,8414809900,8414809900,Screw Air Compressor SAC-124,South China,Manzanillo,2024-11-23,2025-02-16,2025-03-16,2025-03-16,2025-03-25,2025-03-26,7931.0,15862.0,5943.9,51.71,21857.61,65125.62,3473.37,80443.17,7234.5,30585.72,0.0,0.0,0.0,123.0,540590.0319960001,270295.01599800005,Air compressor,Shekou
IMP-2024-0426,SUP-1002,SKU-102,8457100100,8457100100,CNC Vertical Machining Centre VMC-102,South China,Manzanillo,2024-11-23,2025-01-20,2025-02-18,2025-02-18,2025-02-20,2025-02-23,97042.55,194085.1,7133.61,0.0,202142.15,399062.97,31925.04,707458.83,4604.88,24233.37,0.0,0.0,0.0,92.0,4432225.667207,2216112.8336035,CNC machining centre,Shekou
IMP-2024-0427,SUP-1002,SKU-102,8457100100,8457100100,CNC Vertical Machining Centre VMC-102,South China,Manzanillo,2024-11-24,2025-01-12,2025-02-14,2025-02-14,2025-02-19,2025-02-22,98302.31,196604.62,7701.99,696.83,205003.44,404711.64,32376.93,717472.8,4285.21,26469.93,0.0,0.0,0.0,90.0,4514960.121448,2257480.060724,CNC machining centre,Shekou
IMP-2024-0428,SUP-1003,SKU-113,8456110100,8456110100,Fibre Laser Cutting Machine FL-113,South China,Manzanillo,2024-11-25,2025-02-28,2025-04-06,2025-04-06,2025-04-15,2025-04-18,59076.16,59076.16,8829.95,307.99,68214.1,133457.48,10676.6,236593.41,8310.67,25496.56,0.0,0.0,0.0,144.0,1512516.06945,1512516.06945,Laser cutting machine,Nansha
IMP-2024-0429,SUP-1012,SKU-142,8515310100,8515310100,Inverter Arc Welding Power Source AW-142,East China,Manzanillo,2024-11-26,2025-01-25,2025-02-28,2025-02-28,2025-03-06,2025-03-10,7233.36,7233.36,8480.33,0.0,15752.93,46648.44,2487.92,57620.16,8340.2,18775.58,0.0,0.0,0.0,104.0,386467.093873,386467.093873,Arc welding machine,Shanghai
IMP-2024-0430,SUP-1002,SKU-124,8414809900,8414809900,Screw Air Compressor SAC-124,South China,Lázaro Cárdenas,2024-11-26,2025-02-08,2025-03-15,2025-03-15,2025-04-01,2025-04-05,7647.82,7647.82,7644.97,25.54,15318.33,45641.58,2434.22,56376.48,8447.11,28853.96,0.0,0.0,0.0,130.0,389654.04978800006,389654.04978800006,Air compressor,Shekou
IMP-2024-0431,SUP-1007,SKU-141,8515310100,8515310100,Inverter Arc Welding Power Source AW-141,East China,Veracruz,2024-11-28,2025-01-26,2025-03-07,2025-03-07,2025-03-13,2025-03-18,28081.16,28081.16,8896.48,98.61,37076.25,110470.17,5891.74,136452.75,7497.99,59739.24,0.0,0.0,0.0,110.0,920066.9395000001,920066.9395000001,Arc welding machine,Ningbo-Zhoushan
IMP-2024-0432,SUP-1014,SKU-118,8477100100,8477100100,Injection Moulding Machine IMM-118,East China,Manzanillo,2024-11-28,2025-02-17,2025-03-16,2025-03-16,2025-03-29,2025-03-30,29794.55,89383.65,0.0,0.0,89750.73,178277.26,14262.18,316049.93,6604.16,37200.45,0.0,9895.37,0.0,122.0,2021720.49014,673906.8300466667,Injection moulding machine,Nantong
IMP-2024-0433,SUP-1010,SKU-128,8422309900,8422309900,Automatic Filling & Sealing Line PFS-128,East China,Manzanillo,2024-12-01,2025-02-22,2025-03-30,2025-04-25,2025-05-07,2025-05-09,49636.09,49636.09,5914.49,271.12,55821.7,109212.36,8736.99,193611.68,6120.97,17644.76,0.0,6004.12,26.0,159.0,1239842.8496499998,1239842.8496499998,Packaging machine,Taizhou
IMP-2024-0434,SUP-1010,SKU-118,8477100100,8477100100,Injection Moulding Machine IMM-118,East China,Manzanillo,2024-12-01,2025-03-13,2025-04-15,2025-04-15,2025-04-23,2025-04-24,29203.01,29203.01,0.0,0.0,29348.52,57418.91,4593.51,101792.25,8690.67,23362.94,0.0,0.0,0.0,144.0,665408.319145,665408.319145,Injection moulding machine,Taizhou
IMP-2024-0435,SUP-1011,SKU-136,8480710100,8480710100,Precision Injection Mould MD-136,East China,Manzanillo,2024-12-02,2025-02-22,2025-03-23,2025-03-23,2025-03-25,2025-03-26,18004.92,36009.84,5602.3,195.27,41807.41,41522.28,6643.57,140577.84,7571.67,23050.57,0.0,0.0,0.0,114.0,909233.759276,454616.879638,Mould and die,Shanghai
IMP-2024-0436,SUP-1007,SKU-141,8515310100,8515310100,Inverter Arc Welding Power Source AW-141,East China,Manzanillo,2024-12-02,2025-02-14,2025-03-15,2025-04-18,2025-05-09,2025-05-12,27204.87,163229.22,8041.88,662.31,171933.41,504568.68,26910.33,623243.23,5550.26,49318.9,0.0,7780.58,34.0,161.0,3957919.949945,659653.3249908333,Arc welding machine,Ningbo-Zhoushan
IMP-2024-0437,SUP-1003,SKU-133,8462910100,8462910100,Hydraulic Press HP-133,South China,Manzanillo,2024-12-03,2025-02-28,2025-04-01,2025-04-01,2025-04-23,2025-04-27,99569.52,298708.56,7574.2,1582.8,307865.56,602323.57,48185.89,1067799.23,6112.12,34599.46,0.0,0.0,0.0,145.0,6714456.78862,2238152.2628733334,Hydraulic press,Nansha
IMP-2024-0438,SUP-1003,SKU-117,8477100100,8477100100,Injection Moulding Machine IMM-117,South China,Manzanillo,2024-12-04,2025-03-03,2025-04-06,2025-04-06,2025-04-13,2025-04-17,33003.27,99009.81,9393.64,309.95,108713.4,212692.33,17015.39,377060.97,6110.42,32767.06,0.0,0.0,0.0,134.0,2395508.5143,798502.8380999999,Injection moulding machine,Nansha
IMP-2024-0439,SUP-1001,SKU-114,8477100100,8477100100,Injection Moulding Machine IMM-114,South China,Manzanillo,2024-12-04,2025-03-25,2025-04-28,2025-04-28,2025-05-15,2025-05-19,71914.31,431485.86,6662.12,1696.14,439844.12,860533.03,68842.64,1525552.95,7060.47,73119.7,0.0,0.0,0.0,166.0,9614886.12574,1602481.0209566664,Injection moulding machine,Yantian
IMP-2024-0440,SUP-1011,SKU-140,8515310100,8515310100,Inverter Arc Welding Power Source AW-140,East China,Manzanillo,2024-12-04,2025-02-20,2025-03-20,2025-03-20,2025-03-26,2025-03-29,26265.53,52531.06,5517.55,0.0,58353.17,173865.6,9272.83,214758.79,7210.6,23016.44,0.0,0.0,0.0,115.0,1366419.839596,683209.919798,Arc welding machine,Shanghai
IMP-2024-0441,SUP-1005,SKU-131,8462910100,8462910100,Hydraulic Press HP-131,South China,Manzanillo,2024-12-05,2025-03-02,2025-04-05,2025-04-05,2025-04-13,2025-04-15,80359.13,241077.39,0.0,0.0,242115.91,473687.67,37895.01,839753.51,3967.98,30867.32,0.0,0.0,0.0,131.0,5262976.576655,1754325.5255516667,Hydraulic press,Shekou
IMP-2024-0442,SUP-1012,SKU-103,8457100100,8457100100,CNC Vertical Machining Centre VMC-103,East China,Lázaro Cárdenas,2024-12-06,2025-03-17,2025-04-13,2025-04-13,2025-04-21,2025-04-26,172325.73,172325.73,0.0,787.94,182167.39,356401.39,28512.11,631828.38,5143.01,30832.22,0.0,0.0,0.0,141.0,3807771.1267150003,3807771.1267150003,CNC machining centre,Shanghai
IMP-2024-0443,SUP-1001,SKU-111,8456110100,8456110100,Fibre Laser Cutting Machine FL-111,South China,Manzanillo,2024-12-09,2025-02-09,2025-03-09,2025-03-10,2025-03-15,2025-03-18,45993.86,91987.72,8271.58,349.48,100608.78,199845.26,15987.62,354285.67,8531.1,25917.11,0.0,0.0,1.0,99.0,2248733.652408,1124366.826204,Laser cutting machine,Yantian
IMP-2024-0444,SUP-1001,SKU-114,8477100100,8477100100,Injection Moulding Machine IMM-114,South China,Manzanillo,2024-12-09,2025-03-27,2025-04-22,2025-04-22,2025-05-01,2025-05-04,71863.33,71863.33,8538.6,285.17,80687.1,157860.28,12628.82,279854.7,7646.89,25239.94,0.0,0.0,0.0,146.0,1781978.69795,1781978.69795,Injection moulding machine,Yantian
IMP-2024-0445,SUP-1012,SKU-103,8457100100,8457100100,CNC Vertical Machining Centre VMC-103,East China,Manzanillo,2024-12-10,2025-03-10,2025-04-11,2025-05-15,2025-05-23,2025-05-25,158715.39,476146.17,7521.26,0.0,483667.43,925536.32,74042.91,1640790.79,5911.72,35545.51,13791.47,0.0,34.0,166.0,10310191.136993999,3436730.3789979997,CNC machining centre,Shanghai
IMP-2024-0446,SUP-1003,SKU-133,8462910100,8462910100,Hydraulic Press HP-133,South China,Manzanillo,2024-12-10,2025-03-18,2025-04-24,2025-04-24,2025-05-01,2025-05-05,98962.73,296888.19,7862.82,1245.78,305996.79,598667.42,47893.39,1061317.6,8542.58,41178.3,0.0,0.0,0.0,146.0,6682955.887955001,2227651.9626516667,Hydraulic press,Nansha
IMP-2024-0447,SUP-1007,SKU-132,8462910100,8462910100,Hydraulic Press HP-132,East China,Manzanillo,2024-12-10,2025-03-02,2025-04-04,2025-04-04,2025-04-13,2025-04-15,31458.59,31458.59,0.0,0.0,31563.32,61752.06,4940.16,109474.05,8012.18,26049.22,0.0,0.0,0.0,126.0,716225.204055,716225.204055,Hydraulic press,Ningbo-Zhoushan
IMP-2024-0448,SUP-1006,SKU-119,8479500100,8479500100,6-Axis Industrial Robot IR-119,East China,Manzanillo,2024-12-10,2025-03-05,2025-04-02,2025-04-02,2025-04-08,2025-04-12,48095.88,48095.88,6007.1,0.0,54247.27,53066.04,8490.57,179660.37,7067.36,18779.1,0.0,0.0,0.0,123.0,1145900.82221,1145900.82221,Industrial robot,Ningbo-Zhoushan
IMP-2024-0449,SUP-1013,SKU-109,8458110100,8458110100,CNC Turning Centre TC-109,East China,Manzanillo,2024-12-11,2025-02-06,2025-03-08,2025-03-10,2025-03-13,2025-03-15,82659.94,165319.88,0.0,677.66,165997.54,329730.87,26378.47,584546.89,8758.01,32237.62,0.0,0.0,2.0,94.0,3694413.7055440005,1847206.8527720002,CNC lathe,Shanghai
IMP-2024-0450,SUP-1013,SKU-140,8515310100,8515310100,Inverter Arc Welding Power Source AW-140,East China,Lázaro Cárdenas,2024-12-11,2025-03-12,2025-04-16,2025-04-16,2025-04-23,2025-04-24,28269.58,28269.58,5568.05,112.55,33950.18,99632.74,5313.75,123066.37,8359.41,36711.68,0.0,0.0,0.0,134.0,814235.8766100002,814235.8766100002,Arc welding machine,Shanghai
IMP-2024-0451,SUP-1014,SKU-134,8480710100,8480710100,Precision Injection Mould MD-134,East China,Manzanillo,2024-12-12,2025-02-03,2025-03-07,2025-03-07,,2025-03-13,7230.13,21690.39,0.0,72.94,21763.33,21614.9,3458.38,73179.42,5867.24,41015.93,0.0,0.0,0.0,91.0,504254.531788,168084.84392933335,Mould and die,Nantong
IMP-2024-0452,SUP-1002,SKU-125,8414809900,8414809900,Screw Air Compressor SAC-125,South China,Lázaro Cárdenas,2024-12-12,2025-03-04,2025-04-04,2025-04-04,2025-04-12,2025-04-14,15345.2,15345.2,0.0,89.76,15434.96,45296.59,2415.82,55950.35,7462.72,34709.21,0.0,0.0,0.0,123.0,391861.61491999996,391861.61491999996,Air compressor,Shekou
IMP-2024-0453,SUP-1013,SKU-137,8428330100,8428330100,Modular Belt Conveyor CV-137,East China,Manzanillo,2024-12-13,2025-01-29,2025-02-28,2025-02-28,,2025-03-23,35115.55,35115.55,0.0,180.52,35296.07,69680.44,5574.44,123529.49,9093.48,19701.78,0.0,0.0,0.0,100.0,800854.565119,800854.565119,Conveyor system,Shanghai
IMP-2024-0454,SUP-1005,SKU-133,8462910100,8462910100,Hydraulic Press HP-133,South China,Manzanillo,2024-12-13,2025-02-19,2025-03-27,2025-03-27,2025-03-31,2025-04-02,100826.26,302478.78,8679.3,1272.11,312430.19,620598.83,49647.91,1100197.61,6395.93,31484.71,0.0,0.0,0.0,110.0,6914115.702084,2304705.234028,Hydraulic press,Shekou
IMP-2024-0455,SUP-1009,SKU-131,8462910100,8462910100,Hydraulic Press HP-131,East China,Manzanillo,2024-12-13,2025-03-05,2025-04-01,,2025-04-06,2025-04-10,77406.3,77406.3,7620.06,330.88,85357.24,166997.17,13359.77,296052.59,7872.8,23387.24,0.0,0.0,,118.0,1881588.70198,1881588.70198,Hydraulic press,Ningbo-Zhoushan
IMP-2024-0456,SUP-1014,SKU-104,8457100100,8457100100,CNC Vertical Machining Centre VMC-104,East China,Manzanillo,2024-12-13,2025-03-07,2025-04-04,2025-04-04,2025-04-10,2025-04-14,157379.11,472137.33,6757.64,0.0,481381.35,941798.54,75343.88,1669620.46,3560.81,34745.44,0.0,0.0,0.0,122.0,10424789.310565,3474929.7701883335,CNC machining centre,Nantong
IMP-2024-0457,SUP-1011,SKU-135,8480710100,8480710100,Precision Injection Mould MD-135,East China,Manzanillo,2024-12-14,2025-02-27,2025-04-04,2025-04-04,2025-04-11,2025-04-12,4036.62,8073.24,7610.3,30.99,15714.53,15372.35,2459.58,52044.61,4773.04,33039.01,0.0,0.0,0.0,119.0,363090.90218499996,181545.45109249998,Mould and die,Shanghai
IMP-2024-0458,SUP-1002,SKU-125,8414809900,8414809900,Screw Air Compressor SAC-125,South China,Veracruz,2024-12-16,2025-02-20,2025-03-29,2025-03-29,2025-03-31,2025-04-04,14351.29,14351.29,0.0,0.0,14421.75,42970.18,2291.74,53076.77,7401.28,58829.86,0.0,0.0,0.0,109.0,396561.344044,396561.344044,Air compressor,Shekou
IMP-2024-0459,SUP-1003,SKU-133,8462910100,8462910100,Hydraulic Press HP-133,South China,Manzanillo,2024-12-16,2025-03-05,2025-04-04,2025-04-04,2025-04-09,2025-04-10,96820.35,290461.05,8478.16,0.0,298939.21,584859.62,46788.77,1036839.13,5098.27,40655.88,0.0,0.0,0.0,115.0,6525998.714044999,2175332.9046816663,Hydraulic press,Nansha
IMP-2024-0460,SUP-1010,SKU-110,8456110100,8456110100,Fibre Laser Cutting Machine FL-110,East China,Lázaro Cárdenas,2024-12-16,2025-03-07,2025-03-31,2025-04-01,2025-04-05,2025-04-09,19969.16,19969.16,7602.7,107.91,27679.77,54154.09,4332.33,96004.36,7045.24,39413.23,0.0,0.0,1.0,114.0,646485.750165,646485.750165,Laser cutting machine,Taizhou
IMP-2024-0461,SUP-1007,SKU-132,8462910100,8462910100,Hydraulic Press HP-132,East China,Manzanillo,2024-12-17,2025-04-05,2025-05-03,2025-05-03,2025-05-09,2025-05-10,30109.1,180654.6,6984.77,0.0,187639.37,359062.95,28725.04,636546.79,5804.87,66672.32,0.0,0.0,0.0,144.0,4050894.636446,675149.1060743333,Hydraulic press,Ningbo-Zhoushan
IMP-2024-0462,SUP-1007,SKU-130,8462910100,8462910100,Hydraulic Press HP-130,East China,Manzanillo,2024-12-17,2025-03-07,2025-04-05,2025-04-10,2025-04-13,2025-04-17,78821.7,157643.4,0.0,0.0,158316.82,309738.94,24779.12,549105.2,4643.22,36274.06,0.0,0.0,5.0,121.0,3459649.6392999995,1729824.8196499997,Hydraulic press,Ningbo-Zhoushan
IMP-2024-0463,SUP-1003,SKU-117,8477100100,8477100100,Injection Moulding Machine IMM-117,South China,Veracruz,2024-12-18,2025-03-11,2025-04-21,2025-05-17,2025-05-19,2025-05-22,33530.34,67060.68,0.0,334.91,67395.59,128966.85,10317.35,228632.44,8576.75,69214.59,0.0,0.0,26.0,155.0,1506744.071122,753372.035561,Injection moulding machine,Nansha
IMP-2024-0464,SUP-1003,SKU-123,8414809900,8414809900,Screw Air Compressor SAC-123,South China,Manzanillo,2024-12-18,2025-03-27,2025-04-25,2025-04-25,2025-04-27,2025-04-30,17429.59,69718.36,0.0,0.0,69967.82,205332.81,10951.08,253627.09,5838.99,41361.13,0.0,0.0,0.0,133.0,1627488.8642199999,406872.21605499997,Air compressor,Nansha
IMP-2024-0465,SUP-1007,SKU-130,8462910100,8462910100,Hydraulic Press HP-130,East China,Manzanillo,2024-12-19,2025-02-27,2025-04-01,2025-04-01,2025-04-06,2025-04-07,82975.06,248925.18,7348.27,827.85,257101.3,503005.84,40240.47,891728.75,7860.09,37598.05,0.0,0.0,0.0,109.0,5618762.83385,1872920.9446166668,Hydraulic press,Ningbo-Zhoushan
IMP-2024-0466,SUP-1005,SKU-139,8428330100,8428330100,Modular Belt Conveyor CV-139,South China,Manzanillo,2024-12-19,2025-02-21,2025-03-25,2025-03-25,2025-04-08,2025-04-12,21471.52,42943.04,7434.03,0.0,50507.23,100325.54,8026.04,177857.12,4209.57,30719.16,0.0,0.0,0.0,114.0,1143950.277652,571975.138826,Conveyor system,Shekou
IMP-2024-0467,SUP-1008,SKU-141,8515310100,8515310100,Inverter Arc Welding Power Source AW-141,East China,Manzanillo,2024-12-20,2025-02-18,2025-03-19,2025-03-19,2025-03-24,2025-03-27,28655.64,57311.28,6896.69,0.0,64497.87,192173.98,10249.28,237373.3,9014.63,23776.37,0.0,0.0,0.0,97.0,1510615.692892,755307.846446,Arc welding machine,Wenzhou
IMP-2024-0468,SUP-1013,SKU-137,8428330100,8428330100,Modular Belt Conveyor CV-137,East China,Lázaro Cárdenas,2024-12-21,2025-02-20,2025-03-26,2025-03-26,2025-04-04,2025-04-08,35196.62,105589.86,8406.81,0.0,114623.34,227683.22,18214.66,403636.81,7738.6,62168.9,0.0,0.0,0.0,108.0,2580189.634212,860063.211404,Conveyor system,Shanghai
IMP-2024-0469,SUP-1003,SKU-113,8456110100,8456110100,Fibre Laser Cutting Machine FL-113,South China,Veracruz,2024-12-21,2025-03-30,2025-05-12,2025-05-12,2025-05-15,2025-05-18,57629.7,230518.8,8771.8,877.48,240168.08,459580.83,36766.47,814744.9,8153.47,116178.41,0.0,0.0,0.0,148.0,5216487.525264,1304121.881316,Laser cutting machine,Nansha
IMP-2024-0470,SUP-1002,SKU-138,8428330100,8428330100,Modular Belt Conveyor CV-138,South China,Manzanillo,2024-12-22,2025-03-07,2025-04-03,2025-04-03,2025-04-09,2025-04-10,11492.32,11492.32,0.0,0.0,18891.95,36961.16,2956.89,65524.74,8082.86,26962.52,0.0,0.0,0.0,109.0,299804.92464,299804.92464,Conveyor system,Shekou
IMP-2024-0471,SUP-1013,SKU-117,8477100100,8477100100,Injection Moulding Machine IMM-117,East China,Veracruz,2024-12-22,2025-03-25,2025-05-08,2025-06-03,2025-06-08,2025-06-11,31588.78,63177.56,8348.86,222.2,71748.62,136625.16,10930.01,242209.08,6405.28,72679.45,0.0,0.0,26.0,171.0,1592891.4717640001,796445.7358820001,Injection moulding machine,Shanghai
IMP-2024-0472,SUP-1011,SKU-115,8477100100,8477100100,Injection Moulding Machine IMM-115,East China,Lázaro Cárdenas,2024-12-23,2025-03-06,2025-04-10,2025-04-28,2025-05-03,2025-05-07,43143.26,43143.26,0.0,0.0,43321.05,84755.47,6780.44,150254.49,3741.25,31031.19,0.0,0.0,18.0,135.0,970384.66027,970384.66027,Injection moulding machine,Shanghai
IMP-2024-0473,SUP-1002,SKU-114,8456110100,8477100100,Injection Moulding Machine IMM-114,South China,Lázaro Cárdenas,2024-12-23,2025-03-31,2025-05-01,2025-05-01,2025-05-07,2025-05-10,67549.05,135098.1,5208.7,559.18,140865.98,269558.32,21564.67,477872.99,4695.36,54926.7,0.0,0.0,0.0,138.0,3046328.270084,1523164.135042,Injection moulding machine,Shekou
IMP-2024-0474,SUP-1012,SKU-101,8457100100,8457100100,CNC Vertical Machining Centre VMC-101,East China,Manzanillo,2024-12-23,2025-02-19,2025-03-28,2025-04-05,2025-04-13,2025-04-17,150587.53,301175.06,6725.13,1285.73,309185.92,604906.79,48392.54,1072378.76,7355.77,25172.92,0.0,0.0,8.0,115.0,6734895.95184,3367447.97592,CNC machining centre,Shanghai
IMP-2024-0475,SUP-1002,SKU-124,8414809900,8414809900,Screw Air Compressor SAC-124,South China,Veracruz,2024-12-24,2025-03-23,2025-04-26,2025-04-26,2025-05-03,,7193.35,21580.05,8679.36,72.09,30331.5,89013.09,4747.37,109948.97,8813.38,97188.7,0.0,0.0,0.0,,793183.17175,264394.3905833333,Air compressor,Shekou
IMP-2024-0476,SUP-1009,SKU-131,8462910100,8462910100,Hydraulic Press HP-131,East China,Lázaro Cárdenas,2024-12-24,2025-04-02,2025-04-29,2025-04-29,2025-05-08,2025-05-12,79270.99,237812.97,7149.77,0.0,246271.45,481817.78,38545.42,854166.56,7706.63,69641.5,0.0,0.0,0.0,139.0,5390284.856729999,1796761.6189099997,Hydraulic press,Ningbo-Zhoushan
IMP-2024-0477,SUP-1007,SKU-129,8422309900,8422309900,Automatic Filling & Sealing Line PFS-129,East China,Manzanillo,2024-12-26,2025-03-23,,2025-04-26,2025-05-02,2025-05-03,39231.68,78463.36,0.0,376.76,78840.12,154246.75,12339.74,273448.64,4715.06,33970.15,0.0,0.0,,128.0,1747739.2277399998,873869.6138699999,Packaging machine,Ningbo-Zhoushan
IMP-2024-0478,SUP-1013,SKU-109,8458110100,8458110100,CNC Turning Centre TC-109,East China,Lázaro Cárdenas,2024-12-27,2025-02-14,2025-03-18,2025-03-18,2025-03-27,2025-03-29,80700.41,161400.82,8997.15,0.0,171021.34,339709.95,27176.8,602237.8,4803.34,45687.51,0.0,0.0,0.0,92.0,3802094.7168920003,1901047.3584460001,CNC lathe,Shanghai
IMP-2024-0479,SUP-1005,SKU-141,8515310100,8515310100,Inverter Arc Welding Power Source AW-141,South China,Manzanillo,2024-12-27,2025-03-16,2025-04-12,2025-04-11,2025-04-27,2025-05-01,28967.96,86903.88,9096.75,0.0,96439.28,283017.94,15094.29,349583.76,4294.76,45862.01,0.0,2471.75,-1.0,125.0,2228945.075635,742981.6918783333,Arc welding machine,Shekou
IMP-2024-0480,SUP-1013,SKU-140,8515310100,8515310100,Inverter Arc Welding Power Source AW-140,East China,Manzanillo,2024-12-27,2025-04-04,2025-05-01,2025-05-01,2025-05-04,2025-05-06,27759.71,83279.13,8435.98,0.0,91715.11,263256.3,14040.34,325174.18,5686.93,39760.7,0.0,0.0,0.0,130.0,2077786.271938,692595.4239793334,Arc welding machine,Shanghai
IMP-2024-0481,SUP-1014,SKU-134,8480710100,8480710100,Precision Injection Mould MD-134,East China,Lázaro Cárdenas,2024-12-28,2025-03-12,2025-04-14,2025-04-26,2025-05-02,2025-05-06,7344.66,7344.66,0.0,0.0,7387.04,7226.19,1156.19,24464.98,7339.36,35126.26,36135.83,0.0,12.0,129.0,230678.43056999997,230678.43056999997,Mould and die,Nantong
IMP-2024-0482,SUP-1001,SKU-114,8477100100,8477100100,Injection Moulding Machine IMM-114,South China,Manzanillo,2024-12-28,2025-04-17,2025-05-25,2025-05-25,2025-05-27,2025-05-31,67042.19,67042.19,6891.61,0.0,74330.71,142237.76,11379.02,252159.1,3798.51,18803.22,0.0,0.0,0.0,154.0,1591000.92004,1591000.92004,Injection moulding machine,Yantian
IMP-2024-0483,SUP-1003,SKU-113,8456110100,8456110100,Fibre Laser Cutting Machine FL-113,South China,Manzanillo,2024-12-28,2025-03-28,2025-04-28,2025-04-28,2025-05-01,2025-05-03,59367.89,59367.89,8836.86,329.07,68533.82,134082.99,10726.64,237702.33,7037.75,17401.98,0.0,0.0,0.0,126.0,1510079.2813900001,1510079.2813900001,Laser cutting machine,Nansha
IMP-2025-0001,SUP-1013,SKU-137,8428330100,8428330100,Modular Belt Conveyor CV-137,East China,Manzanillo,2025-01-01,2025-03-09,2025-04-14,2025-04-14,2025-04-17,2025-04-21,33860.08,135440.32,0.0,564.59,141641.5,277114.51,22169.16,491268.61,7354.37,47581.3,0.0,0.0,0.0,110.0,3015087.4016949995,753771.8504237499,Conveyor system,Shanghai
IMP-2025-0002,SUP-1003,SKU-119,8479500100,8479500100,6-Axis Industrial Robot IR-119,South China,Manzanillo,2025-01-01,2025-04-02,2025-05-17,2025-05-17,2025-05-23,2025-05-24,51741.02,155223.06,0.0,505.06,155728.12,148999.11,23839.86,504451.38,6167.52,38703.31,0.0,0.0,0.0,143.0,3197691.958696,1065897.3195653332,Industrial robot,Nansha
IMP-2025-0003,SUP-1012,SKU-108,8458110100,8458110100,CNC Turning Centre TC-108,East China,Lázaro Cárdenas,2025-01-01,2025-03-03,2025-04-03,2025-04-03,2025-04-12,2025-04-14,116090.92,232181.84,0.0,978.82,233160.66,456167.17,36493.37,808693.16,7436.63,48491.07,0.0,0.0,0.0,103.0,5110259.97257,2555129.986285,CNC lathe,Shanghai
IMP-2025-0004,SUP-1008,SKU-126,8422309900,8422309900,Automatic Filling & Sealing Line PFS-126,East China,"Manzanillo, Colima",2025-01-02,2025-04-09,2025-05-21,2025-05-21,2025-05-26,2025-05-28,30413.91,60827.82,7234.13,359.04,68420.99,130929.04,10474.32,232111.0,6380.66,23210.24,0.0,0.0,0.0,146.0,1480284.6404419998,740142.3202209999,Packaging machine,Wenzhou
IMP-2025-0005,SUP-1013,SKU-109,8458110100,8458110100,CNC Turning Centre TC-109,East China,Manzanillo,2025-01-02,2025-03-05,2025-04-10,2025-04-10,2025-05-01,,76712.4,76712.4,5227.22,0.0,82244.54,160907.33,12872.59,285256.52,5734.62,25896.84,0.0,4000.96,0.0,,1812520.0354899997,1812520.0354899997,CNC lathe,Shanghai
IMP-2025-0006,SUP-1008,SKU-126,8422309900,8422309900,Automatic Filling & Sealing Line PFS-126,East China,Manzanillo,2025-01-03,2025-04-06,2025-05-13,2025-05-13,2025-05-21,,29796.38,29796.38,6046.27,109.92,35952.57,68798.12,5503.85,121965.31,6162.53,20829.85,0.0,0.0,0.0,,789275.5390059999,789275.5390059999,Packaging machine,Wenzhou
IMP-2025-0007,SUP-1013,SKU-113,8456110100,8456110100,Fibre Laser Cutting Machine FL-113,East China,Lázaro Cárdenas,2025-01-03,2025-04-13,2025-05-19,2025-05-19,2025-05-27,2025-05-29,60546.56,181639.68,9469.21,0.0,191769.15,366965.61,29357.25,650556.63,4164.74,58593.35,0.0,0.0,0.0,146.0,4116102.4472619994,1372034.1490873331,Laser cutting machine,Shanghai
IMP-2025-0008,SUP-1014,SKU-116,8477100100,8477100100,Injection Moulding Machine IMM-116,East China,Manzanillo,2025-01-03,2025-04-13,2025-05-18,2025-05-18,2025-05-27,2025-05-31,86271.0,172542.0,6498.82,580.29,179621.11,343719.36,27497.55,609345.69,6757.85,34962.77,0.0,0.0,0.0,148.0,3850131.166738,1925065.583369,Injection moulding machine,Nantong
IMP-2025-0009,SUP-1014,SKU-107,8458110100,8458110100,CNC Turning Centre TC-107,East China,Manzanillo,2025-01-04,2025-03-20,2025-04-26,2025-04-26,2025-05-01,2025-05-05,42803.59,128410.77,6704.21,745.93,135860.91,265805.08,21264.41,471219.24,5085.33,38061.55,0.0,0.0,0.0,121.0,2988267.143695,996089.0478983334,CNC lathe,Nantong
IMP-2025-0010,SUP-1011,SKU-115,8477100100,8477100100,Injection Moulding Machine IMM-115,East China,Lázaro Cárdenas,2025-01-05,2025-04-05,2025-05-10,2025-05-10,,2025-05-18,40846.34,245078.04,0.0,0.0,257556.67,492855.29,39428.42,873733.86,4895.61,105600.51,0.0,0.0,0.0,133.0,5332544.187832,888757.3646386666,Injection moulding machine,Shanghai
IMP-2025-0011,SUP-1002,SKU-124,8462910100,8414809900,Screw Air Compressor SAC-124,South China,Manzanillo,2025-01-05,2025-04-03,2025-05-11,2025-05-11,2025-05-28,2025-05-31,8064.08,8064.08,6792.41,45.19,14901.68,42773.34,2281.24,52833.62,6621.1,17993.77,0.0,1650.53,0.0,146.0,356475.548144,356475.548144,Air compressor,Shekou
IMP-2025-0012,SUP-1002,SKU-107,8458110100,8458110100,CNC Turning Centre TC-107,South China,Lázaro Cárdenas,2025-01-05,2025-03-16,2025-04-23,2025-04-23,2025-04-29,2025-05-01,45688.19,45688.19,0.0,167.8,45855.99,89714.95,7177.2,159046.67,6625.15,33485.09,0.0,0.0,0.0,116.0,1034151.9063550001,1034151.9063550001,CNC lathe,Shekou
IMP-2025-0013,SUP-1008,SKU-126,8422309900,8422309900,Automatic Filling & Sealing Line PFS-126,East China,Lázaro Cárdenas,2025-01-08,2025-04-24,2025-05-31,2025-05-31,2025-06-03,2025-06-07,31243.13,187458.78,0.0,0.0,198004.76,378897.95,30311.84,671710.28,3988.06,99869.87,0.0,0.0,0.0,150.0,4100241.442324,683373.5737206667,Packaging machine,Wenzhou
IMP-2025-0014,SUP-1011,SKU-127,8422309900,8422309900,Automatic Filling & Sealing Line PFS-127,East China,Lázaro Cárdenas,2025-01-10,2025-04-10,2025-05-19,2025-05-19,2025-05-22,2025-05-23,54936.93,164810.79,6109.21,631.05,171551.05,328276.66,26262.13,581968.86,5469.2,47805.88,0.0,0.0,0.0,133.0,3690580.45259,1230193.4841966666,Packaging machine,Shanghai
IMP-2025-0015,SUP-1007,SKU-129,8422309900,8422309900,Automatic Filling & Sealing Line PFS-129,East China,Manzanillo,2025-01-13,2025-04-11,2025-05-23,2025-05-23,2025-05-29,2025-05-31,38281.38,38281.38,6048.91,0.0,44470.78,85098.4,6807.87,150862.43,6127.77,20830.31,0.0,0.0,0.0,138.0,967159.9133819998,967159.9133819998,Packaging machine,Ningbo-Zhoushan
IMP-2025-0016,SUP-1013,SKU-132,8462910100,8462910100,Hydraulic Press HP-132,East China,Manzanillo,2025-01-14,2025-04-18,2025-05-30,2025-05-30,2025-06-08,2025-06-10,29464.48,29464.48,5305.45,0.0,34932.05,66845.27,5347.62,118503.3,7341.72,26372.48,0.0,0.0,0.0,147.0,771257.516494,771257.516494,Hydraulic press,Shanghai
IMP-2025-0017,SUP-1013,SKU-137,8428330100,8428330100,Modular Belt Conveyor CV-137,East China,Manzanillo,2025-01-15,2025-03-08,2025-04-17,2025-04-17,2025-05-04,2025-05-07,34258.83,137035.32,8318.22,552.19,145905.73,285457.27,22836.58,506058.64,8570.59,55054.57,0.0,0.0,0.0,112.0,3226491.6645850004,806622.9161462501,Conveyor system,Shanghai
IMP-2025-0018,SUP-1013,SKU-137,8428330100,8428330100,Modular Belt Conveyor CV-137,East China,Manzanillo,2025-01-16,2025-03-16,2025-04-26,2025-04-26,2025-05-03,,32629.82,195778.92,0.0,0.0,205699.14,402440.08,32195.21,713445.78,8409.34,68146.98,0.0,0.0,0.0,,4341508.29034,723584.7150566666,Conveyor system,Shanghai
IMP-2025-0019,SUP-1013,SKU-140,8515310100,8515310100,Inverter Arc Welding Power Source AW-140,East China,Manzanillo,2025-01-15,2025-04-19,2025-05-25,2025-05-25,2025-05-31,2025-06-01,26141.86,78425.58,6225.72,0.0,84905.44,243710.03,12997.87,301030.63,4764.35,40454.03,0.0,0.0,0.0,137.0,1921796.62654,640598.8755133334,Arc welding machine,Shanghai
IMP-2025-0020,SUP-1007,SKU-143,8515310100,,,East China,Manzanillo,2025-01-16,2025-04-18,2025-05-19,2025-05-19,2025-05-24,2025-05-28,6971.57,20914.71,8225.4,79.15,29219.26,83870.09,4473.07,103596.33,5760.44,38394.82,0.0,0.0,0.0,132.0,691632.3355080001,230544.11183600003,,Ningbo-Zhoushan
IMP-2025-0021,SUP-1003,SKU-121,8479500100,8479500100,6-Axis Industrial Robot IR-121,South China,Manzanillo,2025-01-17,2025-04-20,2025-05-25,2025-05-25,2025-05-30,,66055.36,66055.36,0.0,0.0,75153.98,71906.58,11505.05,243446.91,6451.06,25996.62,0.0,0.0,0.0,,1379881.467888,1379881.467888,Industrial robot,Nansha
IMP-2025-0022,SUP-1002,SKU-107,8458110100,8458110100,CNC Turning Centre TC-107,South China,Manzanillo,2025-01-19,2025-03-16,2025-05-01,2025-05-01,2025-05-07,2025-05-11,43507.3,43507.3,0.0,0.0,43706.41,83635.71,6690.86,148269.39,8539.83,23841.52,0.0,0.0,0.0,112.0,955254.9113400001,955254.9113400001,CNC lathe,Shekou
IMP-2025-0023,SUP-1013,SKU-101,8457100100,8457100100,CNC Vertical Machining Centre VMC-101,East China,Lázaro Cárdenas,2025-01-19,2025-03-28,2025-05-03,2025-05-03,2025-05-12,2025-05-13,162689.17,650756.68,0.0,0.0,652881.0,1249340.02,99947.2,2214829.99,8648.18,62117.91,0.0,0.0,0.0,114.0,13872802.987144,3468200.746786,CNC machining centre,Shanghai
IMP-2025-0024,SUP-1014,SKU-118,8477100100,8477100100,Injection Moulding Machine IMM-118,East China,Manzanillo,2025-01-20,2025-05-03,2025-06-08,2025-06-16,2025-06-20,2025-06-24,28188.02,169128.12,10514.89,0.0,180266.45,343266.98,27461.36,608543.7,6413.16,52052.22,0.0,0.0,8.0,155.0,3849991.8450220004,641665.3075036667,Injection moulding machine,Nantong
IMP-2025-0025,SUP-1013,SKU-137,8428330100,8428330100,Modular Belt Conveyor CV-137,East China,Lázaro Cárdenas,2025-01-24,2025-03-15,2025-04-23,2025-05-27,2025-05-30,2025-06-02,33309.09,99927.27,7755.44,326.5,108009.21,206684.26,16534.74,366409.86,9093.07,53308.38,0.0,0.0,34.0,129.0,2352463.090718,784154.3635726668,Conveyor system,Shanghai
IMP-2025-0026,SUP-1006,SKU-101,8457100100,8457100100,CNC Vertical Machining Centre VMC-101,East China,Manzanillo,2025-01-26,2025-03-18,2025-04-27,2025-04-27,2025-05-04,2025-05-07,148339.16,148339.16,0.0,840.73,149179.89,291863.0,23349.04,517414.72,4505.69,21498.81,0.0,0.0,0.0,101.0,3259846.497905,3259846.497905,CNC machining centre,Ningbo-Zhoushan
IMP-2025-0027,SUP-1099,SKU-127,8422309900,8422309900,Automatic Filling & Sealing Line PFS-127,,Manzanillo,2025-01-27,2025-05-09,2025-06-16,2025-06-24,2025-06-28,2025-07-02,52732.99,52732.99,8353.78,0.0,61086.77,116322.65,9305.81,206216.79,5228.89,21169.53,0.0,0.0,8.0,156.0,1315253.371694,1315253.371694,Packaging machine,Yantian
IMP-2025-0028,SUP-1012,SKU-142,8515310100,8515310100,Inverter Arc Welding Power Source AW-142,East China,Manzanillo,2025-01-28,2025-04-18,2025-06-02,2025-06-02,2025-06-04,2025-06-06,6879.97,6879.97,0.0,0.0,6917.65,19759.09,1053.82,24406.43,6963.32,23646.11,0.0,0.0,0.0,129.0,182432.104734,182432.104734,Arc welding machine,Shanghai
IMP-2025-0029,SUP-1009,SKU-131,8462910100,8462910100,Hydraulic Press HP-131,East China,Manzanillo,2025-01-28,2025-04-19,2025-05-28,2025-05-28,2025-06-10,2025-06-11,73620.17,294480.68,0.0,0.0,305580.99,584753.67,46780.29,1036651.31,6336.3,42855.63,0.0,0.0,0.0,134.0,6315849.286343999,1578962.3215859998,Hydraulic press,Ningbo-Zhoushan
IMP-2025-0030,SUP-1014,SKU-134,8480710100,8480710100,Precision Injection Mould MD-134,East China,Manzanillo,2025-01-28,2025-03-31,2025-05-06,2025-05-06,2025-05-12,2025-05-15,7511.23,7511.23,7865.95,34.66,15411.84,14745.89,2359.34,49923.7,8152.25,23585.19,0.0,0.0,0.0,107.0,343760.557872,343760.557872,Mould and die,Nantong
IMP-2025-0031,SUP-1002,SKU-107,8458110100,8458110100,CNC Turning Centre TC-107,South China,Manzanillo,2025-01-28,2025-04-05,2025-05-18,2025-05-18,2025-06-05,2025-06-09,45825.2,91650.4,0.0,0.0,91937.55,175929.86,14074.39,311888.45,7015.19,28850.93,0.0,0.0,0.0,132.0,1979674.0943199997,989837.0471599998,CNC lathe,Shekou
IMP-2025-0032,SUP-1003,SKU-113,8456110100,8456110100,Fibre Laser Cutting Machine FL-113,South China,Manzanillo,2025-02-01,2025-05-14,2025-06-14,2025-06-14,2025-06-23,2025-06-24,62657.8,125315.6,8976.79,509.51,134801.9,256692.47,20535.4,455064.42,5162.66,29057.84,0.0,0.0,0.0,143.0,2878373.110180001,1439186.5550900004,Laser cutting machine,Nansha
IMP-2025-0033,SUP-1002,SKU-106,8458110100,8458110100,CNC Turning Centre TC-106,South China,Lázaro Cárdenas,2025-02-02,2025-05-05,2025-06-12,2025-06-24,2025-06-29,2025-07-03,87118.01,261354.03,0.0,960.91,271341.48,516693.87,41335.51,915994.9,7465.92,58511.73,38154.89,0.0,12.0,151.0,5657215.4704680005,1885738.4901560002,CNC lathe,Shekou
IMP-2025-0034,SUP-1010,SKU-110,8456110100,8456110100,Fibre Laser Cutting Machine FL-110,East China,Veracruz,2025-02-02,2025-04-12,2025-05-29,2025-05-29,2025-06-02,2025-06-04,19367.02,19367.02,0.0,97.97,19464.99,37247.82,2979.83,66032.93,8646.59,64826.92,0.0,0.0,0.0,122.0,486179.31564200006,486179.31564200006,Laser cutting machine,Taizhou
IMP-2025-0035,SUP-1005,SKU-138,8428330100,8428330100,Modular Belt Conveyor CV-138,South China,Manzanillo,2025-02-03,2025-04-30,2025-06-13,2025-06-13,2025-06-21,2025-06-24,11444.91,34334.73,0.0,0.0,34456.3,65612.38,5248.99,116317.62,4139.49,29213.13,0.0,0.0,0.0,141.0,758022.7856060001,252674.2618686667,Conveyor system,Shekou
IMP-2025-0036,SUP-1002,SKU-134,8480710100,8480710100,Precision Injection Mould MD-134,South China,Manzanillo,2025-02-03,2025-04-05,2025-05-15,2025-05-15,2025-05-24,2025-05-28,7016.07,7016.07,5404.17,35.92,12456.16,11917.93,1906.87,40349.34,5964.96,20807.48,0.0,0.0,0.0,114.0,278955.826528,278955.826528,Mould and die,Shekou
IMP-2025-0037,SUP-1008,SKU-112,8456110100,8456110100,Fibre Laser Cutting Machine FL-112,East China,Manzanillo,2025-02-05,2025-04-17,2025-06-06,2025-06-13,2025-06-18,2025-06-22,72601.34,145202.68,0.0,505.67,154617.78,294426.27,23554.1,521958.89,8813.75,24028.53,0.0,0.0,7.0,137.0,3125430.1923700003,1562715.0961850001,Laser cutting machine,Wenzhou
IMP-2025-0038,SUP-1013,SKU-120,8479500100,8479500100,6-Axis Industrial Robot IR-120,East China,Manzanillo,2025-02-05,2025-05-08,2025-06-15,2025-07-03,2025-07-08,2025-07-12,62672.38,62672.38,8368.25,326.25,71366.88,67654.02,10824.64,229049.44,6394.17,22392.77,5336.53,0.0,18.0,157.0,1465682.4913599999,1465682.4913599999,Industrial robot,Shanghai
IMP-2025-0039,SUP-1010,SKU-108,8458110100,8458110100,CNC Turning Centre TC-108,East China,Lázaro Cárdenas,2025-02-05,2025-04-24,2025-06-02,2025-06-02,2025-06-10,2025-06-12,116133.97,116133.97,0.0,515.89,116649.86,222127.0,17770.16,393786.74,3613.13,32323.57,0.0,0.0,0.0,127.0,2497103.824092,2497103.824092,CNC lathe,Taizhou
IMP-2025-0040,SUP-1013,SKU-109,8458110100,8458110100,CNC Turning Centre TC-109,East China,Manzanillo,2025-02-07,2025-04-11,2025-05-21,2025-05-21,2025-05-24,2025-05-26,78379.21,78379.21,7144.67,0.0,85947.02,164466.5,13157.32,291566.21,9162.15,23987.83,0.0,0.0,0.0,108.0,1847341.6629040001,1847341.6629040001,CNC lathe,Shanghai
IMP-2025-0041,SUP-1008,SKU-125,8414809900,8414809900,Screw Air Compressor SAC-125,East China,Manzanillo,2025-02-08,2025-04-16,2025-05-24,2025-05-24,,2025-06-03,14883.05,14883.05,0.0,0.0,14967.17,42961.32,2291.27,53065.82,6051.92,24046.45,0.0,0.0,0.0,115.0,360150.02819,360150.02819,Air compressor,Wenzhou
IMP-2025-0042,SUP-1013,SKU-117,8477100100,8477100100,Injection Moulding Machine IMM-117,East China,Lázaro Cárdenas,2025-02-11,2025-05-02,,2025-06-07,2025-06-14,2025-06-16,34444.51,68889.02,5209.53,0.0,74374.9,141626.17,11330.09,251074.88,4779.85,36990.73,0.0,0.0,,125.0,1605726.2488100003,802863.1244050001,Injection moulding machine,Shanghai
IMP-2025-0043,SUP-1012,SKU-142,8515310100,8515310100,Inverter Arc Welding Power Source AW-142,East China,Manzanillo,2025-02-12,2025-05-01,2025-06-01,2025-07-05,,2025-07-08,7413.86,29655.44,0.0,167.89,29823.33,84815.31,4523.48,104763.88,6216.64,51280.16,0.0,0.0,34.0,146.0,712271.0151349999,178067.75378374997,Arc welding machine,Shanghai
IMP-2025-0044,SUP-1002,SKU-106,8458110100,8458110100,CNC Turning Centre TC-106,South China,Lázaro Cárdenas,2025-02-12,2025-05-18,2025-06-19,2025-06-27,2025-07-13,2025-07-14,82703.61,248110.83,6580.36,942.24,255633.43,486782.29,38942.58,862967.64,8634.43,58387.94,0.0,0.0,8.0,152.0,5460570.140746,1820190.0469153335,CNC lathe,Shekou
IMP-2025-0045,SUP-1013,SKU-137,8428330100,8428330100,Modular Belt Conveyor CV-137,East China,Manzanillo,2025-02-13,2025-04-04,2025-05-20,2025-05-20,2025-05-25,2025-05-26,35715.58,107146.74,7167.69,601.65,114916.08,219901.11,17592.09,389840.69,5250.77,40697.68,0.0,0.0,0.0,102.0,2482452.773664,827484.257888,Conveyor system,Shanghai
IMP-2025-0046,SUP-1001,SKU-111,8456110100,8456110100,Fibre Laser Cutting Machine FL-111,South China,Manzanillo,2025-02-14,2025-04-15,2025-05-27,2025-05-27,2025-06-05,2025-06-07,45071.66,45071.66,0.0,177.96,45249.62,86588.77,6927.1,153504.57,6771.99,26252.38,0.0,0.0,0.0,113.0,992427.918396,992427.918396,Laser cutting machine,Yantian
IMP-2025-0047,SUP-1009,SKU-137,8428330100,8428330100,Modular Belt Conveyor CV-137,East China,Manzanillo,2025-02-17,2025-04-17,2025-06-03,2025-06-05,2025-06-08,2025-06-10,34794.06,34794.06,6618.12,0.0,41597.78,79211.32,6336.91,140425.84,7365.13,26274.27,0.0,0.0,2.0,113.0,907766.643996,907766.643996,Conveyor system,Ningbo-Zhoushan
IMP-2025-0048,SUP-1013,SKU-137,8428330100,8428330100,Modular Belt Conveyor CV-137,East China,Manzanillo,2025-02-18,2025-04-14,2025-05-27,2025-06-04,2025-06-07,2025-06-09,31820.95,95462.85,0.0,0.0,96027.7,182857.87,14628.63,324170.43,6764.64,40348.02,0.0,0.0,8.0,111.0,2062421.8422700001,687473.9474233334,Conveyor system,Shanghai
IMP-2025-0049,SUP-1014,SKU-119,8479500100,8479500100,6-Axis Industrial Robot IR-119,East China,Manzanillo,2025-02-20,2025-05-20,2025-06-28,2025-07-01,2025-07-06,2025-07-10,50408.77,50408.77,0.0,268.78,50677.55,48041.05,7686.57,162647.78,3839.65,17309.73,0.0,0.0,3.0,140.0,1037698.0092249998,1037698.0092249998,Industrial robot,Nantong
IMP-2025-0050,SUP-1014,SKU-105,8457100100,8457100100,CNC Vertical Machining Centre VMC-105,East China,Veracruz,2025-02-20,2025-05-21,2025-07-04,2025-07-04,2025-07-12,2025-07-16,159345.36,159345.36,7878.82,0.0,167957.06,318438.19,25475.06,564527.22,3542.77,60056.94,0.0,0.0,0.0,146.0,3577999.8007099996,3577999.8007099996,CNC machining centre,Nantong
IMP-2025-0051,SUP-1006,SKU-119,8479500100,8479500100,6-Axis Industrial Robot IR-119,East China,Manzanillo,2025-02-20,2025-05-26,2025-07-02,2025-07-02,2025-07-07,2025-07-08,48420.77,96841.54,0.0,0.0,97336.7,92272.76,14763.64,312398.65,6428.81,33032.41,0.0,0.0,0.0,138.0,1982564.79763,991282.398815,Industrial robot,Ningbo-Zhoushan
IMP-2025-0052,SUP-1011,SKU-136,8480710100,8480710100,Precision Injection Mould MD-136,East China,Lázaro Cárdenas,2025-02-20,2025-05-16,2025-06-20,2025-06-20,2025-06-25,2025-06-27,18469.19,55407.57,0.0,283.27,64615.91,61521.45,9843.43,208287.03,4489.72,51790.61,0.0,0.0,0.0,127.0,1188121.323448,396040.4411493333,Mould and die,Shanghai
IMP-2025-0053,SUP-1001,SKU-121,8479500100,8479500100,6-Axis Industrial Robot IR-121,South China,Manzanillo,2025-02-26,2025-05-27,2025-07-07,2025-07-05,2025-07-11,2025-07-12,64463.64,128927.28,0.0,458.62,129385.9,122654.6,19624.74,415259.41,7062.16,24970.0,0.0,0.0,-2.0,136.0,2627403.47105,1313701.735525,Industrial robot,Yantian
IMP-2025-0054,SUP-1011,SKU-137,8428330100,8428330100,Modular Belt Conveyor CV-137,East China,Manzanillo,2025-02-27,2025-04-21,2025-06-02,2025-06-02,2025-06-17,2025-06-20,35043.21,70086.42,0.0,289.8,70376.22,134011.81,10720.94,237576.13,7212.08,32699.3,0.0,0.0,0.0,113.0,1524762.186484,762381.093242,Conveyor system,Shanghai
IMP-2025-0055,SUP-1010,SKU-110,8456110100,8456110100,Fibre Laser Cutting Machine FL-110,East China,Manzanillo,2025-02-28,2025-04-28,2025-06-06,2025-06-06,2025-06-15,2025-06-19,19258.57,19258.57,6724.97,87.54,26071.08,49645.07,3971.61,88010.78,5212.86,24049.33,0.0,0.0,0.0,111.0,579329.5895760001,579329.5895760001,Laser cutting machine,Taizhou
IMP-2025-0056,SUP-1009,SKU-119,8479500100,8479500100,6-Axis Industrial Robot IR-119,East China,Manzanillo,2025-03-01,2025-05-05,2025-06-07,2025-06-07,,2025-06-13,50701.91,101403.82,0.0,0.0,107153.08,102021.52,16323.44,345404.05,7369.72,23540.21,0.0,0.0,0.0,104.0,2080206.7112040003,1040103.3556020001,Industrial robot,Ningbo-Zhoushan
IMP-2025-0057,SUP-1002,SKU-120,8479500100,8479500100,6-Axis Industrial Robot IR-120,South China,Lázaro Cárdenas,2025-03-01,2025-05-24,2025-06-26,2025-06-29,2025-07-07,2025-07-08,57046.53,114093.06,8500.06,0.0,123129.84,117233.15,18757.3,396904.56,7709.49,50983.4,0.0,0.0,3.0,129.0,2529126.049664,1264563.024832,Industrial robot,Shekou
IMP-2025-0058,SUP-1006,SKU-101,8457100100,8457100100,CNC Vertical Machining Centre VMC-101,East China,Manzanillo,2025-03-01,2025-04-17,2025-05-25,2025-05-26,2025-06-01,2025-06-02,149160.23,596640.92,7247.09,2036.08,605924.09,1159484.22,92758.74,2055533.63,6546.93,41971.64,0.0,0.0,1.0,93.0,12895603.731421998,3223900.9328554994,CNC machining centre,Ningbo-Zhoushan
IMP-2025-0059,SUP-1003,SKU-133,8462910100,8462910100,Hydraulic Press HP-133,South China,Veracruz,2025-03-02,2025-05-14,2025-06-25,2025-06-25,2025-06-28,2025-07-02,94327.04,282981.12,10226.1,0.0,294779.43,561324.89,44905.99,995116.76,7115.61,106252.05,0.0,0.0,0.0,122.0,6302909.064684,2100969.688228,Hydraulic press,Nansha
IMP-2025-0060,SUP-1011,SKU-121,8479500100,8479500100,6-Axis Industrial Robot IR-121,East China,Manzanillo,2025-03-02,2025-06-01,2025-07-08,2025-07-08,2025-07-16,2025-07-20,66724.4,266897.6,0.0,923.85,275072.17,260761.54,41721.85,882834.27,8203.52,47314.47,0.0,0.0,0.0,140.0,5435762.161274998,1358940.5403187496,Industrial robot,Shanghai
IMP-2025-0061,SUP-1009,SKU-131,8462910100,8462910100,Hydraulic Press HP-131,East China,Lázaro Cárdenas,2025-03-02,2025-05-19,2025-06-15,2025-06-15,2025-06-22,2025-06-26,77573.72,77573.72,5066.94,0.0,82915.86,157890.04,12631.2,279907.46,6322.36,29254.65,0.0,0.0,0.0,116.0,1779758.225852,1779758.225852,Hydraulic press,Ningbo-Zhoushan
IMP-2025-0062,SUP-1008,SKU-140,8515310100,8515310100,Inverter Arc Welding Power Source AW-140,East China,Veracruz,2025-03-02,2025-05-15,2025-06-18,2025-06-18,2025-06-25,2025-06-29,26906.92,161441.52,7751.63,0.0,170131.42,485951.48,25917.41,600247.27,4891.41,152877.7,0.0,0.0,0.0,119.0,3891447.80093,648574.6334883333,Arc welding machine,Wenzhou
IMP-2025-0063,SUP-1014,SKU-134,8480710100,8480710100,Precision Injection Mould MD-134,East China,Lázaro Cárdenas,2025-03-03,2025-04-18,2025-05-20,2025-05-20,2025-05-23,2025-05-24,7146.12,14292.24,0.0,52.07,14344.31,13724.49,2195.92,46465.64,4028.96,50450.15,0.0,0.0,0.0,82.0,344889.367298,172444.683649,Mould and die,Nantong
IMP-2025-0064,SUP-1012,SKU-102,8457100100,8457100100,CNC Vertical Machining Centre VMC-102,East China,Manzanillo,2025-03-03,2025-05-16,2025-06-20,2025-06-20,2025-06-23,2025-06-27,163838.96,491516.88,6800.3,2934.5,501251.68,954493.47,76359.48,1692126.03,8158.35,29058.57,0.0,0.0,0.0,116.0,10613004.610895999,3537668.2036319994,CNC machining centre,Shanghai
IMP-2025-0065,SUP-1006,SKU-125,8414809900,8414809900,Screw Air Compressor SAC-125,East China,Manzanillo,2025-03-04,2025-04-30,2025-06-03,2025-06-03,2025-06-05,2025-06-08,14626.48,14626.48,6579.37,53.56,21259.41,60723.89,3238.61,75006.15,8283.03,18079.56,0.0,0.0,0.0,96.0,495151.02710199996,495151.02710199996,Air compressor,Ningbo-Zhoushan
IMP-2025-0066,SUP-1007,SKU-130,8462910100,8462910100,Hydraulic Press HP-130,East China,Manzanillo,2025-03-04,2025-05-08,2025-06-07,2025-06-07,2025-06-14,2025-06-18,80885.67,80885.67,7167.27,0.0,88400.1,168333.24,13466.66,298421.17,4559.58,23511.52,0.0,0.0,0.0,106.0,1886592.6940680002,1886592.6940680002,Hydraulic press,Ningbo-Zhoushan
IMP-2025-0067,SUP-1010,SKU-136,8480710100,8480710100,Precision Injection Mould MD-136,East China,Manzanillo,2025-03-05,2025-04-27,2025-05-27,2025-05-27,2025-05-29,2025-05-30,19807.48,59422.44,6407.58,191.48,66021.5,63168.71,10106.99,213863.99,5871.94,31486.81,0.0,0.0,0.0,86.0,1374008.6697,458002.8899,Mould and die,Taizhou
IMP-2025-0068,SUP-1006,SKU-101,8457100100,8457100100,CNC Vertical Machining Centre VMC-101,East China,Manzanillo,2025-03-08,2025-04-23,2025-05-26,2025-05-26,2025-05-28,2025-06-01,160627.43,160627.43,6446.85,0.0,167695.88,320899.48,25671.96,568890.6,3895.6,24524.84,0.0,0.0,0.0,85.0,3572091.887224,3572091.887224,CNC machining centre,Ningbo-Zhoushan
IMP-2025-0069,SUP-1011,SKU-115,8477100100,8477100100,Injection Moulding Machine IMM-115,East China,Manzanillo,2025-03-06,2025-05-14,2025-06-11,2025-06-11,2025-06-13,2025-06-16,43853.83,43853.83,8506.82,137.25,52497.9,99967.55,7997.4,177222.47,6577.35,26119.18,0.0,0.0,0.0,102.0,1140336.99138,1140336.99138,Injection moulding machine,Shanghai
IMP-2025-0070,SUP-1013,SKU-129,8422309900,8422309900,Automatic Filling & Sealing Line PFS-129,East China,Veracruz,2025-03-07,2025-05-25,2025-07-03,2025-07-03,2025-07-12,2025-07-14,40690.03,122070.09,10786.63,596.57,133453.29,253020.77,20241.66,448555.21,7743.68,87727.99,0.0,0.0,0.0,129.0,2898941.751755,966313.9172516667,Packaging machine,Shanghai
IMP-2025-0071,SUP-1001,SKU-111,8456110100,8456110100,Fibre Laser Cutting Machine FL-111,South China,Lázaro Cárdenas,2025-03-08,2025-04-29,2025-06-01,2025-06-01,2025-06-10,2025-06-14,43630.37,87260.74,0.0,0.0,93861.97,178733.84,14298.71,316859.35,5230.2,39017.31,0.0,0.0,0.0,98.0,1898916.5232280002,949458.2616140001,Laser cutting machine,Yantian
IMP-2025-0072,SUP-1013,SKU-109,8458110100,8458110100,CNC Turning Centre TC-109,East China,Manzanillo,2025-03-10,2025-04-24,2025-05-29,2025-05-29,2025-06-01,2025-06-02,84823.47,84823.47,0.0,302.22,85125.69,162894.82,13031.59,288779.93,6273.36,23702.97,0.0,0.0,0.0,84.0,1834850.918702,1834850.918702,CNC lathe,Shanghai
IMP-2025-0073,SUP-1003,SKU-133,8462910100,8462910100,Hydraulic Press HP-133,South China,Veracruz,2025-03-10,2025-05-20,2025-06-26,2025-06-26,2025-07-03,2025-07-06,100256.55,300769.65,10568.91,0.0,312572.48,595206.77,47616.54,1055182.56,6786.26,92999.32,0.0,0.0,0.0,118.0,6671180.017232001,2223726.672410667,Hydraulic press,Nansha
IMP-2025-0074,SUP-1014,SKU-116,8477100100,8477100100,Injection Moulding Machine IMM-116,East China,Manzanillo,2025-03-11,2025-05-20,2025-06-21,2025-06-21,2025-06-23,2025-06-25,82514.65,247543.95,0.0,0.0,254369.35,484375.2,38750.02,858700.36,7963.6,31590.31,0.0,0.0,0.0,106.0,5276460.53469,1758820.17823,Injection moulding machine,Nantong
IMP-2025-0075,SUP-1003,SKU-133,8462910100,8462910100,Hydraulic Press HP-133,South China,Manzanillo,2025-03-11,2025-05-15,2025-06-14,2025-06-14,2025-06-20,2025-06-21,93163.48,93163.48,6471.03,528.94,100163.45,190733.24,15258.66,338131.9,5494.04,20338.73,0.0,0.0,0.0,102.0,2139157.11759,2139157.11759,Hydraulic press,Nansha
IMP-2025-0076,SUP-1007,SKU-102,8457100100,8457100100,CNC Vertical Machining Centre VMC-102,East China,Lázaro Cárdenas,2025-03-12,2025-04-28,2025-05-28,2025-05-30,,2025-06-07,102763.01,308289.03,8823.07,0.0,318264.67,609024.91,48721.99,1079679.36,9115.38,46341.21,0.0,0.0,2.0,87.0,6781397.213180001,2260465.737726667,CNC machining centre,Ningbo-Zhoushan
IMP-2025-0077,SUP-1008,SKU-126,8422309900,8422309900,Automatic Filling & Sealing Line PFS-126,East China,Manzanillo,2025-03-12,2025-06-18,2025-07-18,2025-07-18,2025-07-27,2025-07-28,29258.16,29258.16,8178.27,0.0,37589.09,71267.04,5701.36,126342.2,9184.52,20714.76,0.0,0.0,0.0,138.0,816643.6745849999,816643.6745849999,Packaging machine,Wenzhou
IMP-2025-0078,SUP-1013,SKU-120,8479500100,8479500100,6-Axis Industrial Robot IR-120,East China,Veracruz,2025-03-12,2025-06-05,,2025-07-08,2025-07-16,2025-07-17,56031.21,56031.21,10332.04,0.0,66536.5,63074.94,10091.99,213546.51,3673.92,63543.58,0.0,0.0,,127.0,1398598.468375,1398598.468375,Industrial robot,Shanghai
IMP-2025-0079,SUP-1011,SKU-137,8428330100,8428330100,Modular Belt Conveyor CV-137,East China,Lázaro Cárdenas,2025-03-13,2025-04-30,2025-05-25,2025-05-25,2025-06-01,2025-06-05,35601.8,142407.2,8360.41,471.51,151239.12,289408.16,23152.65,513062.78,8928.15,58979.93,0.0,0.0,0.0,84.0,3274550.4424960003,818637.6106240001,Conveyor system,Shanghai
IMP-2025-0080,SUP-1011,SKU-127,8422309900,8422309900,Automatic Filling & Sealing Line PFS-127,East China,Veracruz,2025-03-14,2025-06-10,2025-07-14,2025-07-19,2025-07-26,2025-07-30,54458.67,54458.67,0.0,0.0,54745.92,103795.53,8303.64,184008.71,4578.58,46608.72,0.0,0.0,5.0,138.0,1195795.623865,1195795.623865,Packaging machine,Shanghai
IMP-2025-0081,SUP-1001,SKU-111,8456110100,8456110100,Fibre Laser Cutting Machine FL-111,South China,Manzanillo,2025-03-16,2025-04-26,,2025-05-25,2025-05-30,2025-05-31,42813.06,42813.06,5551.34,146.13,48510.53,92828.78,7426.3,164566.86,6032.19,19359.32,0.0,0.0,,76.0,1053934.389974,1053934.389974,Laser cutting machine,Yantian
IMP-2025-0082,SUP-1003,SKU-113,8456110100,8456110100,Fibre Laser Cutting Machine FL-113,South China,Manzanillo,2025-03-17,2025-06-05,2025-07-09,2025-07-09,2025-07-14,2025-07-15,65067.4,195202.2,0.0,956.97,196159.17,371907.98,29752.64,659318.46,9048.96,31187.27,0.0,0.0,0.0,120.0,4160976.633615,1386992.211205,Laser cutting machine,Nansha
IMP-2025-0083,SUP-1005,SKU-141,8428330100,8515310100,Inverter Arc Welding Power Source AW-141,South China,Lázaro Cárdenas,2025-03-17,2025-04-29,2025-06-04,2025-06-03,2025-06-08,2025-06-09,23621.36,23621.36,8824.92,0.0,32563.29,62007.67,4960.61,109927.19,8240.24,37996.04,0.0,0.0,-1.0,84.0,731053.113016,731053.113016,Arc welding machine,Shekou
IMP-2025-0084,SUP-1007,SKU-128,8422309900,8422309900,Automatic Filling & Sealing Line PFS-128,East China,Manzanillo,2025-03-18,2025-05-31,2025-07-01,2025-07-03,2025-07-05,2025-07-08,54775.82,109551.64,7072.47,575.24,117199.35,222204.11,17776.33,393923.44,5863.34,23373.56,0.0,0.0,2.0,112.0,2491258.4163249996,1245629.2081624998,Packaging machine,Ningbo-Zhoushan
IMP-2025-0085,SUP-1012,SKU-108,8458110100,8458110100,CNC Turning Centre TC-108,East China,Manzanillo,2025-03-18,2025-05-08,2025-06-10,2025-06-10,2025-06-18,2025-06-19,111129.59,444518.36,6090.77,0.0,452577.43,861806.99,68944.56,1527811.44,8959.33,52749.67,0.0,0.0,0.0,93.0,9573049.725286001,2393262.4313215003,CNC lathe,Shanghai
IMP-2025-0086,SUP-1005,SKU-132,8462910100,8462910100,Hydraulic Press HP-132,South China,Lázaro Cárdenas,2025-03-18,2025-06-03,2025-07-04,2025-07-04,2025-07-26,2025-07-29,28978.06,86934.18,0.0,506.86,93856.31,177946.87,14235.75,315464.21,8564.05,68566.32,0.0,0.0,0.0,133.0,1927151.3878799998,642383.7959599999,Hydraulic press,Shekou
IMP-2025-0087,SUP-1002,SKU-107,8458110100,8458110100,CNC Turning Centre TC-107,South China,Manzanillo,2025-03-19,2025-04-30,2025-05-27,2025-05-27,2025-06-01,2025-06-03,42337.78,84675.56,8169.99,398.45,93244.0,178429.85,14274.39,316320.44,8052.62,31066.44,0.0,0.0,0.0,76.0,2016121.8352,1008060.9176,CNC lathe,Shekou
IMP-2025-0088,SUP-1013,SKU-109,8458110100,8458110100,CNC Turning Centre TC-109,East China,Manzanillo,2025-03-19,2025-04-24,2025-05-21,2025-05-29,2025-06-03,2025-06-06,83246.19,83246.19,6887.28,0.0,90442.81,173069.55,13845.56,306817.7,5366.17,17553.61,0.0,0.0,8.0,79.0,1934610.9452260002,1934610.9452260002,CNC lathe,Shanghai
IMP-2025-0089,SUP-1013,SKU-137,8428330100,8428330100,Modular Belt Conveyor CV-137,East China,Manzanillo,2025-03-19,2025-04-29,2025-05-29,2025-05-29,2025-06-05,2025-06-09,35381.31,141525.24,0.0,0.0,142145.81,272007.38,21760.59,482214.68,4442.47,52010.78,0.0,0.0,0.0,82.0,3058419.9075919995,764604.9768979999,Conveyor system,Shanghai
IMP-2025-0090,SUP-1012,SKU-103,8457100100,8457100100,CNC Vertical Machining Centre VMC-103,East China,Veracruz,2025-03-19,2025-05-27,2025-07-08,2025-07-08,2025-07-26,2025-07-29,161325.68,483977.04,0.0,0.0,486859.59,923061.44,73844.92,1636403.32,8133.65,104153.29,0.0,0.0,0.0,132.0,10285155.98988,3428385.32996,CNC machining centre,Shanghai
IMP-2025-0091,SUP-1001,SKU-122,8414809900,8414809900,Screw Air Compressor SAC-122,South China,Manzanillo,2025-03-20,2025-06-24,2025-07-24,2025-08-05,2025-08-14,2025-08-16,25368.21,25368.21,8187.97,96.11,33652.29,95950.42,5117.36,118517.96,3721.81,19947.13,39639.09,0.0,12.0,149.0,804045.268778,804045.268778,Air compressor,Yantian
IMP-2025-0092,SUP-1006,SKU-101,8457100100,8457100100,CNC Vertical Machining Centre VMC-101,East China,Lázaro Cárdenas,2025-03-20,2025-04-30,2025-05-29,2025-05-29,2025-06-07,2025-06-11,159898.69,479696.07,6420.72,0.0,488124.61,934065.49,74725.24,1655911.3,5940.35,66633.78,0.0,0.0,0.0,83.0,10383598.530081999,3461199.5100273327,CNC machining centre,Ningbo-Zhoushan
IMP-2025-0093,SUP-1010,SKU-110,8456110100,8456110100,Fibre Laser Cutting Machine FL-110,East China,Manzanillo,2025-03-23,2025-05-20,2025-06-25,2025-07-07,2025-07-12,2025-07-13,18642.74,74570.96,9361.84,344.33,84277.13,159785.22,12782.82,283267.25,8532.31,40212.43,0.0,0.0,12.0,112.0,1819165.026235,454791.25655875,Laser cutting machine,Taizhou
IMP-2025-0094,SUP-1001,SKU-121,8479500100,8479500100,6-Axis Industrial Robot IR-121,South China,Lázaro Cárdenas,2025-03-23,2025-06-06,2025-07-07,2025-07-07,2025-07-13,2025-07-17,62490.19,187470.57,5954.05,951.99,194376.61,184264.17,29482.27,623844.76,5716.92,51396.78,0.0,0.0,0.0,116.0,3956143.4772949996,1318714.4924316665,Industrial robot,Yantian
IMP-2025-0095,SUP-1008,SKU-126,8422309900,8422309900,Automatic Filling & Sealing Line PFS-126,East China,Manzanillo,2025-03-23,2025-06-13,2025-07-17,2025-08-04,2025-08-06,2025-08-07,28659.96,85979.88,8470.14,0.0,94885.79,180360.81,14428.86,319743.64,4692.65,37663.68,0.0,0.0,18.0,137.0,2032470.870164,677490.2900546667,Packaging machine,Wenzhou
IMP-2025-0096,SUP-1002,SKU-102,8457100100,8457100100,CNC Vertical Machining Centre VMC-102,South China,Veracruz,2025-03-23,2025-05-26,2025-06-29,2025-07-02,,2025-07-11,94802.45,94802.45,0.0,0.0,95227.22,180546.05,14443.68,320072.03,9018.36,61763.66,0.0,0.0,3.0,110.0,2063178.800775,2063178.800775,CNC machining centre,Shekou
IMP-2025-0097,SUP-1013,SKU-137,8428330100,8428330100,Modular Belt Conveyor CV-137,East China,Manzanillo,2025-03-25,2025-05-03,2025-06-06,2025-06-06,2025-06-08,2025-06-09,33229.24,66458.48,0.0,345.8,73460.52,139884.99,11190.8,247988.11,4010.93,33139.2,0.0,0.0,0.0,76.0,1460326.380616,730163.190308,Conveyor system,Shanghai
IMP-2025-0098,SUP-1012,SKU-999,8458110100,,,East China,Veracruz,2025-03-25,2025-05-17,2025-06-19,2025-06-19,2025-06-30,2025-07-01,114906.18,229812.36,10350.53,0.0,241007.36,458931.04,36714.48,813592.94,3619.63,87003.41,0.0,0.0,0.0,98.0,5159498.343958,2579749.171979,,Shanghai
IMP-2025-0099,SUP-1012,SKU-142,8480710100,8515310100,Inverter Arc Welding Power Source AW-142,East China,Lázaro Cárdenas,2025-03-28,2025-05-23,2025-06-27,2025-06-27,2025-07-09,2025-07-13,7021.51,14043.02,0.0,0.0,20830.77,59499.55,3173.31,73493.85,7564.34,51843.87,0.0,0.0,0.0,107.0,389491.065444,194745.532722,Arc welding machine,Shanghai
IMP-2025-0100,SUP-1003,SKU-112,8456110100,8456110100,Fibre Laser Cutting Machine FL-112,South China,Manzanillo,2025-03-28,2025-06-10,2025-07-07,2025-07-07,2025-07-18,2025-07-22,65512.48,131024.96,5067.26,0.0,136733.76,259240.37,20739.23,459581.33,6445.84,27811.27,0.0,0.0,0.0,116.0,2894477.1550899995,1447238.5775449998,Laser cutting machine,Nansha
IMP-2025-0101,SUP-1002,SKU-119,8479500100,8479500100,6-Axis Industrial Robot IR-119,South China,Manzanillo,2025-03-28,2025-06-11,,2025-07-18,2025-07-21,2025-07-24,47841.6,143524.8,6855.51,860.3,151240.61,143372.32,22939.57,485401.32,7064.34,45647.14,0.0,0.0,,118.0,3086469.7152949995,1028823.2384316665,Industrial robot,Shekou
IMP-2025-0102,SUP-1009,SKU-133,8462910100,8462910100,Hydraulic Press HP-133,East China,Manzanillo,2025-03-28,2025-06-11,2025-07-11,2025-07-11,2025-07-16,2025-07-20,96187.21,96187.21,8233.28,0.0,104420.49,197976.03,15838.08,350971.9,7450.68,19656.43,0.0,0.0,0.0,114.0,2220681.500155,2220681.500155,Hydraulic press,Ningbo-Zhoushan
IMP-2025-0103,SUP-1002,SKU-125,8414809900,8414809900,Screw Air Compressor SAC-125,South China,Lázaro Cárdenas,2025-04-01,2025-06-04,2025-06-29,2025-06-29,2025-07-04,,13987.3,41961.9,7093.03,0.0,49248.53,140670.05,7502.4,173755.65,4670.0,53541.83,0.0,0.0,0.0,,1140498.068046,380166.022682,Air compressor,Shekou
IMP-2025-0104,SUP-1012,SKU-131,8462910100,8462910100,Hydraulic Press HP-131,East China,Manzanillo,2025-04-02,2025-06-07,2025-07-13,2025-07-31,2025-08-09,2025-08-12,79863.74,79863.74,5125.28,0.0,85299.68,161723.93,12937.91,286704.18,6501.59,26923.66,0.0,0.0,18.0,132.0,1819436.41469,1819436.41469,Hydraulic press,Shanghai
IMP-2025-0105,SUP-1003,SKU-110,8456110100,8456110100,Fibre Laser Cutting Machine FL-110,South China,"MANZANILLO, COL",2025-04-02,2025-05-30,2025-07-04,2025-07-09,2025-07-26,2025-07-28,19677.09,59031.27,0.0,0.0,59325.63,112478.43,8998.27,199401.76,9190.57,33076.17,0.0,11368.99,5.0,117.0,1294315.7935649997,431438.5978549999,Laser cutting machine,Nansha
IMP-2025-0106,SUP-1001,SKU-114,8477100100,8477100100,Injection Moulding Machine IMM-114,South China,Veracruz,2025-04-02,2025-06-28,2025-07-31,2025-07-31,2025-08-19,2025-08-20,68612.09,137224.18,10814.96,547.72,148586.86,281713.26,22537.06,499421.26,4309.56,60792.94,0.0,0.0,0.0,140.0,3186485.3921699994,1593242.6960849997,Injection moulding machine,Yantian
IMP-2025-0107,SUP-1002,SKU-106,8458110100,8458110100,CNC Turning Centre TC-106,South China,Manzanillo,2025-04-03,2025-06-11,2025-07-17,2025-07-17,2025-07-21,2025-07-25,81883.45,81883.45,0.0,0.0,89451.15,169594.91,13567.59,300657.85,4853.85,23931.44,0.0,0.0,0.0,113.0,1764417.0602749998,1764417.0602749998,CNC lathe,Shekou
IMP-2025-0108,SUP-1003,SKU-133,8462910100,8462910100,Hydraulic Press HP-133,South China,Manzanillo,2025-04-06,2025-06-23,2025-07-26,2025-07-26,2025-08-01,2025-08-03,97148.84,97148.84,7208.28,460.7,104817.82,198729.35,15898.35,352307.38,4747.21,26254.81,0.0,0.0,0.0,119.0,2232923.1782899997,2232923.1782899997,Hydraulic press,Nansha
IMP-2025-0109,SUP-1011,SKU-115,8477100100,8477100100,Injection Moulding Machine IMM-115,East China,Lázaro Cárdenas,2025-04-06,2025-06-11,2025-07-16,2025-07-16,2025-07-18,2025-07-22,42234.33,42234.33,6927.35,0.0,49327.57,93522.61,7481.81,165796.88,7583.12,38786.28,0.0,0.0,0.0,107.0,1079454.69196,1079454.69196,Injection moulding machine,Shanghai
IMP-2025-0110,SUP-1001,SKU-111,8456110100,8456110100,Fibre Laser Cutting Machine FL-111,South China,Lázaro Cárdenas,2025-04-06,2025-05-31,2025-07-02,2025-07-02,2025-07-05,2025-07-06,45856.64,45856.64,0.0,0.0,46060.39,87328.2,6986.26,154815.43,3954.69,32335.92,0.0,0.0,0.0,91.0,1000024.0360799999,1000024.0360799999,Laser cutting machine,Yantian
IMP-2025-0111,SUP-1003,SKU-121,8479500100,8479500100,6-Axis Industrial Robot IR-121,South China,Manzanillo,2025-04-06,2025-06-25,2025-07-27,2025-07-27,2025-07-29,2025-08-02,65175.69,130351.38,5697.72,0.0,136547.23,129443.36,20710.94,438243.44,4206.77,24907.5,0.0,0.0,0.0,118.0,2758691.48145,1379345.740725,Industrial robot,Nansha
IMP-2025-0112,SUP-1002,SKU-106,8458110100,8458110100,CNC Turning Centre TC-106,South China,Manzanillo,2025-04-08,2025-06-20,2025-07-25,2025-07-25,2025-07-30,2025-08-03,91140.36,182280.72,8903.3,951.86,192135.88,364280.02,29142.4,645795.62,5865.93,36115.34,0.0,0.0,0.0,117.0,4078203.906859999,2039101.9534299995,CNC lathe,Shekou
IMP-2025-0113,SUP-1002,SKU-106,8458110100,8458110100,CNC Turning Centre TC-106,South China,Manzanillo,2025-04-09,2025-06-18,2025-07-17,2025-07-29,2025-08-04,2025-08-07,90940.02,90940.02,8686.87,512.51,100139.4,189859.3,15188.74,336582.56,3993.28,23759.88,0.0,0.0,12.0,120.0,2131394.1542999996,2131394.1542999996,CNC lathe,Shekou
IMP-2025-0114,SUP-1001,SKU-114,8477100100,8477100100,Injection Moulding Machine IMM-114,South China,Manzanillo,2025-04-09,2025-07-09,2025-08-05,2025-08-05,2025-08-09,2025-08-11,70537.56,70537.56,0.0,412.35,70949.91,134863.01,10789.04,239085.14,6051.52,26547.6,0.0,0.0,0.0,124.0,1526881.249262,1526881.249262,Injection moulding machine,Yantian
IMP-2025-0115,SUP-1006,SKU-119,8479500100,8479500100,6-Axis Industrial Robot IR-119,East China,Manzanillo,2025-04-10,2025-06-16,2025-07-15,2025-07-15,2025-07-18,2025-07-22,48074.95,48074.95,6105.23,285.87,54466.05,51632.45,8261.19,174806.84,5357.9,17769.59,0.0,0.0,0.0,103.0,1115670.204975,1115670.204975,Industrial robot,Ningbo-Zhoushan
IMP-2025-0116,SUP-1013,SKU-110,,8456110100,Fibre Laser Cutting Machine FL-110,East China,Manzanillo,2025-04-11,2025-05-29,2025-07-05,2025-07-05,2025-07-21,2025-07-23,17922.96,17922.96,5176.89,0.0,23171.77,43932.52,3514.6,77883.57,8064.37,20428.16,0.0,0.0,0.0,103.0,513901.2560749999,513901.2560749999,Laser cutting machine,Shanghai
IMP-2025-0117,SUP-1013,SKU-117,8477100100,8477100100,Injection Moulding Machine IMM-117,East China,Manzanillo,2025-04-12,2025-06-16,2025-07-21,2025-07-21,2025-08-03,2025-08-07,35008.01,210048.06,10287.88,754.56,221090.5,419176.53,33534.12,743116.16,9080.68,59429.65,0.0,0.0,0.0,117.0,4712986.31475,785497.719125,Injection moulding machine,Shanghai
IMP-2025-0118,SUP-1001,SKU-121,8479500100,8479500100,6-Axis Industrial Robot IR-121,South China,Manzanillo,2025-04-12,2025-06-25,2025-07-24,2025-07-24,2025-08-01,2025-08-03,61259.24,183777.72,0.0,786.2,184563.92,174961.98,27993.92,592351.29,6337.65,44615.54,0.0,0.0,0.0,113.0,3753148.7312399996,1251049.57708,Industrial robot,Yantian
IMP-2025-0119,SUP-1005,SKU-104,8457100100,8457100100,CNC Vertical Machining Centre VMC-104,South China,Lázaro Cárdenas,2025-04-14,2025-06-28,2025-07-23,2025-07-23,2025-07-28,2025-08-01,149277.37,597109.48,6589.48,0.0,606237.94,1149396.82,91951.75,2037650.69,3988.6,81727.74,0.0,0.0,0.0,109.0,12772895.34212,3193223.83553,CNC machining centre,Shekou
IMP-2025-0120,SUP-1013,SKU-120,8479500100,8479500100,6-Axis Industrial Robot IR-120,East China,Lázaro Cárdenas,2025-04-14,2025-07-05,2025-08-07,2025-08-07,2025-08-16,2025-08-17,55517.8,166553.4,0.0,0.0,167219.82,158927.39,25428.38,538064.57,7789.37,60672.07,0.0,0.0,0.0,125.0,3418697.5478799995,1139565.8492933332,Industrial robot,Shanghai
IMP-2025-0121,SUP-1012,SKU-114,8477100100,8477100100,Injection Moulding Machine IMM-114,East China,Veracruz,2025-04-15,2025-07-05,2025-08-08,2025-08-08,2025-08-11,2025-08-14,63943.77,63943.77,0.0,354.49,73420.65,139559.44,11164.76,247410.98,8204.86,45064.57,0.0,0.0,0.0,121.0,1426187.815732,1426187.815732,Injection moulding machine,Shanghai
IMP-2025-0122,SUP-1012,SKU-103,8457100100,8457100100,CNC Vertical Machining Centre VMC-103,East China,Manzanillo,2025-04-15,2025-06-20,2025-07-26,2025-07-26,2025-08-04,2025-08-07,175388.85,175388.85,8885.19,547.64,184821.68,350412.66,28033.01,621211.57,4551.89,24273.28,0.0,0.0,0.0,114.0,3911397.48196,3911397.48196,CNC machining centre,Shanghai
IMP-2025-0123,SUP-1007,SKU-132,8462910100,8462910100,Hydraulic Press HP-132,East China,Manzanillo,2025-04-15,2025-07-04,2025-08-02,2025-08-02,2025-08-24,2025-08-28,31786.61,31786.61,7290.31,169.3,39246.22,74600.0,5968.0,132250.88,7838.78,18554.4,0.0,0.0,0.0,135.0,852961.179004,852961.179004,Hydraulic press,Ningbo-Zhoushan
IMP-2025-0124,SUP-1011,SKU-136,8480710100,8480710100,Precision Injection Mould MD-136,East China,Lázaro Cárdenas,2025-04-16,2025-06-20,2025-07-22,2025-07-23,2025-07-31,2025-08-04,19792.34,19792.34,6848.51,61.51,26702.36,25313.17,4050.11,85700.27,4703.59,32183.21,0.0,0.0,1.0,110.0,572513.4744199999,572513.4744199999,Mould and die,Shanghai
IMP-2025-0125,SUP-1004,SKU-115,8477100100,8477100100,Injection Moulding Machine IMM-115,South China,Manzanillo,2025-04-18,2025-06-22,2025-07-27,2025-07-27,2025-08-03,2025-08-05,41893.89,125681.67,7118.76,0.0,133246.25,252628.23,20210.26,447859.32,8490.07,37130.34,0.0,0.0,0.0,109.0,2836288.652585,945429.5508616666,Injection moulding machine,Yantian
IMP-2025-0126,SUP-1005,SKU-139,8428330100,8428330100,Modular Belt Conveyor CV-139,South China,Lázaro Cárdenas,2025-04-19,2025-06-05,2025-07-10,2025-07-10,2025-07-12,2025-07-13,21804.43,43608.86,6611.96,245.51,50466.33,95681.64,7654.53,169624.41,5732.9,47921.27,0.0,0.0,0.0,85.0,1113806.723635,556903.3618175,Conveyor system,Shekou
IMP-2025-0127,SUP-1003,SKU-123,8414809900,8414809900,Screw Air Compressor SAC-123,South China,Manzanillo,2025-04-19,2025-06-28,2025-07-30,2025-08-01,2025-08-01,2025-08-03,19031.97,76127.88,7202.77,0.0,83661.67,237927.51,12689.47,293888.07,5895.8,41043.25,0.0,0.0,2.0,106.0,1877463.4886750001,469365.87216875004,Air compressor,Nansha
IMP-2025-0128,SUP-1014,SKU-134,8480710100,8480710100,Precision Injection Mould MD-134,East China,Lázaro Cárdenas,2025-04-19,2025-06-14,2025-07-17,2025-07-17,2025-07-26,2025-07-29,7348.25,14696.5,0.0,0.0,21019.15,19925.63,3188.1,67460.21,4684.41,52401.46,0.0,0.0,0.0,101.0,358837.89174999995,179418.94587499998,Mould and die,Nantong
IMP-2025-0129,SUP-1012,SKU-103,8457100100,8457100100,CNC Vertical Machining Centre VMC-103,East China,Manzanillo,2025-04-20,2025-06-21,2025-07-18,2025-07-30,2025-08-05,2025-08-07,173894.25,173894.25,6509.31,0.0,181223.14,343590.01,27487.2,609116.37,3796.96,24911.11,0.0,0.0,12.0,109.0,3820146.57582,3820146.57582,CNC machining centre,Shanghai
IMP-2025-0130,SUP-1013,SKU-137,8428330100,8428330100,Modular Belt Conveyor CV-137,East China,Manzanillo,2025-04-20,2025-05-20,2025-06-27,2025-06-27,2025-07-06,2025-07-10,34959.54,69919.08,0.0,0.0,70228.1,133729.75,10698.38,237076.11,4676.57,31600.13,0.0,0.0,0.0,81.0,1512117.9351760002,756058.9675880001,Conveyor system,Shanghai
IMP-2025-0131,SUP-1006,SKU-099,8457100100,,,East China,Manzanillo,2025-04-20,2025-05-30,2025-07-05,2025-07-10,2025-07-12,2025-07-15,149312.38,149312.38,0.0,829.23,150141.61,284660.99,22772.88,504647.0,5664.88,22380.51,0.0,0.0,5.0,86.0,3182089.1147950003,3182089.1147950003,,Ningbo-Zhoushan
IMP-2025-0132,SUP-1014,SKU-118,8477100100,8477100100,Injection Moulding Machine IMM-118,East China,"MANZANILLO, COL",2025-04-20,2025-07-18,2025-08-14,2025-08-14,2025-08-21,2025-08-22,29845.81,59691.62,0.0,288.12,59979.74,114010.69,9120.86,202118.15,5941.64,30592.07,0.0,0.0,0.0,124.0,1299772.153868,649886.076934,Injection moulding machine,Nantong
IMP-2025-0133,SUP-1005,SKU-121,8479500100,8479500100,6-Axis Industrial Robot IR-121,South China,Manzanillo,2025-04-21,2025-07-20,2025-08-18,2025-09-21,2025-09-30,2025-10-01,60207.34,180622.02,5639.25,667.3,186928.57,174862.33,27977.97,592013.91,7853.11,34909.85,38745.01,0.0,34.0,163.0,3781594.8861299995,1260531.6287099998,Industrial robot,Shekou
IMP-2025-0134,SUP-1008,SKU-132,8462910100,8462910100,Hydraulic Press HP-132,East China,Manzanillo,2025-04-21,2025-07-21,2025-08-26,2025-08-26,2025-09-02,2025-09-03,32031.24,128124.96,0.0,0.0,128522.25,244297.66,19543.81,433090.9,9178.17,36939.18,0.0,0.0,0.0,135.0,2745383.684672,686345.921168,Hydraulic press,Wenzhou
IMP-2025-0135,SUP-1014,SKU-116,8477100100,8477100100,Injection Moulding Machine IMM-116,East China,Manzanillo,2025-04-21,2025-07-01,2025-07-28,2025-07-28,2025-08-06,2025-08-10,82082.41,164164.82,8109.61,940.15,173214.58,328406.18,26272.49,582198.48,6466.33,30125.57,0.0,0.0,0.0,111.0,3675332.3995099994,1837666.1997549997,Injection moulding machine,Nantong
IMP-2025-0136,SUP-1002,SKU-106,8458110100,8458110100,CNC Turning Centre TC-106,South China,Manzanillo,2025-04-22,2025-07-07,2025-08-08,2025-08-08,2025-08-16,2025-08-17,88152.5,88152.5,7014.88,324.94,95492.32,181513.71,14521.1,321787.51,8431.84,26363.3,0.0,0.0,0.0,117.0,2045967.067024,2045967.067024,CNC lathe,Shekou
IMP-2025-0137,SUP-1013,SKU-120,8479500100,8479500100,6-Axis Industrial Robot IR-120,East China,Manzanillo,2025-04-23,2025-07-27,2025-09-02,2025-09-10,,2025-09-19,59533.0,119066.0,7196.85,0.0,126262.85,118112.58,18898.01,399881.96,5099.6,28905.8,40815.63,0.0,8.0,149.0,2574083.28065,1287041.640325,Industrial robot,Shanghai
IMP-2025-0138,SUP-1003,SKU-113,8456110100,8456110100,Fibre Laser Cutting Machine FL-113,South China,Lázaro Cárdenas,2025-04-26,2025-07-13,2025-08-13,2025-08-13,2025-08-19,2025-08-21,64064.02,128128.04,9347.6,0.0,138017.87,262347.13,20987.77,465088.99,6918.16,41191.74,0.0,0.0,0.0,117.0,2944609.2602479993,1472304.6301239997,Laser cutting machine,Nansha
IMP-2025-0139,SUP-1006,SKU-101,8457100100,8457100100,CNC Vertical Machining Centre VMC-101,East China,Lázaro Cárdenas,2025-04-24,2025-06-08,,2025-07-13,2025-07-17,2025-07-19,156112.68,156112.68,0.0,0.0,156888.81,297453.34,23796.27,527325.28,7140.49,36523.45,0.0,0.0,,86.0,3324731.9064599993,3324731.9064599993,CNC machining centre,Ningbo-Zhoushan
IMP-2025-0140,SUP-1003,SKU-133,8462910100,8462910100,Hydraulic Press HP-133,South China,Manzanillo,2025-04-24,2025-07-10,2025-08-16,,2025-08-24,2025-08-21,97622.65,97622.65,7624.61,316.84,105564.1,200658.35,16052.67,355727.13,8442.91,17911.07,0.0,0.0,,,2249648.52562,2249648.52562,Hydraulic press,Nansha
IMP-2025-0141,SUP-1010,SKU-138,8428330100,8428330100,Modular Belt Conveyor CV-138,East China,Manzanillo,2025-04-25,2025-06-12,2025-07-19,2025-07-17,2025-07-19,2025-07-22,35846.86,71693.72,0.0,334.93,72028.65,136562.72,10925.02,242098.39,8730.79,32359.14,0.0,0.0,-2.0,88.0,1554204.8596749997,777102.4298374999,Conveyor system,Taizhou
IMP-2025-0142,SUP-1012,SKU-103,8457100100,8457100100,CNC Vertical Machining Centre VMC-103,East China,Manzanillo,2025-04-25,2025-06-29,2025-08-05,2025-08-05,2025-08-07,2025-08-11,158425.02,475275.06,8919.07,0.0,486708.73,925145.69,74011.66,1640098.28,3602.08,37260.78,0.0,0.0,0.0,108.0,10243679.071865998,3414559.6906219996,CNC machining centre,Shanghai
IMP-2025-0143,SUP-1011,SKU-136,8480710100,8480710100,Precision Injection Mould MD-136,East China,Lázaro Cárdenas,2025-04-25,2025-06-18,2025-07-21,2025-07-21,2025-07-30,2025-08-03,18860.78,18860.78,6102.37,96.39,25059.54,23755.82,3800.93,80427.7,7913.92,40886.41,0.0,0.0,0.0,100.0,551473.4286299999,551473.4286299999,Mould and die,Shanghai
IMP-2025-0144,SUP-1003,SKU-113,8456110100,8456110100,Fibre Laser Cutting Machine FL-113,South China,Manzanillo,2025-04-26,2025-07-28,2025-09-01,2025-09-01,2025-09-06,2025-09-09,60089.76,180269.28,5972.51,1015.51,187257.3,350339.68,28027.17,621082.19,8407.44,30342.97,0.0,0.0,0.0,136.0,3920514.0857000006,1306838.0285666669,Laser cutting machine,Nansha
IMP-2025-0145,SUP-1013,SKU-117,8477100100,8477100100,Injection Moulding Machine IMM-117,East China,Lázaro Cárdenas,2025-04-27,2025-07-09,2025-08-08,2025-08-08,2025-08-17,2025-08-19,34649.35,103948.05,9586.77,0.0,114139.98,216959.56,17356.76,384625.9,5106.73,57305.39,0.0,0.0,0.0,114.0,2454821.005524,818273.6685080001,Injection moulding machine,Shanghai
IMP-2025-0146,SUP-1002,SKU-142,8515310100,8515310100,Inverter Arc Welding Power Source AW-142,South China,Manzanillo,2025-04-27,2025-06-19,2025-07-21,2025-08-16,2025-08-19,2025-08-22,7564.67,30258.68,8390.76,132.82,38782.26,110577.14,5897.45,136584.89,8050.66,51292.21,0.0,0.0,26.0,117.0,912998.414532,228249.603633,Arc welding machine,Shekou
IMP-2025-0147,SUP-1009,SKU-131,8462910100,8462910100,Hydraulic Press HP-131,East China,Veracruz,2025-04-28,2025-07-07,2025-08-14,2025-08-14,2025-08-20,2025-08-21,80083.51,80083.51,9062.83,387.84,89534.18,170188.36,13615.07,301709.92,8230.3,62459.98,0.0,0.0,0.0,115.0,1956377.3102759996,1956377.3102759996,Hydraulic press,Ningbo-Zhoushan
IMP-2025-0148,SUP-1003,SKU-113,8456110100,8456110100,Fibre Laser Cutting Machine FL-113,South China,Manzanillo,2025-05-02,2025-07-25,2025-08-20,2025-08-21,2025-08-24,2025-08-27,59192.86,177578.58,8582.35,544.17,186705.1,354892.79,28391.42,629153.93,6795.34,29493.48,0.0,0.0,1.0,117.0,3968500.9118199996,1322833.6372733333,Laser cutting machine,Nansha
IMP-2025-0149,SUP-1002,SKU-125,8414809900,8414809900,Screw Air Compressor SAC-125,South China,Manzanillo,2025-05-03,2025-07-06,2025-08-13,2025-08-13,2025-08-22,2025-08-24,14860.07,29720.14,7794.52,0.0,37670.67,107407.74,5728.41,132670.05,7896.62,34934.48,0.0,0.0,0.0,113.0,869053.410212,434526.705106,Air compressor,Shekou
IMP-2025-0150,SUP-1014,SKU-105,8457100100,8457100100,CNC Vertical Machining Centre VMC-105,East China,Manzanillo,2025-05-03,2025-06-27,2025-08-03,2025-08-03,2025-08-06,2025-08-10,161586.52,161586.52,8778.34,0.0,170364.86,323832.93,25906.63,574091.02,5022.29,17300.52,0.0,0.0,0.0,99.0,3610391.7018519994,3610391.7018519994,CNC machining centre,Nantong
IMP-2025-0151,SUP-1013,SKU-109,8458110100,8458110100,CNC Turning Centre TC-109,East China,Manzanillo,2025-05-03,2025-06-20,2025-07-17,2025-07-17,2025-07-21,2025-07-22,80609.01,80609.01,8204.48,397.38,89210.87,169139.35,13531.15,299850.24,6812.98,22298.6,0.0,0.0,0.0,80.0,1903175.569765,1903175.569765,CNC lathe,Shanghai
IMP-2025-0152,SUP-1010,SKU-110,8456110100,8456110100,Fibre Laser Cutting Machine FL-110,East China,Manzanillo,2025-05-04,2025-06-27,2025-08-02,2025-08-03,2025-08-11,2025-08-12,18218.18,72872.72,9683.91,286.34,82842.97,157469.57,12597.57,279162.06,4907.13,43386.98,0.0,0.0,1.0,100.0,1793056.992354,448264.2480885,Laser cutting machine,Taizhou
IMP-2025-0153,SUP-1010,SKU-135,8480710100,8480710100,Precision Injection Mould MD-135,East China,Manzanillo,2025-05-06,2025-07-04,2025-08-02,2025-08-02,2025-08-11,2025-08-13,3908.57,23451.42,7475.17,0.0,30926.59,29392.94,4702.87,99512.74,6484.47,72386.35,0.0,0.0,0.0,99.0,700825.4380379999,116804.23967299999,Mould and die,Taizhou
IMP-2025-0154,SUP-1012,SKU-108,8458110100,8458110100,CNC Turning Centre TC-108,East China,Manzanillo,2025-05-07,2025-06-16,2025-07-21,2025-07-21,2025-07-30,2025-08-03,108573.3,108573.3,0.0,338.35,108911.65,206491.04,16519.28,366067.32,3610.42,22219.33,0.0,0.0,0.0,88.0,2313750.498175,2313750.498175,CNC lathe,Shanghai
IMP-2025-0155,SUP-1012,SKU-103,8457100100,8457100100,CNC Vertical Machining Centre VMC-103,East China,Manzanillo,2025-05-08,2025-07-14,2025-08-11,2025-08-11,2025-08-18,2025-08-22,174670.35,174670.35,5258.05,0.0,180488.55,343076.25,27446.1,608205.57,6408.75,20893.91,0.0,0.0,0.0,106.0,3817940.0228799996,3817940.0228799996,CNC machining centre,Shanghai
IMP-2025-0156,SUP-1003,SKU-123,8414809900,8414809900,Screw Air Compressor SAC-123,South China,Veracruz,2025-05-08,2025-07-26,2025-09-02,2025-09-02,2025-09-08,2025-09-09,17953.67,53861.01,7082.51,0.0,61146.46,171598.37,9151.91,211958.3,7582.62,100109.02,0.0,0.0,0.0,124.0,1428634.23568,476211.4118933333,Air compressor,Nansha
IMP-2025-0157,SUP-1014,SKU-122,8414809900,8414809900,Screw Air Compressor SAC-122,East China,Manzanillo,2025-05-10,2025-08-16,2025-09-23,2025-09-23,2025-10-10,2025-10-13,23748.73,23748.73,0.0,74.36,23823.09,66855.93,3565.65,82580.44,8859.23,26755.61,0.0,10587.52,0.0,156.0,562330.13081,562330.13081,Air compressor,Nantong
IMP-2025-0158,SUP-1012,SKU-142,8515310100,8515310100,Inverter Arc Welding Power Source AW-142,East China,Manzanillo,2025-05-10,2025-07-15,2025-08-17,2025-08-17,2025-08-26,2025-08-27,7408.25,22224.75,0.0,0.0,22344.31,63708.77,3397.8,78693.07,5353.13,43188.22,0.0,0.0,0.0,109.0,538100.41295,179366.80431666668,Arc welding machine,Shanghai
IMP-2025-0159,SUP-1012,SKU-112,8456110100,8456110100,Fibre Laser Cutting Machine FL-112,East China,Manzanillo,2025-05-10,2025-07-14,2025-08-17,2025-08-17,2025-08-22,2025-08-25,70667.81,70667.81,8407.7,0.0,79303.18,150741.07,12059.29,267233.77,3817.55,26794.18,0.0,0.0,0.0,107.0,1696495.1991819998,1696495.1991819998,Laser cutting machine,Shanghai
IMP-2025-0160,SUP-1003,SKU-133,8462910100,8462910100,Hydraulic Press HP-133,South China,Manzanillo,2025-05-11,2025-07-19,2025-08-19,2025-08-19,2025-08-28,2025-09-01,95389.84,190779.68,0.0,0.0,201030.35,382122.51,30569.8,677426.79,6732.01,23719.98,0.0,0.0,0.0,113.0,4069522.6133759995,2034761.3066879997,Hydraulic press,Nansha
IMP-2025-0161,SUP-1012,SKU-142,8515310100,8515310100,Inverter Arc Welding Power Source AW-142,East China,Manzanillo,2025-05-13,2025-07-19,2025-08-20,2025-08-20,2025-08-26,2025-08-28,7359.13,44154.78,8641.81,245.74,53042.33,151235.88,8065.91,186806.56,3727.07,56817.36,0.0,0.0,0.0,107.0,1228085.4371059998,204680.9061843333,Arc welding machine,Shanghai
IMP-2025-0162,SUP-1001,SKU-124,8414809900,8414809900,Screw Air Compressor SAC-124,South China,Manzanillo,2025-05-13,2025-08-03,2025-09-10,2025-09-10,2025-09-12,2025-09-14,7496.1,14992.2,5321.11,0.0,20366.25,57154.83,3048.26,70597.64,6289.37,30561.28,0.0,0.0,0.0,124.0,477095.45679,238547.728395,Air compressor,Yantian
IMP-2025-0163,SUP-1013,SKU-137,8428330100,8428330100,Modular Belt Conveyor CV-137,East China,Lázaro Cárdenas,2025-05-13,2025-06-10,2025-07-14,2025-07-14,2025-07-22,2025-07-25,34234.87,136939.48,7127.49,0.0,144732.27,274405.15,21952.41,486465.45,8064.58,67182.12,0.0,0.0,0.0,73.0,3103041.9777149996,775760.4944287499,Conveyor system,Shanghai
IMP-2025-0164,SUP-1006,SKU-119,8479500100,8479500100,6-Axis Industrial Robot IR-119,East China,Lázaro Cárdenas,2025-05-13,2025-07-16,2025-08-17,2025-08-18,2025-08-24,2025-08-28,50274.82,100549.64,5217.77,467.19,106234.6,100966.43,16154.63,341831.93,5307.57,36819.55,0.0,0.0,1.0,107.0,2178576.70372,1089288.35186,Industrial robot,Ningbo-Zhoushan
IMP-2025-0165,SUP-1014,SKU-134,8480710100,8480710100,Precision Injection Mould MD-134,East China,Manzanillo,2025-05-14,2025-06-29,2025-08-02,2025-08-02,2025-08-05,2025-08-09,7181.08,21543.24,8803.81,0.0,30431.13,28922.05,4627.53,97918.49,8238.56,39614.42,0.0,0.0,0.0,87.0,658245.3558100001,219415.11860333337,Mould and die,Nantong
IMP-2025-0166,SUP-1002,SKU-103,8457100100,8457100100,CNC Vertical Machining Centre VMC-103,South China,Manzanillo,2025-05-14,2025-07-29,2025-08-29,2025-08-29,2025-09-06,2025-09-09,158523.22,634092.88,5966.78,0.0,640059.66,1216638.2,97331.06,2156856.21,8966.41,42908.17,0.0,0.0,0.0,118.0,13532225.869212,3383056.467303,CNC machining centre,Shekou
IMP-2025-0167,SUP-1002,SKU-107,8458110100,8458110100,CNC Turning Centre TC-107,South China,Manzanillo,2025-05-17,2025-06-30,2025-08-07,2025-06-11,2025-08-24,2025-08-24,46291.91,138875.73,6680.8,685.7,146242.23,277980.16,22238.41,492803.22,3767.22,37087.88,0.0,0.0,,,3120875.226286,1040291.7420953334,CNC lathe,Shekou
IMP-2025-0168,SUP-1014,SKU-104,8457100100,8457100100,CNC Vertical Machining Centre VMC-104,East China,Lázaro Cárdenas,2025-05-17,2025-07-29,2025-09-01,2025-09-01,2025-09-05,2025-09-09,143850.98,143850.98,8240.32,561.05,152652.35,285597.28,22847.78,506306.86,7682.67,29899.41,0.0,0.0,0.0,115.0,3201999.95615,3201999.95615,CNC machining centre,Nantong
IMP-2025-0169,SUP-1013,SKU-120,8479500100,8479500100,6-Axis Industrial Robot IR-120,East China,Manzanillo,2025-05-18,2025-08-03,2025-09-08,2025-09-08,2025-09-10,2025-09-13,56179.31,337075.86,9807.76,1754.27,348637.89,326133.31,52181.33,1104156.95,6012.3,60711.7,0.0,0.0,0.0,118.0,6967704.92401,1161284.1540016667,Industrial robot,Shanghai
IMP-2025-0170,SUP-1011,SKU-127,8422309900,8422309900,Automatic Filling & Sealing Line PFS-127,East China,Manzanillo,2025-05-19,2025-08-04,2025-09-08,2025-09-08,2025-09-17,2025-09-19,50998.86,152996.58,7424.24,0.0,160896.61,301021.47,24081.72,533650.86,5028.99,42961.21,0.0,0.0,0.0,123.0,3374406.5113799996,1124802.17046,Packaging machine,Shanghai
IMP-2025-0171,SUP-1014,SKU-116,8477100100,8477100100,Injection Moulding Machine IMM-116,East China,Veracruz,2025-05-19,2025-08-07,2025-09-13,2025-09-21,2025-09-27,2025-09-30,86395.45,86395.45,7854.77,395.31,94645.53,177072.32,14165.79,313913.81,7984.16,52018.25,0.0,0.0,8.0,134.0,2021963.74077,2021963.74077,Injection moulding machine,Nantong
IMP-2025-0172,SUP-1014,SKU-116,8477100100,8477100100,Injection Moulding Machine IMM-116,East China,Manzanillo,2025-05-19,2025-08-12,2025-09-10,2025-09-10,2025-09-12,2025-09-16,82381.48,82381.48,0.0,0.0,88764.39,166069.3,13285.54,294407.65,3729.86,24571.01,0.0,0.0,0.0,120.0,1748930.8193199998,1748930.8193199998,Injection moulding machine,Nantong
IMP-2025-0173,SUP-1006,SKU-122,8414809900,8414809900,Screw Air Compressor SAC-122,East China,Manzanillo,2025-05-19,2025-08-26,2025-09-22,2025-10-18,2025-10-22,2025-10-24,24142.04,48284.08,6670.72,0.0,55181.53,153595.58,8191.76,189721.26,8291.11,33998.15,0.0,0.0,26.0,158.0,1223839.85072,611919.92536,Air compressor,Ningbo-Zhoushan
IMP-2025-0174,SUP-1001,SKU-111,8456110100,8456110100,Fibre Laser Cutting Machine FL-111,South China,Manzanillo,2025-05-20,2025-07-03,2025-08-06,2025-08-11,2025-08-16,2025-08-18,43945.08,87890.16,6028.8,279.42,94198.38,179054.16,14324.33,317427.22,8809.72,35744.54,0.0,0.0,5.0,90.0,2028474.396716,1014237.198358,Laser cutting machine,Yantian
IMP-2025-0175,SUP-1006,SKU-102,8457100100,8457100100,CNC Vertical Machining Centre VMC-102,East China,Manzanillo,2025-05-20,2025-07-07,2025-08-12,2025-08-12,2025-08-21,2025-08-23,166207.56,166207.56,8197.64,599.23,175004.43,332651.92,26612.15,589725.32,7312.96,21624.77,0.0,0.0,0.0,95.0,3714721.006326,3714721.006326,CNC machining centre,Ningbo-Zhoushan
IMP-2025-0176,SUP-1002,SKU-107,8458110100,8458110100,CNC Turning Centre TC-107,South China,Manzanillo,2025-05-22,2025-06-30,2025-07-29,2025-07-29,2025-08-06,2025-08-08,46081.32,138243.96,8963.92,700.46,147908.34,280426.82,22434.15,497140.66,6395.11,41007.87,0.0,0.0,0.0,78.0,3154532.12223,1051510.70741,CNC lathe,Shekou
IMP-2025-0177,SUP-1014,SKU-122,8414809900,8414809900,Screw Air Compressor SAC-122,East China,Manzanillo,2025-05-23,2025-08-23,2025-09-23,2025-09-25,,2025-10-02,25136.26,150817.56,0.0,496.97,151314.53,424641.53,22647.55,524517.22,4655.19,50388.67,0.0,0.0,2.0,132.0,3333276.48177,555546.080295,Air compressor,Nantong
IMP-2025-0178,SUP-1012,SKU-142,8515310100,8515310100,Inverter Arc Welding Power Source AW-142,East China,Lázaro Cárdenas,2025-05-23,2025-08-04,2025-08-31,2025-09-05,2025-09-12,2025-09-14,6969.87,6969.87,6723.47,0.0,13724.99,38517.13,2054.25,47576.35,5536.82,29846.27,0.0,0.0,5.0,114.0,332143.16806,332143.16806,Arc welding machine,Shanghai
IMP-2025-0179,SUP-1010,SKU-110,8456110100,8456110100,Fibre Laser Cutting Machine FL-110,East China,Manzanillo,2025-05-23,2025-07-14,2025-08-21,2025-08-21,2025-08-26,2025-08-29,17794.2,35588.4,0.0,0.0,35738.6,67932.65,5434.61,120430.99,7086.72,24784.75,0.0,0.0,0.0,98.0,783311.63288,391655.81644,Laser cutting machine,Taizhou
IMP-2025-0180,SUP-1014,SKU-117,8477100100,8477100100,Injection Moulding Machine IMM-117,East China,Manzanillo,2025-05-23,2025-08-01,2025-09-01,2025-09-01,2025-09-09,2025-09-13,32570.1,32570.1,0.0,174.54,32744.64,61261.95,4900.96,108605.18,7199.76,17028.64,0.0,0.0,0.0,113.0,703010.7797600001,703010.7797600001,Injection moulding machine,Nantong
IMP-2025-0181,SUP-1001,SKU-111,8456110100,8456110100,Fibre Laser Cutting Machine FL-111,South China,Manzanillo,2025-05-23,2025-07-11,2025-08-10,2025-08-11,2025-08-29,2025-08-30,44732.72,44732.72,6865.67,0.0,51849.07,98555.75,7884.46,174719.63,3867.92,23166.8,0.0,0.0,1.0,99.0,1114267.446798,1114267.446798,Laser cutting machine,Yantian
IMP-2025-0182,SUP-1001,SKU-120,8479500100,8479500100,6-Axis Industrial Robot IR-120,South China,Manzanillo,2025-05-25,2025-08-24,2025-09-22,2025-09-24,2025-10-07,2025-10-10,57210.96,57210.96,6382.45,0.0,63865.6,59743.08,9558.89,202266.16,5268.74,22314.39,0.0,0.0,2.0,138.0,1286654.20769,1286654.20769,Industrial robot,Yantian
IMP-2025-0183,SUP-1012,SKU-142,8515310100,8515310100,Inverter Arc Welding Power Source AW-142,East China,"Manzanillo, Colima",2025-05-25,2025-07-24,2025-08-29,2025-08-29,2025-08-31,2025-09-02,7529.26,22587.78,7016.16,0.0,29603.94,84407.64,4501.74,104260.32,5391.4,31120.36,0.0,0.0,0.0,100.0,688138.752308,229379.58410266667,Arc welding machine,Shanghai
IMP-2025-0184,SUP-1002,SKU-106,8458110100,8458110100,CNC Turning Centre TC-106,South China,Lázaro Cárdenas,2025-05-26,2025-08-12,2025-09-11,2025-09-12,2025-09-28,2025-09-30,92090.76,276272.28,7415.99,1590.52,285278.79,533728.09,42698.25,946193.15,7990.53,52898.33,0.0,0.0,1.0,127.0,5974596.082110001,1991532.0273700003,CNC lathe,Shekou
IMP-2025-0185,SUP-1011,SKU-114,8477100100,8477100100,Injection Moulding Machine IMM-114,East China,Manzanillo,2025-05-27,2025-07-28,2025-08-25,2025-08-25,2025-08-28,2025-08-30,45170.59,90341.18,7601.05,272.74,98214.97,186688.98,14935.12,330962.22,4773.71,27788.38,0.0,0.0,0.0,95.0,2101075.982754,1050537.991377,Injection moulding machine,Shanghai
IMP-2025-0186,SUP-1008,SKU-139,8428330100,8428330100,Modular Belt Conveyor CV-139,East China,Lázaro Cárdenas,2025-05-27,2025-07-06,2025-07-31,2025-07-31,2025-08-02,2025-08-06,22773.17,22773.17,0.0,0.0,22871.74,43363.68,3469.09,76875.12,3924.36,30054.02,0.0,0.0,0.0,71.0,512579.06661499996,512579.06661499996,Conveyor system,Wenzhou
IMP-2025-0187,SUP-1011,SKU-136,,8480710100,Precision Injection Mould MD-136,East China,Manzanillo,2025-05-27,2025-08-01,2025-08-29,2025-08-29,2025-09-04,2025-09-06,19889.39,19889.39,0.0,83.38,19972.77,18982.32,3037.17,64266.54,5777.15,19924.86,0.0,0.0,0.0,102.0,427367.906714,427367.906714,Mould and die,Shanghai
IMP-2025-0188,SUP-1009,SKU-131,8462910100,8462910100,Hydraulic Press HP-131,East China,Manzanillo,2025-05-28,2025-07-28,2025-08-28,2025-08-28,2025-08-30,2025-09-01,77949.06,311796.24,8343.16,0.0,320139.4,608527.37,48682.19,1078797.33,4924.11,44490.11,0.0,0.0,0.0,96.0,6791897.523079999,1697974.3807699997,Hydraulic press,Ningbo-Zhoushan
IMP-2025-0189,SUP-1014,SKU-118,8477100100,8477100100,Injection Moulding Machine IMM-118,East China,Lázaro Cárdenas,2025-05-28,2025-08-08,2025-09-07,2025-09-07,2025-09-11,2025-09-13,28787.93,172727.58,7140.52,847.63,180715.73,338101.06,27048.08,599385.56,5892.49,84501.83,0.0,0.0,0.0,108.0,3836554.0525699994,639425.6754283332,Injection moulding machine,Nantong
IMP-2025-0190,SUP-1012,SKU-108,8458110100,8458110100,CNC Turning Centre TC-108,East China,Manzanillo,2025-05-28,2025-07-10,2025-08-14,2025-08-14,,2025-08-26,113734.23,113734.23,5609.54,610.67,119954.44,228011.8,18240.94,404219.32,6098.36,20087.95,0.0,0.0,0.0,90.0,2552557.036407999,2552557.036407999,CNC lathe,Shanghai
IMP-2025-0191,SUP-1009,SKU-111,8456110100,8456110100,Fibre Laser Cutting Machine FL-111,East China,Manzanillo,2025-06-01,2025-07-09,2025-08-13,2025-08-13,2025-08-19,2025-08-20,42788.11,256728.66,0.0,1311.07,258039.73,490487.08,39238.97,869535.49,6877.54,66898.31,0.0,0.0,0.0,80.0,5508372.695786,918062.1159643334,Laser cutting machine,Ningbo-Zhoushan
IMP-2025-0192,SUP-1013,SKU-140,8515310100,8515310100,Inverter Arc Welding Power Source AW-140,East China,Manzanillo,2025-06-02,2025-08-21,2025-09-24,2025-09-24,2025-09-29,2025-09-30,26928.73,26928.73,8016.55,107.65,35052.93,98370.79,5246.44,121507.6,8154.47,25605.24,0.0,0.0,0.0,120.0,793182.20737,793182.20737,Arc welding machine,Shanghai
IMP-2025-0193,SUP-1011,SKU-130,8462910100,8462910100,Hydraulic Press HP-130,East China,Manzanillo,2025-06-03,2025-08-08,2025-09-14,2025-09-14,2025-09-22,2025-09-23,78775.32,78775.32,7102.06,0.0,86308.08,161473.79,12917.9,286260.73,8235.1,17048.52,0.0,0.0,0.0,112.0,1806355.21242,1806355.21242,Hydraulic press,Shanghai
IMP-2025-0194,SUP-1010,SKU-110,8456110100,8456110100,Fibre Laser Cutting Machine FL-110,East China,Lázaro Cárdenas,2025-06-06,2025-07-25,2025-08-20,2025-08-21,2025-08-23,2025-08-27,20157.37,60472.11,6232.3,0.0,67056.75,127462.81,10197.02,225966.07,7517.27,53606.53,0.0,0.0,1.0,82.0,1466714.3961619998,488904.7987206666,Laser cutting machine,Taizhou
IMP-2025-0195,SUP-1008,SKU-112,8456110100,8456110100,Fibre Laser Cutting Machine FL-112,East China,Manzanillo,2025-06-06,2025-08-16,2025-09-23,2025-09-23,2025-09-30,2025-10-04,65924.96,197774.88,7989.47,0.0,206515.16,386369.21,30909.54,684955.34,6274.12,33040.09,0.0,0.0,0.0,120.0,4306238.18415,1435412.72805,Laser cutting machine,Wenzhou
IMP-2025-0196,SUP-1002,SKU-125,8414809900,8414809900,Screw Air Compressor SAC-125,South China,"MANZANILLO, COL",2025-06-08,2025-07-30,2025-08-29,2025-08-29,2025-09-03,,14730.08,58920.32,6889.15,265.03,66074.5,188393.6,10047.66,232703.77,7047.97,35746.69,0.0,0.0,0.0,,1497193.2308999998,374298.30772499996,Air compressor,Shekou
IMP-2025-0197,SUP-1007,SKU-130,8462910100,8462910100,Hydraulic Press HP-130,East China,Lázaro Cárdenas,2025-06-08,2025-08-14,2025-09-08,2025-09-13,2025-09-29,2025-10-01,83931.54,167863.08,0.0,819.31,176754.16,330689.36,26455.15,586246.09,8293.41,53841.05,0.0,0.0,5.0,115.0,3575157.804509999,1787578.9022549996,Hydraulic press,Ningbo-Zhoushan
IMP-2025-0198,SUP-1001,SKU-132,8462910100,8462910100,Hydraulic Press HP-132,South China,Manzanillo,2025-06-10,2025-09-05,2025-10-06,2025-10-06,2025-10-13,2025-10-15,29310.31,87930.93,0.0,480.59,88411.52,164059.95,13124.8,290845.48,5499.07,42687.8,0.0,0.0,0.0,127.0,1865971.1497279997,621990.3832426666,Hydraulic press,Yantian
IMP-2025-0199,SUP-1003,SKU-113,8456110100,8456110100,Fibre Laser Cutting Machine FL-113,South China,Veracruz,2025-06-08,2025-09-02,2025-10-09,2025-10-11,2025-10-12,2025-10-14,59381.95,59381.95,7120.84,268.12,66770.91,123902.77,9912.22,219654.83,8010.6,53315.8,0.0,0.0,2.0,128.0,1434169.104324,1434169.104324,Laser cutting machine,Nansha
IMP-2025-0200,SUP-1012,SKU-108,8458110100,8458110100,CNC Turning Centre TC-108,East China,Manzanillo,2025-06-09,2025-08-01,2025-09-03,2025-09-03,2025-09-08,2025-09-12,116483.95,116483.95,0.0,444.09,116928.04,218760.67,17500.85,387818.92,7282.05,19538.41,0.0,0.0,0.0,95.0,2450688.6803599996,2450688.6803599996,CNC lathe,Shanghai
IMP-2025-0201,SUP-1012,SKU-142,8515310100,8515310100,Inverter Arc Welding Power Source AW-142,East China,Lázaro Cárdenas,2025-06-09,2025-08-09,2025-09-05,2025-09-05,2025-09-09,2025-09-13,7041.4,28165.6,9198.08,0.0,37493.87,105220.92,5611.78,129968.88,8646.78,74781.29,0.0,0.0,0.0,96.0,893297.85912,223324.46478,Arc welding machine,Shanghai
IMP-2025-0202,SUP-1009,SKU-131,8462910100,8462910100,Hydraulic Press HP-131,East China,Manzanillo,2025-06-10,2025-08-09,,2025-09-07,2025-09-16,2025-09-17,78696.17,472177.02,0.0,1843.33,474020.35,886844.67,70947.57,1572198.24,3928.0,47820.07,0.0,0.0,,99.0,9877987.038150001,1646331.1730250001,Hydraulic press,Ningbo-Zhoushan
IMP-2025-0203,SUP-1002,SKU-102,8457100100,8457100100,CNC Vertical Machining Centre VMC-102,South China,manzanillo,2025-06-11,2025-08-05,2025-09-03,2025-09-03,2025-09-05,2025-09-08,100886.66,201773.32,0.0,0.0,202882.27,379572.44,30365.8,672906.02,4277.51,34604.72,0.0,0.0,0.0,89.0,4223797.51388,2111898.75694,CNC machining centre,Shekou
IMP-2025-0204,SUP-1014,SKU-122,8414809900,8414809900,Screw Air Compressor SAC-122,East China,Manzanillo,2025-06-11,2025-09-19,2025-10-17,2025-10-17,2025-10-25,2025-10-27,24099.77,24099.77,0.0,115.13,24214.9,67401.21,3594.73,83253.97,6650.57,19625.69,0.0,0.0,0.0,138.0,546613.57036,546613.57036,Air compressor,Nantong
IMP-2025-0205,SUP-1004,SKU-137,8428330100,8428330100,Modular Belt Conveyor CV-137,South China,Manzanillo,2025-06-11,2025-07-24,2025-08-21,2025-08-21,,2025-08-26,33222.06,99666.18,6591.69,0.0,106257.87,201977.08,16158.17,358064.98,3949.68,31899.02,0.0,0.0,0.0,76.0,2273754.7945339996,757918.2648446666,Conveyor system,Yantian
IMP-2025-0206,SUP-1001,SKU-121,8479500100,8479500100,6-Axis Industrial Robot IR-121,South China,Manzanillo,2025-06-12,2025-08-25,2025-09-26,2025-09-26,2025-09-28,2025-10-01,66486.08,199458.24,8906.47,1119.29,209484.0,195961.81,31353.89,663448.3,7055.81,42241.9,0.0,0.0,0.0,111.0,4195849.566,1398616.5219999999,Industrial robot,Yantian
IMP-2025-0207,SUP-1011,SKU-135,8480710100,8480710100,Precision Injection Mould MD-135,East China,Manzanillo,2025-06-12,2025-08-05,2025-09-09,2025-09-09,2025-09-14,2025-09-18,4342.7,8685.4,8747.84,44.37,17477.61,16349.43,2615.91,55352.63,6096.73,26302.74,0.0,0.0,0.0,98.0,378353.4154899999,189176.70774499996,Mould and die,Shanghai
IMP-2025-0208,SUP-1008,SKU-126,8422309900,8422309900,Automatic Filling & Sealing Line PFS-126,East China,Manzanillo,2025-06-14,2025-09-04,2025-10-01,2025-10-01,2025-10-09,2025-10-10,29428.54,176571.24,0.0,0.0,177501.98,329379.77,26350.38,583924.46,3992.98,61112.42,0.0,0.0,0.0,118.0,3697362.1079359995,616227.0179893333,Packaging machine,Wenzhou
IMP-2025-0209,SUP-1013,SKU-109,8458110100,8458110100,CNC Turning Centre TC-109,East China,Manzanillo,2025-06-14,2025-07-16,2025-08-21,2025-08-21,2025-08-30,2025-09-01,77901.99,77901.99,5464.04,0.0,83366.03,158463.82,12677.11,280924.66,6593.8,20323.53,0.0,0.0,0.0,79.0,1782696.4314459998,1782696.4314459998,CNC lathe,Shanghai
IMP-2025-0210,SUP-1011,SKU-115,8477100100,8477100100,Injection Moulding Machine IMM-115,East China,Manzanillo,2025-06-15,2025-08-16,2025-09-21,2025-09-21,2025-09-23,2025-09-26,45342.17,272053.02,8933.14,1624.48,282610.64,528736.25,42298.9,937343.62,7898.29,47713.58,0.0,0.0,0.0,103.0,5914009.483759999,985668.2472933332,Injection moulding machine,Shanghai
IMP-2025-0211,SUP-1010,SKU-136,8480710100,8480710100,Precision Injection Mould MD-136,East China,Lázaro Cárdenas,2025-06-15,2025-08-18,2025-09-18,2025-09-18,2025-09-24,2025-09-28,18221.4,109328.4,10871.69,0.0,120596.66,112812.15,18049.94,381936.8,8928.84,87221.23,0.0,0.0,0.0,105.0,2475835.6438100003,412639.2739683334,Mould and die,Taizhou
IMP-2025-0212,SUP-1008,SKU-123,8414809900,8414809900,Screw Air Compressor SAC-123,East China,Lázaro Cárdenas,2025-06-15,2025-09-02,2025-09-28,2025-09-28,2025-10-05,2025-10-06,17707.34,106244.04,8370.35,0.0,114614.39,321648.09,17154.56,397299.72,6805.42,112169.02,0.0,0.0,0.0,113.0,2602097.71251,433682.952085,Air compressor,Wenzhou
IMP-2025-0213,SUP-1011,SKU-115,8477100100,8477100100,Injection Moulding Machine IMM-115,East China,Veracruz,2025-06-16,2025-08-13,2025-09-24,2025-09-24,2025-09-27,2025-09-29,42428.48,42428.48,8545.29,204.51,51178.28,95749.44,7659.96,169744.61,4456.35,45425.75,0.0,0.0,0.0,105.0,1110785.9405200002,1110785.9405200002,Injection moulding machine,Shanghai
IMP-2025-0214,SUP-1012,SKU-111,8456110100,8456110100,Fibre Laser Cutting Machine FL-111,East China,Manzanillo,2025-06-17,2025-07-24,2025-08-25,2025-08-24,2025-08-26,2025-08-29,43295.63,43295.63,0.0,200.81,43496.44,82678.9,6614.31,146573.16,7963.45,21113.57,0.0,0.0,-1.0,73.0,945159.2608079999,945159.2608079999,Laser cutting machine,Shanghai
IMP-2025-0215,SUP-1012,SKU-103,8457100100,8457100100,CNC Vertical Machining Centre VMC-103,East China,Veracruz,2025-06-17,2025-09-04,2025-10-13,2025-10-18,2025-10-22,2025-10-26,173171.6,173171.6,6986.89,0.0,180732.01,335373.55,26829.88,594550.22,8746.87,64006.79,0.0,0.0,5.0,131.0,3778050.093836,3778050.093836,CNC machining centre,Shanghai
IMP-2025-0216,SUP-1003,SKU-123,8414809900,8414809900,Screw Air Compressor SAC-123,South China,Manzanillo,2025-06-17,2025-09-12,2025-10-19,2025-10-19,2025-10-21,2025-10-23,17459.65,17459.65,0.0,66.22,17525.87,48782.56,2601.74,60256.22,7444.38,23033.64,0.0,0.0,0.0,128.0,407079.37406800006,407079.37406800006,Air compressor,Nansha
IMP-2025-0217,SUP-1008,SKU-115,8477100100,8477100100,Injection Moulding Machine IMM-115,East China,Manzanillo,2025-06-18,2025-08-16,2025-09-20,2025-09-20,2025-10-12,2025-10-13,45101.9,90203.8,6178.65,0.0,96699.67,180915.41,14473.23,320726.84,7897.1,27356.82,0.0,8405.14,0.0,117.0,2042266.9570499999,1021133.4785249999,Injection moulding machine,Wenzhou
IMP-2025-0218,SUP-1014,SKU-116,8477100100,8477100100,Injection Moulding Machine IMM-116,East China,Manzanillo,2025-06-18,2025-09-08,2025-10-07,2025-10-07,2025-10-12,2025-10-13,88828.51,88828.51,7469.73,430.98,96729.22,179494.61,14359.57,318208.04,5335.44,21050.29,0.0,0.0,0.0,117.0,2015186.0080079997,2015186.0080079997,Injection moulding machine,Nantong
IMP-2025-0219,SUP-1002,SKU-124,8414809900,8414809900,Screw Air Compressor SAC-124,South China,Manzanillo,2025-06-18,2025-09-07,2025-10-07,2025-10-07,2025-10-09,2025-10-10,7733.99,7733.99,7571.0,35.76,15340.75,42700.36,2277.35,52743.49,5339.05,18107.97,0.0,0.0,0.0,114.0,353093.82330000005,353093.82330000005,Air compressor,Shekou
IMP-2025-0220,SUP-1003,SKU-123,8414809900,8414809900,Screw Air Compressor SAC-123,South China,Veracruz,2025-06-20,2025-09-03,2025-10-14,2025-11-09,2025-11-14,2025-11-15,18256.61,36513.22,9304.09,0.0,45987.31,127994.18,6826.36,158098.41,7697.32,87192.85,45572.12,0.0,26.0,148.0,1125423.01705,562711.508525,Air compressor,Nansha
IMP-2025-0221,SUP-1012,SKU-109,8458110100,8458110100,CNC Turning Centre TC-109,East China,Manzanillo,2025-06-20,2025-07-28,2025-08-24,2025-08-24,2025-08-27,2025-08-31,81878.14,327512.56,0.0,1484.2,328996.76,625363.62,50029.09,1108644.63,6666.11,38434.18,0.0,0.0,0.0,72.0,6974129.213432,1743532.303358,CNC lathe,Shanghai
IMP-2025-0222,SUP-1007,SKU-129,8422309900,8422309900,Automatic Filling & Sealing Line PFS-129,East China,Manzanillo,2025-06-21,2025-09-21,2025-10-25,2025-10-25,2025-10-27,2025-10-30,39637.92,158551.68,8485.77,0.0,167814.58,311403.45,24912.28,552056.03,7399.0,43822.0,0.0,0.0,0.0,131.0,3487150.4671799997,871787.6167949999,Packaging machine,Ningbo-Zhoushan
IMP-2025-0223,SUP-1002,SKU-125,8414809900,8414809900,Screw Air Compressor SAC-125,South China,Lázaro Cárdenas,2025-06-22,2025-08-27,2025-09-27,2025-09-27,2025-09-29,2025-10-02,13970.8,41912.4,0.0,234.7,49170.53,137989.72,7359.45,170444.9,7217.29,64516.24,0.0,0.0,0.0,102.0,1005612.7938999999,335204.2646333333,Air compressor,Shekou
IMP-2025-0224,SUP-1008,SKU-140,8515310100,8515310100,Inverter Arc Welding Power Source AW-140,East China,Veracruz,2025-06-22,2025-08-30,2025-10-05,2025-10-05,2025-10-08,2025-10-12,27911.75,27911.75,8066.11,166.59,36144.45,100606.63,5365.69,124269.31,8893.25,54694.67,0.0,0.0,0.0,112.0,840271.1119799999,840271.1119799999,Arc welding machine,Wenzhou
IMP-2025-0225,SUP-1014,SKU-105,8457100100,8457100100,CNC Vertical Machining Centre VMC-105,East China,Lázaro Cárdenas,2025-06-23,2025-08-18,2025-09-20,2025-10-16,2025-10-22,2025-10-25,155875.88,155875.88,6219.82,495.46,162591.16,301710.66,24136.85,534872.66,6980.69,40646.8,0.0,0.0,26.0,124.0,3390581.601424,3390581.601424,CNC machining centre,Nantong
IMP-2025-0226,SUP-1013,SKU-140,8515310100,8515310100,Inverter Arc Welding Power Source AW-140,East China,Manzanillo,2025-06-25,2025-09-13,2025-10-17,2025-10-17,2025-10-26,2025-10-29,25399.33,25399.33,5719.44,0.0,31259.53,87009.65,4640.51,107474.32,7093.69,19755.44,0.0,0.0,0.0,126.0,695951.633628,695951.633628,Arc welding machine,Shanghai
IMP-2025-0227,SUP-1011,SKU-136,8480710100,8480710100,Precision Injection Mould MD-136,East China,Manzanillo,2025-06-26,2025-08-13,2025-09-18,2025-09-18,2025-09-20,2025-09-23,19419.72,19419.72,0.0,0.0,19529.45,18268.82,2923.01,61850.93,8170.72,25516.19,0.0,0.0,0.0,89.0,418202.28148,418202.28148,Mould and die,Shanghai
IMP-2025-0228,SUP-1004,SKU-133,8462910100,8462910100,Hydraulic Press HP-133,South China,Lázaro Cárdenas,2025-06-26,2025-08-27,2025-09-29,2025-09-29,2025-10-02,2025-10-03,96379.35,289138.05,6252.62,1185.0,296575.67,554863.42,44389.07,983661.87,8469.26,46317.75,0.0,0.0,0.0,99.0,6202673.71003,2067557.9033433332,Hydraulic press,Yantian
IMP-2025-0229,SUP-1001,SKU-106,8458110100,8458110100,CNC Turning Centre TC-106,South China,Manzanillo,2025-06-26,2025-09-11,2025-10-08,2025-10-08,2025-10-16,2025-10-18,90755.86,90755.86,0.0,540.53,91296.39,169413.23,13553.06,300335.78,4916.95,17695.01,0.0,0.0,0.0,114.0,1899710.581396,1899710.581396,CNC lathe,Yantian
IMP-2025-0230,SUP-1014,SKU-134,8480710100,8480710100,Precision Injection Mould MD-134,East China,Veracruz,2025-06-27,2025-08-14,2025-09-24,2025-09-24,2025-10-01,2025-10-04,7333.9,22001.7,11214.44,103.07,33319.21,31168.45,4986.95,105523.92,7711.89,108472.63,0.0,0.0,0.0,99.0,775709.01989,258569.67329666668,Mould and die,Nantong
IMP-2025-0231,SUP-1002,SKU-102,8457100100,8457100100,CNC Vertical Machining Centre VMC-102,South China,Manzanillo,2025-06-28,2025-08-27,2025-09-28,2025-09-29,2025-10-07,2025-10-10,91700.64,183401.28,6229.33,0.0,190391.61,356203.66,28496.29,631477.85,9178.06,36256.05,0.0,0.0,1.0,104.0,3977933.1424899995,1988966.5712449998,CNC machining centre,Shekou
IMP-2025-0232,SUP-1003,SKU-103,8457100100,8457100100,CNC Vertical Machining Centre VMC-103,South China,Lázaro Cárdenas,2025-07-01,2025-09-18,2025-10-20,2025-10-20,2025-10-26,2025-10-29,173729.25,173729.25,5908.66,850.54,180488.45,334921.59,26793.73,593748.99,5216.08,40181.6,0.0,0.0,0.0,120.0,3756328.8735800004,3756328.8735800004,CNC machining centre,Nansha
IMP-2025-0233,SUP-1005,SKU-130,8462910100,8462910100,Hydraulic Press HP-130,South China,Manzanillo,2025-07-02,2025-09-04,2025-10-10,2025-10-13,2025-10-16,2025-10-17,84265.24,337060.96,9568.29,1777.26,348406.51,646517.06,51721.36,1146145.44,6742.53,40352.04,0.0,0.0,3.0,107.0,7210503.552164,1802625.888041,Hydraulic press,Shekou
IMP-2025-0234,SUP-1002,SKU-124,8414809900,8414809900,Screw Air Compressor SAC-124,South China,Lázaro Cárdenas,2025-07-04,2025-09-19,2025-10-14,2025-10-14,2025-10-25,2025-10-28,7258.41,7258.41,7805.71,0.0,15102.85,42038.18,2242.04,51925.56,5609.68,29632.76,0.0,0.0,0.0,116.0,359058.49636799993,359058.49636799993,Air compressor,Shekou
IMP-2025-0235,SUP-1003,SKU-123,8414809900,8414809900,Screw Air Compressor SAC-123,South China,Manzanillo,2025-07-05,2025-10-01,2025-11-07,2025-11-07,2025-11-10,2025-11-14,19389.16,19389.16,5621.62,103.59,25114.37,69899.57,3727.98,86339.95,6746.18,21683.56,0.0,0.0,0.0,132.0,568054.42535,568054.42535,Air compressor,Nansha
IMP-2025-0236,SUP-1002,SKU-124,8414809900,8414809900,Screw Air Compressor SAC-124,South China,Manzanillo,2025-07-06,2025-09-15,2025-10-14,2025-10-14,2025-10-18,2025-10-19,7305.96,7305.96,5862.8,42.7,13211.46,36773.57,1961.26,45422.71,7511.57,22881.04,0.0,0.0,0.0,105.0,314284.57634400006,314284.57634400006,Air compressor,Shekou
IMP-2025-0237,SUP-1007,SKU-130,8462910100,8462910100,Hydraulic Press HP-130,East China,Manzanillo,2025-07-06,2025-09-09,2025-10-08,2025-10-08,2025-10-23,2025-10-27,81507.91,244523.73,0.0,0.0,245806.61,456128.58,36490.29,808624.74,5911.37,37241.36,0.0,0.0,0.0,113.0,5073251.743372,1691083.9144573333,Hydraulic press,Ningbo-Zhoushan
IMP-2025-0238,SUP-1011,SKU-134,8480710100,8480710100,Precision Injection Mould MD-134,East China,Manzanillo,2025-07-07,2025-08-17,2025-09-19,2025-09-19,2025-09-22,2025-09-23,7169.82,7169.82,8284.3,42.15,15496.27,14495.99,2319.36,49077.61,7969.55,22898.06,0.0,0.0,0.0,78.0,337602.67543,337602.67543,Mould and die,Shanghai
IMP-2025-0239,SUP-1013,SKU-135,8480710100,8480710100,Precision Injection Mould MD-135,East China,Manzanillo,2025-07-08,2025-08-26,2025-09-28,2025-10-10,2025-10-15,2025-10-17,3906.28,11718.84,0.0,0.0,11774.46,10924.58,1747.93,36986.26,5805.41,33749.62,0.0,0.0,12.0,101.0,269687.022576,89895.674192,Mould and die,Shanghai
IMP-2025-0240,SUP-1002,SKU-107,8458110100,8458110100,CNC Turning Centre TC-107,South China,Manzanillo,2025-07-10,2025-08-18,2025-09-25,2025-10-07,2025-10-12,2025-10-13,44216.83,88433.66,0.0,403.89,88837.55,164850.51,13188.04,292246.99,8601.29,35651.59,0.0,0.0,12.0,95.0,1870796.54282,935398.27141,CNC lathe,Shekou
IMP-2025-0241,SUP-1007,SKU-132,8462910100,8462910100,Hydraulic Press HP-132,East China,Lázaro Cárdenas,2025-07-11,2025-10-04,2025-11-06,2025-11-06,2025-11-09,2025-11-10,29451.12,29451.12,0.0,0.0,29623.03,54965.53,4397.24,97442.9,4460.91,36209.72,0.0,0.0,0.0,122.0,646498.9316,646498.9316,Hydraulic press,Ningbo-Zhoushan
IMP-2025-0242,SUP-1005,SKU-139,8428330100,8428330100,Modular Belt Conveyor CV-139,South China,Manzanillo,2025-07-11,2025-08-19,2025-09-18,2025-09-20,2025-09-24,2025-09-28,22852.07,22852.07,5429.56,0.0,28415.37,53162.32,4252.99,94246.15,3653.06,23406.23,0.0,0.0,2.0,79.0,613595.61567,613595.61567,Conveyor system,Shekou
IMP-2025-0243,SUP-1013,SKU-120,8479500100,8479500100,6-Axis Industrial Robot IR-120,East China,Manzanillo,2025-07-12,2025-10-15,2025-11-15,2025-11-15,2025-11-17,2025-11-20,60791.71,121583.42,6078.71,0.0,128097.06,118842.05,19014.73,402351.64,4471.99,34342.03,0.0,0.0,0.0,131.0,2545441.6221499997,1272720.8110749999,Industrial robot,Shanghai
IMP-2025-0244,SUP-1013,SKU-109,8458110100,8458110100,CNC Turning Centre TC-109,East China,Manzanillo,2025-07-13,2025-08-17,2025-09-14,2025-09-14,2025-09-20,2025-09-21,77108.49,154216.98,5649.03,896.96,160762.97,300771.44,24061.72,533207.61,8584.23,34754.55,0.0,0.0,0.0,70.0,3375886.3457299997,1687943.1728649999,CNC lathe,Shanghai
IMP-2025-0245,SUP-1012,SKU-142,8515310100,8515310100,Inverter Arc Welding Power Source AW-142,East China,,2025-07-14,2025-09-12,2025-10-09,2025-10-09,2025-10-21,2025-10-23,6773.64,20320.92,0.0,71.47,20392.39,56761.4,3027.27,70111.68,4498.21,31345.43,0.0,0.0,0.0,101.0,474041.655796,,Arc welding machine,Shanghai
IMP-2025-0246,SUP-1013,SKU-137,8428330100,8428330100,Modular Belt Conveyor CV-137,East China,Lázaro Cárdenas,2025-07-15,2025-08-27,2025-09-30,2025-09-30,2025-10-02,2025-10-04,35109.96,70219.92,6427.19,0.0,77067.41,144185.42,11534.83,255611.91,6161.53,38806.59,0.0,0.0,0.0,81.0,1634679.15099,817339.575495,Conveyor system,Shanghai
IMP-2025-0247,SUP-1007,SKU-130,8462910100,8462910100,Hydraulic Press HP-130,East China,Manzanillo,2025-07-15,2025-09-03,2025-10-04,2025-10-04,2025-10-10,2025-10-14,76767.29,230301.87,0.0,0.0,238382.28,442351.69,35388.14,784201.08,4312.33,36769.08,0.0,0.0,0.0,91.0,4792394.860468,1597464.9534893334,Hydraulic press,Ningbo-Zhoushan
IMP-2025-0248,SUP-1003,SKU-117,8477100100,8477100100,Injection Moulding Machine IMM-117,South China,Manzanillo,2025-07-15,2025-09-17,2025-10-18,2025-10-18,2025-10-21,2025-10-22,34745.66,208473.96,0.0,0.0,217989.62,404510.26,32360.82,717115.79,5666.76,52035.12,0.0,0.0,0.0,99.0,4363099.151344,727183.1918906667,Injection moulding machine,Nansha
IMP-2025-0249,SUP-1007,SKU-132,8462910100,8462910100,Hydraulic Press HP-132,East China,Veracruz,2025-07-16,2025-09-29,2025-11-05,2025-11-05,2025-11-12,2025-11-14,32154.25,32154.25,0.0,0.0,32297.04,59927.16,4794.17,106238.87,7098.02,52229.67,0.0,0.0,0.0,121.0,720671.12875,720671.12875,Hydraulic press,Ningbo-Zhoushan
IMP-2025-0250,SUP-1008,SKU-126,8422309900,8422309900,Automatic Filling & Sealing Line PFS-126,East China,Veracruz,2025-07-16,2025-10-18,2025-11-22,2025-10-15,2025-11-27,2025-11-29,31595.19,31595.19,10338.59,189.34,42123.12,78159.45,6252.76,138561.07,8249.46,52064.73,0.0,0.0,,,926320.8916,926320.8916,Packaging machine,Wenzhou
IMP-2025-0251,SUP-1007,SKU-141,8515310100,8515310100,Inverter Arc Welding Power Source AW-141,East China,Manzanillo,2025-07-18,2025-08-28,2025-10-03,2025-10-03,2025-10-08,2025-10-12,28003.4,28003.4,7236.5,0.0,35357.23,98415.44,5248.82,121562.75,5247.06,23313.03,0.0,0.0,0.0,86.0,786150.03036,786150.03036,Arc welding machine,Ningbo-Zhoushan
IMP-2025-0252,SUP-1007,SKU-141,8515310100,8515310100,Inverter Arc Welding Power Source AW-141,East China,Manzanillo,2025-07-18,2025-09-13,2025-10-10,2025-10-10,2025-10-12,2025-10-16,28480.01,85440.03,6247.97,336.44,92024.44,256146.35,13661.14,316391.97,7890.14,40977.95,0.0,0.0,0.0,90.0,2026317.8984160002,675439.2994720001,Arc welding machine,Ningbo-Zhoushan
IMP-2025-0253,SUP-1007,SKU-129,8422309900,8422309900,Automatic Filling & Sealing Line PFS-129,East China,Lázaro Cárdenas,2025-07-19,2025-09-29,2025-10-26,2025-10-26,2025-10-30,2025-11-02,40300.75,241804.5,8214.63,1238.41,251257.54,466243.54,37299.48,826556.55,4623.95,94552.75,0.0,0.0,0.0,106.0,5265155.135256,877525.855876,Packaging machine,Ningbo-Zhoushan
IMP-2025-0254,SUP-1003,SKU-127,8422309900,8422309900,Automatic Filling & Sealing Line PFS-127,South China,Manzanillo,2025-07-18,2025-10-07,2025-11-08,2025-11-08,2025-11-11,2025-11-12,53777.01,53777.01,5203.95,0.0,59155.61,109763.23,8781.06,194588.26,4237.3,19092.52,0.0,0.0,0.0,117.0,1236265.8227999997,1236265.8227999997,Packaging machine,Nansha
IMP-2025-0255,SUP-1005,SKU-138,8428330100,8428330100,Modular Belt Conveyor CV-138,South China,"Manzanillo, Colima",2025-07-20,2025-09-14,2025-10-20,2025-11-07,2025-11-10,2025-11-12,10987.97,32963.91,6082.43,0.0,39179.81,72698.14,5815.85,128879.26,7896.42,32164.43,35976.7,0.0,18.0,115.0,879056.3787,293018.7929,Conveyor system,Shekou
IMP-2025-0256,SUP-1004,SKU-110,8456110100,8456110100,Fibre Laser Cutting Machine FL-110,South China,Manzanillo,2025-07-20,2025-09-22,2025-10-30,2025-10-30,2025-11-02,2025-11-04,18343.3,36686.6,0.0,150.83,36837.43,68357.01,5468.56,121183.3,8264.54,26209.82,0.0,0.0,0.0,107.0,791870.016052,395935.008026,Laser cutting machine,Yantian
IMP-2025-0257,SUP-1005,SKU-107,8458110100,8458110100,CNC Turning Centre TC-107,South China,Manzanillo,2025-07-22,2025-09-07,2025-10-07,2025-10-07,2025-10-13,2025-10-17,43160.76,129482.28,0.0,734.31,130216.59,241635.11,19330.81,428370.73,4516.62,44878.82,0.0,0.0,0.0,87.0,2726712.490676,908904.1635586666,CNC lathe,Shekou
IMP-2025-0258,SUP-1001,SKU-121,8479500100,8479500100,6-Axis Industrial Robot IR-121,South China,Manzanillo,2025-07-22,2025-10-08,2025-11-15,2025-11-15,2025-11-23,2025-11-25,60178.84,180536.52,7265.13,879.62,188681.27,175049.05,28007.85,592646.06,8393.98,38838.8,0.0,0.0,0.0,126.0,3751270.64485,1250423.5482833332,Industrial robot,Yantian
IMP-2025-0259,SUP-1014,SKU-122,8414809900,8414809900,Screw Air Compressor SAC-122,East China,Manzanillo,2025-07-23,2025-10-30,2025-12-03,2025-12-02,2025-12-07,2025-12-10,25375.39,50750.78,5286.86,0.0,56284.77,155524.95,8294.66,192104.42,7996.19,24247.46,0.0,0.0,-1.0,140.0,1228343.833968,614171.916984,Air compressor,Nantong
IMP-2025-0260,SUP-1001,SKU-114,8477100100,8477100100,Injection Moulding Machine IMM-114,South China,Lázaro Cárdenas,2025-07-23,2025-10-26,2025-11-23,2025-11-23,2025-11-27,2025-11-30,66630.92,266523.68,0.0,895.39,274735.88,509772.43,40781.79,903724.56,6109.18,73300.13,0.0,0.0,0.0,130.0,5591924.37385,1397981.0934625,Injection moulding machine,Yantian
IMP-2025-0261,SUP-1006,SKU-101,8457100100,8457100100,CNC Vertical Machining Centre VMC-101,East China,Manzanillo,2025-07-24,2025-09-03,2025-10-07,2025-10-15,2025-10-20,2025-10-21,160765.07,482295.21,8860.71,1974.35,493130.27,915072.25,73205.78,1622240.09,5931.59,37192.51,34991.0,0.0,8.0,89.0,10217115.672228001,3405705.2240760005,CNC machining centre,Ningbo-Zhoushan
IMP-2025-0262,SUP-1007,SKU-132,8462910100,8462910100,Hydraulic Press HP-132,East China,Lázaro Cárdenas,2025-07-24,2025-10-07,2025-11-08,2025-11-08,2025-11-10,2025-11-12,28773.82,57547.64,8222.15,0.0,66067.41,122588.08,9807.05,217324.15,6520.64,48230.11,0.0,0.0,0.0,111.0,1407504.3334499998,703752.1667249999,Hydraulic press,Ningbo-Zhoushan
IMP-2025-0263,SUP-1011,SKU-123,8479500100,8414809900,Screw Air Compressor SAC-123,East China,Manzanillo,2025-07-24,2025-10-13,2025-11-12,2025-11-24,2025-12-02,2025-12-06,18738.72,18738.72,7562.46,0.0,26301.18,73202.76,3904.15,90420.05,6022.62,25923.81,25766.47,0.0,12.0,135.0,622838.2049,622838.2049,Air compressor,Shanghai
IMP-2025-0264,SUP-1006,SKU-101,8515310100,8457100100,CNC Vertical Machining Centre VMC-101,East China,Manzanillo,2025-07-24,2025-09-11,2025-10-16,2025-10-16,2025-10-20,2025-10-23,163821.93,327643.86,0.0,0.0,329054.35,610606.41,48848.51,1082483.05,7097.49,33473.2,0.0,0.0,0.0,91.0,6779916.133704,3389958.066852,CNC machining centre,Ningbo-Zhoushan
IMP-2025-0265,SUP-1007,SKU-110,8456110100,8456110100,Fibre Laser Cutting Machine FL-110,East China,Manzanillo,2025-07-24,2025-09-17,2025-10-24,2025-11-05,2025-11-09,2025-11-13,20082.59,60247.77,7431.81,328.43,68008.01,126188.86,10095.11,223707.62,3874.94,40669.49,0.0,0.0,12.0,112.0,1442717.02555,480905.6751833333,Laser cutting machine,Ningbo-Zhoushan
IMP-2025-0266,SUP-1001,SKU-125,8414809900,8414809900,Screw Air Compressor SAC-125,South China,Lázaro Cárdenas,2025-07-25,2025-10-02,2025-10-31,2025-10-31,2025-11-02,2025-11-03,15346.83,46040.49,8616.7,274.66,54931.85,152900.61,8154.7,188862.83,7393.26,67680.69,0.0,0.0,0.0,101.0,1255466.64134,418488.8804466667,Air compressor,Yantian
IMP-2025-0267,SUP-1003,SKU-113,8456110100,8456110100,Fibre Laser Cutting Machine FL-113,South China,Manzanillo,2025-07-26,2025-10-23,2025-11-20,2025-11-20,2025-11-23,2025-11-27,60029.87,120059.74,8779.0,0.0,129300.76,239917.56,19193.4,425325.85,8871.51,32709.63,0.0,0.0,0.0,124.0,2691294.9207,1345647.46035,Laser cutting machine,Nansha
IMP-2025-0268,SUP-1007,SKU-141,8515310100,8515310100,Inverter Arc Welding Power Source AW-141,East China,Manzanillo,2025-07-26,2025-09-18,2025-10-25,2025-10-25,2025-10-29,2025-10-30,26675.91,26675.91,8929.49,0.0,35701.6,99373.98,5299.95,122746.73,3801.67,23355.76,0.0,0.0,0.0,96.0,792539.40456,792539.40456,Arc welding machine,Ningbo-Zhoushan
IMP-2025-0269,SUP-1002,SKU-107,8458110100,8458110100,CNC Turning Centre TC-107,South China,Manzanillo,2025-07-27,2025-09-02,2025-10-06,2025-10-06,2025-10-08,2025-10-12,42477.3,84954.6,8801.98,0.0,94073.79,174567.09,13965.37,309472.53,4076.26,23378.61,0.0,0.0,0.0,77.0,1955771.931112,977885.965556,CNC lathe,Shekou
IMP-2025-0270,SUP-1014,SKU-116,8477100100,8477100100,Injection Moulding Machine IMM-116,East China,Manzanillo,2025-07-28,2025-10-13,2025-11-14,2025-11-14,2025-12-01,2025-12-04,83581.76,501490.56,0.0,0.0,503561.32,934358.03,74748.64,1656429.91,6735.02,73449.23,0.0,0.0,0.0,129.0,10394448.2608,1732408.0434666667,Injection moulding machine,Nantong
IMP-2025-0271,SUP-1006,SKU-138,8428330100,8428330100,Modular Belt Conveyor CV-138,East China,Manzanillo,2025-08-01,2025-09-24,2025-10-29,2025-10-29,2025-11-06,2025-11-08,10856.48,10856.48,5513.23,58.11,16427.82,30484.12,2438.73,54042.25,8651.07,19822.25,0.0,0.0,0.0,99.0,366237.36904799996,366237.36904799996,Conveyor system,Ningbo-Zhoushan
IMP-2025-0272,SUP-1002,SKU-107,8458110100,8458110100,CNC Turning Centre TC-107,South China,Manzanillo,2025-08-01,2025-09-22,2025-10-26,2025-10-29,2025-11-01,2025-11-05,46981.85,140945.55,6435.83,0.0,148039.07,274707.22,21976.58,487000.96,4026.34,31682.93,0.0,0.0,3.0,96.0,3067260.9098319993,1022420.3032773332,CNC lathe,Shekou
IMP-2025-0273,SUP-1005,SKU-138,8428330100,8428330100,Modular Belt Conveyor CV-138,South China,Manzanillo,2025-08-01,2025-10-07,2025-11-14,2025-11-14,2025-11-27,2025-11-28,12246.8,36740.4,0.0,0.0,44486.13,82544.01,6603.52,146334.03,6283.46,41553.21,0.0,10648.98,0.0,119.0,829351.302,276450.434,Conveyor system,Shekou
IMP-2025-0274,SUP-1013,SKU-117,8477100100,8477100100,Injection Moulding Machine IMM-117,East China,Lázaro Cárdenas,2025-08-02,2025-10-23,2025-11-19,2025-12-07,2025-12-11,2025-12-15,31615.06,63230.12,7027.78,313.7,70571.6,130001.36,10400.11,230466.4,4681.54,39280.4,0.0,0.0,18.0,135.0,1484376.96792,742188.48396,Injection moulding machine,Shanghai
IMP-2025-0275,SUP-1004,SKU-136,8480710100,8480710100,Precision Injection Mould MD-136,South China,Manzanillo,2025-08-04,2025-10-03,2025-11-06,2025-11-06,2025-11-15,2025-11-19,18301.15,18301.15,7376.85,105.76,25783.76,23920.88,3827.34,80986.54,8898.72,18159.73,0.0,0.0,0.0,107.0,533224.3367999999,533224.3367999999,Mould and die,Yantian
IMP-2025-0276,SUP-1002,SKU-125,8414809900,8414809900,Screw Air Compressor SAC-125,South China,Lázaro Cárdenas,2025-08-06,2025-10-01,2025-10-29,2025-10-29,2025-11-05,2025-11-06,14574.53,29149.06,9172.97,118.91,38440.94,106998.82,5706.6,132164.94,3522.37,43913.38,0.0,0.0,0.0,92.0,873466.6290160001,436733.31450800004,Air compressor,Shekou
IMP-2025-0277,SUP-1013,SKU-117,8477100100,8477100100,Injection Moulding Machine IMM-117,East China,Manzanillo,2025-08-06,2025-10-17,2025-11-16,2025-11-16,2025-11-20,2025-11-24,32514.68,32514.68,0.0,0.0,32680.33,60638.35,4851.07,107499.67,4039.86,26585.98,0.0,0.0,0.0,110.0,699425.1474,699425.1474,Injection moulding machine,Shanghai
IMP-2025-0278,SUP-1010,SKU-103,8457100100,8457100100,CNC Vertical Machining Centre VMC-103,East China,Manzanillo,2025-08-08,2025-10-20,2025-11-17,2025-11-17,2025-11-20,2025-11-22,166478.97,499436.91,7258.0,0.0,509590.43,945545.04,75643.6,1676262.25,6141.74,42411.95,0.0,0.0,0.0,106.0,10471466.385049999,3490488.7950166664,CNC machining centre,Taizhou
IMP-2025-0279,SUP-1004,SKU-128,8422309900,8422309900,Automatic Filling & Sealing Line PFS-128,South China,Manzanillo,2025-08-08,2025-10-22,2025-11-29,2025-11-29,2025-12-06,2025-12-10,52855.96,158567.88,6621.01,913.69,166102.58,308203.34,24656.27,546382.88,6075.88,43173.95,0.0,0.0,0.0,124.0,3464142.8119,1154714.2706333334,Packaging machine,Yantian
IMP-2025-0280,SUP-1010,SKU-110,8456110100,8456110100,Fibre Laser Cutting Machine FL-110,East China,Veracruz,2025-08-08,2025-10-04,2025-11-09,2025-11-17,2025-11-19,2025-11-21,17935.62,71742.48,8353.58,0.0,80519.39,149403.73,11952.3,264862.93,5343.99,113775.42,0.0,0.0,8.0,105.0,1766657.8332999998,441664.45832499996,Laser cutting machine,Taizhou
IMP-2025-0281,SUP-1013,SKU-123,8414809900,8414809900,Screw Air Compressor SAC-123,East China,Manzanillo,2025-08-09,2025-10-31,2025-12-07,2025-12-07,2025-12-14,2025-12-16,18579.5,18579.5,0.0,0.0,23854.21,65913.48,3515.39,81416.33,8705.27,20520.61,0.0,0.0,0.0,129.0,440911.43539999996,440911.43539999996,Air compressor,Shanghai
IMP-2025-0282,SUP-1013,SKU-137,8428330100,8428330100,Modular Belt Conveyor CV-137,East China,Manzanillo,2025-08-09,2025-09-23,2025-10-24,2025-10-24,2025-10-31,2025-11-04,32292.99,32292.99,0.0,0.0,32415.32,60151.16,4812.09,106635.98,8071.19,19399.75,0.0,0.0,0.0,87.0,691675.8296360001,691675.8296360001,Conveyor system,Shanghai
IMP-2025-0283,SUP-1005,SKU-117,8477100100,8477100100,Injection Moulding Machine IMM-117,South China,Manzanillo,2025-08-09,2025-10-18,2025-11-21,2025-11-21,2025-11-26,2025-11-27,31898.44,95695.32,0.0,454.48,102228.21,189684.44,15174.76,336272.58,3737.97,37392.71,0.0,0.0,0.0,110.0,2030049.4190000002,676683.1396666667,Injection moulding machine,Shekou
IMP-2025-0284,SUP-1004,SKU-138,8428330100,8428330100,Modular Belt Conveyor CV-138,South China,Manzanillo,2025-08-11,2025-10-04,2025-11-03,2025-11-15,2025-11-21,2025-11-22,11747.46,70484.76,6974.72,361.01,77820.49,144395.92,11551.67,255985.09,6889.84,59894.32,0.0,0.0,12.0,103.0,1666690.94195,277781.82365833333,Conveyor system,Yantian
IMP-2025-0285,SUP-1013,SKU-120,8479500100,8479500100,6-Axis Industrial Robot IR-120,East China,Manzanillo,2025-08-11,2025-11-15,2025-12-23,2025-12-23,2025-12-30,2026-01-03,59467.79,118935.58,6820.31,0.0,126207.27,116244.47,18599.11,393557.27,8957.73,25663.98,0.0,0.0,0.0,145.0,2486039.690868,1243019.845434,Industrial robot,Shanghai
IMP-2025-0286,SUP-1012,SKU-108,8458110100,8458110100,CNC Turning Centre TC-108,East China,Manzanillo,2025-08-12,2025-10-05,2025-11-08,2025-11-08,2025-11-17,2025-11-20,112553.66,450214.64,8160.83,1958.01,460333.48,854148.77,68331.9,1514234.94,7577.01,51860.92,0.0,0.0,0.0,100.0,9523406.3214,2380851.58035,CNC lathe,Shanghai
IMP-2025-0287,SUP-1002,SKU-124,8414809900,8414809900,Screw Air Compressor SAC-124,South China,Lázaro Cárdenas,2025-08-12,2025-10-24,2025-11-28,2025-11-28,2025-12-04,2025-12-07,7464.0,44784.0,8061.99,0.0,53023.68,147578.16,7870.84,182288.54,3567.55,80967.03,0.0,0.0,0.0,117.0,1220540.92445,203423.48740833334,Air compressor,Shekou
IMP-2025-0288,SUP-1013,SKU-115,8477100100,8477100100,Injection Moulding Machine IMM-115,East China,"LÁZARO CÁRDENAS, MICH",2025-08-12,2025-10-28,2025-12-02,2025-12-02,2025-12-10,2025-12-13,40613.62,162454.48,0.0,923.92,173410.96,319443.8,25555.5,566309.96,8176.24,73409.22,0.0,0.0,0.0,123.0,3436210.9420800004,859052.7355200001,Injection moulding machine,Shanghai
IMP-2025-0289,SUP-1010,SKU-113,8456110100,8456110100,Fibre Laser Cutting Machine FL-113,East China,Manzanillo,2025-08-13,2025-11-17,2025-12-16,2025-12-21,2025-12-24,2025-12-26,62164.09,62164.09,9032.33,0.0,71569.23,131839.11,10547.13,233724.37,7068.39,23809.09,0.0,0.0,5.0,135.0,1484787.212104,1484787.212104,Laser cutting machine,Taizhou
IMP-2025-0290,SUP-1009,SKU-122,8414809900,8414809900,Screw Air Compressor SAC-122,East China,Lázaro Cárdenas,2025-08-13,2025-11-11,2025-12-11,2025-12-11,2025-12-14,2025-12-18,23298.95,69896.85,6660.57,334.97,76892.39,212467.51,11331.6,262439.87,7467.19,68060.56,0.0,0.0,0.0,127.0,1715776.9546680003,571925.6515560001,Air compressor,Ningbo-Zhoushan
IMP-2025-0291,SUP-1012,SKU-103,8457100100,8457100100,CNC Vertical Machining Centre VMC-103,East China,Manzanillo,2025-08-14,2025-10-30,2025-11-29,2025-12-01,2025-12-09,2025-12-11,161074.19,644296.76,0.0,2342.85,653094.27,1203078.02,96246.24,2132816.71,6897.59,49708.13,0.0,0.0,2.0,119.0,13267807.563732,3316951.890933,CNC machining centre,Shanghai
IMP-2025-0292,SUP-1002,SKU-124,8414809900,8414809900,Screw Air Compressor SAC-124,South China,Manzanillo,2025-08-16,2025-11-01,2025-12-06,2025-12-06,2025-12-10,2025-12-12,7247.25,14494.5,5536.85,0.0,20094.4,55524.44,2961.3,68583.79,7288.85,28902.69,0.0,0.0,0.0,118.0,463678.78462,231839.39231,Air compressor,Shekou
IMP-2025-0293,SUP-1006,SKU-125,8414809900,8414809900,Screw Air Compressor SAC-125,East China,Manzanillo,2025-08-16,2025-10-12,2025-11-08,2025-11-08,2025-11-13,2025-11-17,15234.13,45702.39,6009.03,0.0,51849.92,144311.29,7696.6,178253.31,7384.89,35234.25,0.0,0.0,0.0,93.0,1154132.4281000001,384710.8093666667,Air compressor,Ningbo-Zhoushan
IMP-2025-0294,SUP-1002,SKU-106,8458110100,8458110100,CNC Turning Centre TC-106,South China,Manzanillo,2025-08-16,2025-11-06,2025-12-07,2025-12-07,2025-12-13,2025-12-16,85928.44,515570.64,8832.64,2689.08,527092.36,970967.38,77677.39,1721330.97,4674.28,60352.47,0.0,0.0,0.0,122.0,10823345.302032,1803890.883672,CNC lathe,Shekou
IMP-2025-0295,SUP-1001,SKU-121,8479500100,8479500100,6-Axis Industrial Robot IR-121,South China,Manzanillo,2025-08-17,2025-11-07,2025-12-14,2025-12-14,2025-12-21,2025-12-24,60049.08,120098.16,7169.93,552.74,127820.83,117730.65,18836.9,398588.9,8820.27,32907.6,0.0,0.0,0.0,129.0,2532908.4935959997,1266454.2467979998,Industrial robot,Yantian
IMP-2025-0296,SUP-1011,SKU-139,8428330100,8428330100,Modular Belt Conveyor CV-139,East China,Veracruz,2025-08-18,2025-10-02,2025-11-09,2025-11-09,2025-11-16,2025-11-20,22883.15,45766.3,0.0,173.2,45939.5,85240.74,6819.26,151114.79,7603.08,79639.25,0.0,0.0,0.0,94.0,1031709.7525,515854.87625,Conveyor system,Shanghai
IMP-2025-0297,SUP-1003,SKU-113,8456110100,8456110100,Fibre Laser Cutting Machine FL-113,South China,Manzanillo,2025-08-20,2025-11-10,2025-12-14,2025-12-14,2025-12-23,2025-12-27,5898291.0,235931.64,0.0,953.75,236885.39,436371.31,34909.71,773599.07,7592.19,42902.71,0.0,0.0,0.0,129.0,4885489.066268,1221372.266567,Laser cutting machine,Nansha
IMP-2025-0298,SUP-1014,SKU-118,8414809900,8477100100,Injection Moulding Machine IMM-118,East China,Manzanillo,2025-08-20,2025-11-04,2025-12-07,2025-12-07,2025-12-09,2025-12-12,29004.17,29004.17,6441.8,133.88,35579.85,65542.35,5243.39,116193.48,8235.58,17984.78,0.0,0.0,0.0,114.0,752429.6328199999,752429.6328199999,Injection moulding machine,Nantong
IMP-2025-0299,SUP-1007,SKU-142,8515310100,8515310100,Inverter Arc Welding Power Source AW-142,East China,Manzanillo,2025-08-23,2025-11-01,2025-11-30,2025-11-30,2025-12-20,2025-12-24,6935.42,13870.84,0.0,0.0,13920.93,38745.43,2066.42,47858.35,4831.57,31532.44,0.0,0.0,0.0,123.0,334549.2962,167274.6481,Arc welding machine,Ningbo-Zhoushan
IMP-2025-0300,SUP-1006,SKU-110,8456110100,8456110100,Fibre Laser Cutting Machine FL-110,East China,Manzanillo,2025-08-24,2025-10-13,2025-11-14,2025-11-26,2025-12-03,2025-12-06,18385.17,36770.34,7784.81,0.0,44555.15,82672.08,6613.77,146561.06,6792.38,29817.31,32402.98,0.0,12.0,104.0,985019.3282499999,492509.66412499995,Laser cutting machine,Ningbo-Zhoushan
IMP-2025-0301,SUP-1011,SKU-127,8422309900,8422309900,Automatic Filling & Sealing Line PFS-127,East China,Manzanillo,2025-08-25,2025-11-07,2025-12-11,2025-12-11,2025-12-19,2025-12-22,57146.13,114292.26,9031.52,636.8,123960.58,228350.26,18268.02,404819.35,3725.67,25040.33,0.0,0.0,0.0,119.0,2558886.9162959997,1279443.4581479998,Packaging machine,Shanghai
IMP-2025-0302,SUP-1005,SKU-129,8422309900,8422309900,Automatic Filling & Sealing Line PFS-129,South China,Manzanillo,2025-08-26,2025-11-25,2025-12-27,2025-12-27,2026-01-02,2026-01-04,39705.85,238235.1,0.0,828.71,245790.33,452775.28,36222.02,802680.02,4223.07,68328.65,0.0,0.0,0.0,131.0,4965391.276772,827565.2127953334,Packaging machine,Shekou
IMP-2025-0303,SUP-1013,SKU-137,8428330100,8428330100,Modular Belt Conveyor CV-137,East China,Lázaro Cárdenas,2025-08-26,2025-10-08,2025-11-11,2025-11-11,2025-12-01,2025-12-04,35338.81,70677.62,9015.02,0.0,79935.7,148320.69,11865.66,262942.92,8718.81,38436.57,0.0,3523.23,0.0,100.0,1689561.8952,844780.9476,Conveyor system,Shanghai
IMP-2025-0304,SUP-1006,SKU-101,8457100100,8457100100,CNC Vertical Machining Centre VMC-101,East China,Veracruz,2025-08-27,2025-10-13,2025-11-23,2025-11-25,2025-12-04,2025-12-05,159710.77,159710.77,10064.85,588.57,170364.19,316110.75,25288.86,560401.15,3855.6,51695.77,0.0,0.0,2.0,100.0,3558058.52545,3558058.52545,CNC machining centre,Ningbo-Zhoushan
IMP-2025-0305,SUP-1007,SKU-129,8422309900,8422309900,Automatic Filling & Sealing Line PFS-129,East China,Lázaro Cárdenas,2025-08-27,2025-11-09,2025-12-14,2025-12-14,2025-12-16,2025-12-18,36333.3,36333.3,6092.26,197.8,42623.36,78517.34,6281.39,139195.55,7830.02,32849.09,0.0,0.0,0.0,113.0,910651.2792320001,910651.2792320001,Packaging machine,Ningbo-Zhoushan
IMP-2025-0306,SUP-1012,SKU-129,8422309900,8422309900,Automatic Filling & Sealing Line PFS-129,East China,Manzanillo,2025-08-27,2025-11-10,2025-12-11,2025-12-11,2025-12-20,2025-12-23,39528.06,79056.12,0.0,0.0,85731.46,157927.64,12634.21,279974.12,6943.14,32032.54,0.0,0.0,0.0,118.0,1665846.127744,832923.063872,Packaging machine,Shanghai
IMP-2025-0307,SUP-1007,SKU-129,8422309900,8422309900,Automatic Filling & Sealing Line PFS-129,East China,Manzanillo,2025-08-27,2025-11-16,2025-12-22,2025-12-22,2025-12-30,2026-01-01,36705.96,36705.96,7244.21,141.11,44091.28,81221.43,6497.71,143989.35,8199.77,17901.59,0.0,0.0,0.0,127.0,926034.7871359999,926034.7871359999,Packaging machine,Ningbo-Zhoushan
IMP-2025-0308,SUP-1011,SKU-129,8422309900,8422309900,Automatic Filling & Sealing Line PFS-129,East China,Manzanillo,2025-08-27,2025-11-15,2025-12-18,2025-12-18,2025-12-27,2025-12-30,53767.97,53767.97,6556.81,0.0,60534.74,111512.26,8920.98,197688.93,6284.08,24144.14,0.0,0.0,0.0,125.0,1262116.2973359998,1262116.2973359998,Packaging machine,Shanghai
IMP-2025-0309,SUP-1014,SKU-119,8479500100,8479500100,6-Axis Industrial Robot IR-119,East China,Manzanillo,2025-08-28,2025-11-01,2025-12-09,2025-12-09,2025-12-11,2025-12-14,49951.74,149855.22,0.0,0.0,157353.86,144932.35,23189.18,490682.95,6362.23,45876.12,0.0,0.0,0.0,108.0,2980872.858664,993624.2862213333,Industrial robot,Nantong
IMP-2025-0310,SUP-1001,SKU-111,8456110100,8456110100,Fibre Laser Cutting Machine FL-111,South China,Manzanillo,2025-09-01,2025-10-29,2025-11-29,2025-11-29,2025-12-02,2025-12-04,43422.02,86844.04,8209.91,406.59,95460.54,177127.03,14170.16,314010.8,9051.7,24011.96,0.0,0.0,0.0,94.0,1995631.1697,997815.58485,Laser cutting machine,Yantian
IMP-2025-0311,SUP-1007,SKU-129,8422309900,8422309900,Automatic Filling & Sealing Line PFS-129,East China,Manzanillo,2025-09-04,2025-12-12,2026-01-16,2026-01-16,2026-02-07,2026-02-08,36741.55,36741.55,7871.6,0.0,44826.91,82434.0,6594.72,146138.99,9066.24,24706.55,0.0,3651.57,0.0,157.0,946862.1406099999,946862.1406099999,Packaging machine,Ningbo-Zhoushan
IMP-2025-0312,SUP-1003,SKU-113,8456110100,8456110100,Fibre Laser Cutting Machine FL-113,South China,Manzanillo,2025-09-07,2025-12-16,2026-01-17,2026-01-17,2026-01-23,2026-01-25,61700.9,61700.9,6923.26,307.66,68931.82,126761.48,10140.92,224722.75,4092.21,20710.13,0.0,0.0,0.0,140.0,1429319.550708,1429319.550708,Laser cutting machine,Nansha
IMP-2025-0313,SUP-1013,SKU-117,8477100100,8477100100,Injection Moulding Machine IMM-117,East China,Manzanillo,2025-09-08,2025-12-03,2026-01-07,2026-01-07,2026-01-09,2026-01-11,33731.35,33731.35,0.0,0.0,33862.54,62271.18,4981.69,110394.35,7439.34,24910.64,0.0,0.0,0.0,125.0,719902.1376899999,719902.1376899999,Injection moulding machine,Shanghai
IMP-2025-0314,SUP-1006,SKU-119,8479500100,8479500100,6-Axis Industrial Robot IR-119,East China,Lázaro Cárdenas,2025-09-08,2025-12-03,2025-12-28,2025-12-28,2026-01-01,2026-01-05,49468.48,98936.96,7830.8,0.0,107090.64,98636.9,15781.9,333945.11,6252.29,38315.17,0.0,0.0,0.0,119.0,2125776.5205119997,1062888.2602559999,Industrial robot,Ningbo-Zhoushan
IMP-2025-0315,SUP-1012,SKU-103,8457100100,8457100100,CNC Vertical Machining Centre VMC-103,East China,Veracruz,2025-09-09,2025-12-04,2026-01-15,2026-01-15,2026-01-23,2026-01-24,172453.45,689813.8,0.0,2872.11,692685.91,1273807.83,101904.63,2258206.52,6077.36,113600.28,0.0,0.0,0.0,137.0,14233468.373354,3558367.0933385,CNC machining centre,Shanghai
IMP-2025-0316,SUP-1005,SKU-139,8428330100,8428330100,Modular Belt Conveyor CV-139,South China,Lázaro Cárdenas,2025-09-09,2025-10-27,2025-11-24,2025-11-25,2025-12-04,2025-12-08,21124.81,84499.24,7453.92,0.0,91953.16,170619.09,13649.53,302473.52,4586.76,71240.97,0.0,0.0,1.0,90.0,1966287.2338,491571.80845,Conveyor system,Shekou
IMP-2025-0317,SUP-1002,SKU-102,8457100100,8457100100,CNC Vertical Machining Centre VMC-102,South China,Manzanillo,2025-09-10,2025-11-06,2025-12-11,2025-12-29,2026-01-05,2026-01-08,9769110.0,97691.1,5627.61,0.0,103809.93,191230.35,15298.43,339013.16,6582.42,25507.33,0.0,0.0,18.0,120.0,2141873.1506519997,2141873.1506519997,CNC machining centre,Shekou
IMP-2025-0318,SUP-1002,SKU-106,8458110100,8458110100,CNC Turning Centre TC-106,South China,veracruz,2025-09-11,2025-11-22,2026-01-01,2026-01-01,2026-01-05,2026-01-08,82094.91,82094.91,10129.85,323.26,92548.02,170190.26,13615.22,301713.29,8020.11,64703.96,0.0,0.0,0.0,119.0,1958432.108988,1958432.108988,CNC lathe,Shekou
IMP-2025-0319,SUP-1003,SKU-999,8414809900,,,South China,LZC,2025-09-11,2025-12-05,,2026-01-01,2026-01-10,2026-01-12,18789.76,37579.52,7758.1,0.0,45529.73,125589.66,6698.12,155128.35,5614.54,44432.52,0.0,0.0,,123.0,1016066.4692279998,508033.2346139999,,Nansha
IMP-2025-0320,SUP-1002,SKU-128,8422309900,8422309900,Automatic Filling & Sealing Line PFS-128,South China,Lázaro Cárdenas,2025-09-12,2025-12-01,2026-01-02,2026-01-05,2026-01-16,2026-01-19,50046.0,200184.0,6697.9,0.0,207872.63,382265.29,30581.22,677679.91,6223.11,58313.29,0.0,0.0,3.0,129.0,4281816.921859999,1070454.2304649998,Packaging machine,Shekou
IMP-2025-0321,SUP-1002,SKU-106,8458110100,8458110100,CNC Turning Centre TC-106,South China,Manzanillo,2025-09-13,2025-12-08,2026-01-15,2026-01-15,2026-01-21,2026-01-22,84956.58,339826.32,0.0,1171.46,348912.25,641628.69,51330.3,1137479.35,4427.31,47045.59,0.0,0.0,0.0,131.0,7015176.465531999,1753794.1163829998,CNC lathe,Shekou
IMP-2025-0322,SUP-1009,SKU-131,8462910100,8462910100,Hydraulic Press HP-131,East China,Veracruz,2025-09-14,2025-12-12,2026-01-26,2026-01-26,2026-02-01,2026-02-03,76529.84,153059.68,0.0,756.38,153816.06,282858.51,22628.68,501451.56,4553.97,83109.98,0.0,0.0,0.0,142.0,3221736.1937639997,1610868.0968819999,Hydraulic press,Ningbo-Zhoushan
IMP-2025-0323,SUP-1003,SKU-113,8456110100,8456110100,Fibre Laser Cutting Machine FL-113,South China,Lázaro Cárdenas,2025-09-14,2025-12-12,2026-01-13,2026-01-13,2026-01-22,2026-01-25,64391.73,64391.73,5365.62,0.0,70128.37,128961.86,10316.95,228623.59,9116.88,37863.42,0.0,0.0,0.0,133.0,1469054.92209,1469054.92209,Laser cutting machine,Nansha
IMP-2025-0324,SUP-1013,SKU-140,8515310100,8515310100,Inverter Arc Welding Power Source AW-140,East China,Manzanillo,2025-09-16,2025-12-09,2026-01-07,2026-01-15,2026-01-26,2026-01-28,26880.54,26880.54,0.0,142.61,35297.8,97365.8,5192.84,120266.24,8861.98,21184.34,0.0,0.0,8.0,134.0,629544.47461,629544.47461,Arc welding machine,Shanghai
IMP-2025-0325,SUP-1008,SKU-112,8456110100,8456110100,Fibre Laser Cutting Machine FL-112,East China,Manzanillo,2025-09-16,2025-11-28,2025-12-26,2025-12-27,2026-01-03,2026-01-04,65353.51,392121.06,7861.5,2261.75,402244.31,740982.29,59278.58,1313613.4,6769.93,58802.71,0.0,0.0,1.0,110.0,8275656.393371999,1379276.0655619998,Laser cutting machine,Wenzhou
IMP-2025-0326,SUP-1012,SKU-108,8458110100,8458110100,CNC Turning Centre TC-108,East China,Veracruz,2025-09-16,2025-11-20,2025-12-24,2025-12-24,2025-12-31,2025-12-28,111701.54,223403.08,0.0,1249.08,232768.4,428787.33,34302.99,760154.17,5324.83,71738.61,0.0,0.0,,,4678516.129791999,2339258.0648959996,CNC lathe,Shanghai
IMP-2025-0327,SUP-1003,SKU-113,8456110100,8456110100,Fibre Laser Cutting Machine FL-113,South China,Veracruz,2025-09-17,2025-12-19,2026-01-27,2026-01-27,2026-02-02,2026-02-04,61078.89,244315.56,0.0,996.04,245311.6,451113.31,36089.07,799733.68,3726.57,122129.93,0.0,0.0,0.0,140.0,5124192.017039999,1281048.0042599998,Laser cutting machine,Nansha
IMP-2025-0328,SUP-1003,SKU-113,8456110100,8456110100,Fibre Laser Cutting Machine FL-113,South China,Manzanillo,2025-09-18,2025-12-28,2026-02-03,2026-02-03,,2026-02-12,58854.01,117708.02,5934.34,489.22,124131.58,230238.01,18419.04,408165.95,8671.13,32842.55,0.0,0.0,0.0,147.0,2592550.862682,1296275.431341,Laser cutting machine,Nansha
IMP-2025-0329,SUP-1013,SKU-117,8477100100,8477100100,Injection Moulding Machine IMM-117,East China,Veracruz,2025-09-19,2025-12-15,2026-01-24,2026-01-24,2026-01-26,2026-01-28,31583.04,31583.04,11023.8,112.01,42718.85,78557.4,,139266.56,7564.84,48871.49,0.0,0.0,0.0,131.0,920567.7501899999,920567.7501899999,Injection moulding machine,Shanghai
IMP-2025-0330,SUP-1013,SKU-120,8479500100,8479500100,6-Axis Industrial Robot IR-120,East China,Veracruz,2025-09-20,2025-12-28,2026-02-07,2026-02-07,2026-02-10,2026-02-11,58965.64,58965.64,10033.38,251.85,69250.87,64222.91,10275.67,217433.09,3762.69,52703.28,0.0,0.0,0.0,144.0,1415422.7616730002,1415422.7616730002,Industrial robot,Shanghai
IMP-2025-0331,SUP-1007,SKU-115,8477100100,8477100100,Injection Moulding Machine IMM-115,East China,Manzanillo,2025-09-20,2025-12-16,2026-01-12,2026-01-12,2026-01-16,2026-01-19,43908.39,43908.39,6277.88,0.0,50344.44,92580.4,7406.43,164126.54,3801.22,23783.83,0.0,0.0,0.0,121.0,1050467.2735379997,1050467.2735379997,Injection moulding machine,Ningbo-Zhoushan
IMP-2025-0332,SUP-1002,SKU-102,8457100100,8457100100,CNC Vertical Machining Centre VMC-102,South China,Lazaro Cardenas,2025-09-20,2025-12-01,2026-01-03,2026-01-03,2026-01-12,2026-01-14,97173.92,583043.52,6445.81,0.0,592434.19,1089450.93,87156.07,1931378.61,3907.16,102059.37,0.0,0.0,0.0,116.0,12122928.615102,2020488.1025170002,CNC machining centre,Shekou
IMP-2025-0333,SUP-1010,SKU-140,8515310100,8515310100,Inverter Arc Welding Power Source AW-140,East China,Manzanillo,2025-09-20,2025-12-09,2026-01-13,2026-01-15,2026-01-17,2026-01-21,25429.43,25429.43,5469.74,0.0,31049.55,85647.39,4567.86,105791.66,6289.92,21908.83,0.0,0.0,2.0,123.0,686631.1967979999,686631.1967979999,Arc welding machine,Taizhou
IMP-2025-0334,SUP-1005,SKU-138,8428330100,8428330100,Modular Belt Conveyor CV-138,South China,Manzanillo,2025-09-21,2025-11-21,2025-12-18,2025-12-18,2025-12-20,2025-12-24,11744.46,46977.84,0.0,172.06,47149.9,86855.77,6948.46,153977.92,5878.04,35958.97,0.0,0.0,0.0,94.0,1004198.9778799998,251049.74446999995,Conveyor system,Shekou
IMP-2025-0335,SUP-1014,SKU-122,8414809900,8414809900,Screw Air Compressor SAC-122,East China,Manzanillo,2025-09-22,2025-12-28,2026-02-01,2026-02-01,2026-02-04,2026-02-05,22628.22,45256.44,0.0,0.0,52766.58,146806.39,7829.67,181335.25,4874.67,23679.46,0.0,0.0,0.0,136.0,1022602.113476,511301.056738,Air compressor,Nantong
IMP-2025-0336,SUP-1014,SKU-134,8480710100,8480710100,Precision Injection Mould MD-134,East China,Manzanillo,2025-09-22,2025-11-16,2025-12-22,2025-12-22,2026-01-02,2026-01-03,6981.2,6981.2,8341.95,27.1,15350.25,14138.5,2262.16,47867.31,5441.64,26797.31,0.0,0.0,0.0,103.0,331409.6353,331409.6353,Mould and die,Nantong
IMP-2025-0337,SUP-1007,SKU-130,8462910100,8462910100,Hydraulic Press HP-130,East China,Manzanillo,2025-09-23,2025-11-27,2025-12-29,2025-12-29,2026-01-19,2026-01-22,79719.03,79719.03,7357.81,0.0,87360.27,160928.1,12874.25,285293.34,5883.71,17474.48,0.0,5046.8,0.0,121.0,1806267.225008,1806267.225008,Hydraulic press,Ningbo-Zhoushan
IMP-2025-0338,SUP-1003,SKU-130,8462910100,8462910100,Hydraulic Press HP-130,South China,Manzanillo,2025-09-24,2025-12-12,2026-01-08,2026-01-08,2026-01-12,2026-01-13,82381.71,82381.71,7982.39,455.54,90819.64,167011.87,13360.95,296078.64,8769.07,26773.19,0.0,0.0,0.0,111.0,1886033.767816,1886033.767816,Hydraulic press,Nansha
IMP-2025-0339,SUP-1003,SKU-133,8462910100,8462910100,Hydraulic Press HP-133,South China,Manzanillo,2025-09-24,2025-12-02,2026-01-08,2026-01-08,2026-01-28,2026-02-01,90987.07,363948.28,9281.22,1513.7,374743.2,689130.26,55130.42,1221690.13,5199.61,35295.76,0.0,0.0,0.0,130.0,7676058.652079999,1919014.6630199999,Hydraulic press,Nansha
IMP-2025-0340,SUP-1014,SKU-105,8457100100,8457100100,CNC Vertical Machining Centre VMC-105,East China,Manzanillo,2025-09-24,2025-12-10,2026-01-07,2026-01-07,2026-01-12,2026-01-15,167084.46,167084.46,5721.14,538.38,173343.98,318769.18,25501.53,565114.0,4857.51,19878.54,0.0,0.0,0.0,113.0,3556698.5458119996,3556698.5458119996,CNC machining centre,Nantong
IMP-2025-0341,SUP-1014,SKU-118,8477100100,8477100100,Injection Moulding Machine IMM-118,East China,Manzanillo,2025-09-25,2025-12-27,2026-02-01,2026-02-01,2026-02-03,2026-02-07,27634.42,82903.26,0.0,0.0,83285.48,154477.08,12358.17,273856.96,6017.18,32068.98,0.0,0.0,0.0,135.0,1742602.7861539996,580867.5953846666,Injection moulding machine,Nantong
IMP-2025-0342,SUP-1013,SKU-109,8458110100,8458110100,CNC Turning Centre TC-109,East China,Manzanillo,2025-09-25,2025-11-05,2025-12-13,2025-12-16,2025-12-31,2026-01-04,82389.6,164779.2,0.0,615.45,165394.65,304676.79,24374.14,540131.02,7094.45,34781.84,0.0,10097.62,3.0,101.0,3427792.76658,1713896.38329,CNC lathe,Shanghai
IMP-2025-0343,SUP-1002,SKU-102,8457100100,8457100100,CNC Vertical Machining Centre VMC-102,South China,Manzanillo,2025-09-26,2025-11-24,2025-12-23,2025-12-23,2025-12-31,2026-01-04,97084.34,194168.68,0.0,764.79,201547.43,371274.55,29701.96,658195.53,8040.15,26633.5,0.0,0.0,0.0,100.0,4026558.597564,2013279.298782,CNC machining centre,Shekou
IMP-2025-0344,SUP-1006,SKU-119,8479500100,8479500100,6-Axis Industrial Robot IR-119,East China,Manzanillo,2025-09-26,2025-12-14,2026-01-19,2026-01-19,2026-01-24,2026-01-28,49539.85,99079.7,7877.26,417.21,107374.17,98727.33,15796.37,334251.24,9126.6,33054.35,0.0,0.0,0.0,124.0,2131251.2117979997,1065625.6058989998,Industrial robot,Ningbo-Zhoushan
IMP-2025-0345,SUP-1004,SKU-136,8480710100,8480710100,Precision Injection Mould MD-136,South China,Manzanillo,2025-09-26,2025-12-05,2026-01-03,2026-01-03,2026-01-19,2026-01-22,18016.53,18016.53,0.0,65.41,18081.94,16625.8,2660.13,56288.31,5997.99,20550.73,0.0,7523.53,0.0,118.0,385874.20743599994,385874.20743599994,Mould and die,Yantian
IMP-2025-0346,SUP-1003,SKU-113,8456110100,8456110100,Fibre Laser Cutting Machine FL-113,South China,Manzanillo,2025-09-26,2026-01-05,2026-02-11,2026-02-11,2026-02-15,2026-02-18,58633.2,58633.2,6557.28,0.0,65190.48,120914.65,9673.17,214357.49,5309.54,26893.08,0.0,0.0,0.0,145.0,1371936.9439919998,1371936.9439919998,Laser cutting machine,Nansha
IMP-2025-0347,SUP-1013,SKU-140,8515310100,8515310100,Inverter Arc Welding Power Source AW-140,East China,Manzanillo,2025-09-27,2025-12-27,2026-02-01,2026-02-01,2026-02-08,2026-02-10,25563.27,51126.54,6147.84,0.0,57477.41,159912.79,8528.68,197524.28,7866.41,23998.9,0.0,0.0,0.0,136.0,1262626.252802,631313.126401,Arc welding machine,Shanghai
IMP-2025-0348,SUP-1002,SKU-102,8457100100,8457100100,CNC Vertical Machining Centre VMC-102,South China,Manzanillo,2025-09-27,2025-11-29,2026-01-02,2026-01-04,2026-01-07,2026-01-09,98483.23,295449.69,7212.97,1121.08,303783.74,558640.07,44691.21,990357.12,5028.8,33575.36,0.0,0.0,2.0,104.0,6228336.148356,2076112.049452,CNC machining centre,Shekou
IMP-2025-0349,SUP-1011,SKU-135,8480710100,8480710100,Precision Injection Mould MD-135,East China,Lázaro Cárdenas,2025-09-27,2025-11-27,2025-12-30,2025-12-30,2026-01-08,2026-01-09,3914.78,7829.56,0.0,31.65,7861.21,7240.65,1158.5,24513.93,6065.27,44402.77,0.0,0.0,0.0,104.0,203680.111652,101840.055826,Mould and die,Shanghai
IMP-2025-0350,SUP-1014,SKU-116,8477100100,8477100100,Injection Moulding Machine IMM-116,East China,Veracruz,2025-09-28,2026-01-08,2026-02-15,2026-02-15,2026-02-24,2026-02-25,88586.45,88586.45,7240.08,0.0,96273.69,178567.48,14285.4,316564.42,5855.49,52523.53,0.0,0.0,0.0,150.0,2028612.7957869996,2028612.7957869996,Injection moulding machine,Nantong
IMP-2025-0351,SUP-1003,SKU-113,8456110100,8456110100,Fibre Laser Cutting Machine FL-113,South China,Lázaro Cárdenas,2025-09-28,2025-12-24,2026-01-23,2026-01-31,2026-02-04,2026-02-07,63711.32,127422.64,7013.65,671.61,135107.9,248455.32,19876.43,440461.59,6630.34,47524.8,0.0,0.0,8.0,132.0,2807040.10626,1403520.05313,Laser cutting machine,Nansha
IMP-2025-0352,SUP-1014,SKU-118,8477100100,8477100100,Injection Moulding Machine IMM-118,East China,Manzanillo,2025-09-28,2025-12-23,2026-01-28,2026-01-28,2026-01-31,2026-02-04,28675.39,86026.17,0.0,307.0,86333.17,158761.52,12700.92,281452.42,8539.12,43443.82,0.0,0.0,0.0,129.0,1811060.5763979997,603686.8587993332,Injection moulding machine,Nantong
IMP-2025-0353,SUP-1005,SKU-139,8428330100,8428330100,Modular Belt Conveyor CV-139,South China,Manzanillo,2025-10-01,2025-11-01,2025-12-02,2025-12-10,2025-12-19,2025-12-23,23738.76,71216.28,7137.95,0.0,78758.28,145082.2,11606.58,257201.73,7140.35,36214.74,4729.46,0.0,8.0,83.0,1648152.271676,549384.0905586666,Conveyor system,Shekou
IMP-2025-0354,SUP-1014,SKU-109,8458110100,8458110100,CNC Turning Centre TC-109,East China,Manzanillo,2025-10-01,2025-10-30,2025-12-06,2025-12-06,2025-12-17,2025-12-19,77015.31,308061.24,9511.48,1575.7,319148.42,587909.69,47032.77,1042246.29,6435.93,44628.58,0.0,0.0,0.0,79.0,6565103.844503999,1641275.9611259997,CNC lathe,Nantong
IMP-2025-0355,SUP-1002,SKU-125,8414809900,8414809900,Screw Air Compressor SAC-125,South China,Lázaro Cárdenas,2025-10-01,2025-11-29,2025-12-25,2025-12-25,2025-12-30,2026-01-01,14367.38,43102.14,7884.38,0.0,51151.14,141339.81,7538.12,174582.93,3575.86,54878.14,0.0,0.0,0.0,92.0,1146564.812224,382188.2707413333,Air compressor,Shekou
IMP-2025-0356,SUP-1009,SKU-131,8462910100,8462910100,Hydraulic Press HP-131,East China,Lázaro Cárdenas,2025-10-02,2025-12-08,2026-01-06,2026-01-06,2026-01-12,2026-01-13,71833.59,71833.59,0.0,388.56,72222.15,132812.2,10624.98,235449.47,8844.16,39372.24,0.0,0.0,0.0,103.0,1519775.58521,1519775.58521,Hydraulic press,Ningbo-Zhoushan
IMP-2025-0357,SUP-1012,SKU-103,8457100100,8457100100,CNC Vertical Machining Centre VMC-103,East China,Manzanillo,2025-10-02,2025-12-09,2026-01-12,2026-01-12,2026-01-23,2026-01-24,164775.68,494327.04,6568.2,0.0,500895.24,921116.29,73689.3,1632954.96,5136.89,42384.31,0.0,0.0,0.0,114.0,10253489.716456,3417829.9054853334,CNC machining centre,Shanghai
IMP-2025-0358,SUP-1011,SKU-133,8462910100,8462910100,Hydraulic Press HP-133,East China,Veracruz,2025-10-02,2025-11-30,2026-01-10,2026-01-10,2026-01-18,,90780.07,90780.07,10309.13,532.28,101621.48,186875.8,14950.06,331293.43,7963.46,64927.41,0.0,0.0,0.0,,2143474.774312,2143474.774312,Hydraulic press,Shanghai
IMP-2025-0359,SUP-1014,SKU-112,8456110100,8456110100,Fibre Laser Cutting Machine FL-112,East China,Veracruz,2025-10-04,2025-12-20,2026-01-22,2026-01-22,2026-01-25,2026-01-29,71300.42,213901.26,0.0,888.51,214789.77,394985.5,31598.84,700230.29,7497.13,105216.21,0.0,0.0,0.0,117.0,4489152.676438,1496384.2254793334,Laser cutting machine,Nantong
IMP-2025-0360,SUP-1001,SKU-111,8456110100,8456110100,Fibre Laser Cutting Machine FL-111,South China,Veracruz,2025-10-04,2025-11-24,2026-01-03,2026-01-03,2026-01-11,2026-01-12,43017.11,43017.11,8619.41,148.76,51785.28,95230.02,7618.4,168823.78,5825.25,61252.9,0.0,0.0,0.0,100.0,1122226.798032,1122226.798032,Laser cutting machine,Yantian
IMP-2025-0361,SUP-1014,SKU-104,8457100100,8457100100,CNC Vertical Machining Centre VMC-104,East China,Manzanillo,2025-10-04,2025-12-03,2026-01-04,2026-01-04,2026-01-25,2026-01-27,146785.21,146785.21,6920.67,641.57,154347.45,283835.7,22706.86,503183.93,7310.33,21484.79,0.0,0.0,0.0,115.0,3173694.67703,3173694.67703,CNC machining centre,Nantong
IMP-2025-0362,SUP-1013,SKU-140,8515310100,8515310100,Inverter Arc Welding Power Source AW-140,East China,Lázaro Cárdenas,2025-10-06,2025-12-24,2026-01-27,2026-01-27,2026-01-31,2026-02-02,27352.22,164113.32,9347.13,917.09,174377.54,481004.75,25653.59,594137.07,5165.77,91728.58,0.0,0.0,0.0,119.0,3810251.024076,635041.837346,Arc welding machine,Shanghai
IMP-2025-0363,SUP-1007,SKU-132,8462910100,8462910100,Hydraulic Press HP-132,East China,Manzanillo,2025-10-06,2025-12-15,2026-01-22,2026-01-22,2026-02-10,2026-02-13,31044.33,31044.33,0.0,0.0,31186.86,57350.76,4588.06,101671.44,8034.25,20437.74,0.0,2010.21,0.0,130.0,663307.622102,663307.622102,Hydraulic press,Ningbo-Zhoushan
IMP-2025-0364,SUP-1001,SKU-121,8479500100,8479500100,6-Axis Industrial Robot IR-121,South China,Manzanillo,2025-10-07,2025-12-23,,2026-02-25,2026-03-06,2026-03-09,61194.12,183582.36,5987.51,0.0,190440.2,176613.29,28258.13,597941.95,4711.03,32165.68,40238.9,0.0,,153.0,3798110.0217729993,1266036.6739243332,Industrial robot,Yantian
IMP-2025-0365,SUP-1002,SKU-102,8457100100,8457100100,CNC Vertical Machining Centre VMC-102,South China,Manzanillo,2025-10-07,2025-12-03,2026-01-04,2026-01-09,2026-01-12,2026-01-16,91435.5,365742.0,0.0,0.0,367263.27,675375.12,54030.01,1197305.01,9156.96,40726.48,0.0,0.0,5.0,101.0,7505064.504799999,1876266.1261999998,CNC machining centre,Shekou
IMP-2025-0366,SUP-1004,SKU-142,8515310100,8515310100,Inverter Arc Welding Power Source AW-142,South China,Manzanillo,2025-10-07,2025-12-19,2026-01-16,2026-01-16,2026-01-22,2026-01-25,7653.6,7653.6,6686.73,26.3,14366.63,39629.06,2113.55,48949.81,8479.79,26499.76,0.0,0.0,0.0,110.0,340915.865722,340915.865722,Arc welding machine,Yantian
IMP-2025-0367,SUP-1002,SKU-102,8457100100,8457100100,CNC Vertical Machining Centre VMC-102,South China,Manzanillo,2025-10-08,2025-12-05,2026-01-08,2026-01-08,2026-01-10,2026-01-13,92799.77,185599.54,7295.67,0.0,193876.69,356527.6,28522.21,632052.13,5096.45,27113.58,0.0,0.0,0.0,97.0,3964487.014774,1982243.507387,CNC machining centre,Shekou
IMP-2025-0368,SUP-1002,SKU-106,8458110100,8458110100,CNC Turning Centre TC-106,South China,Lázaro Cárdenas,2025-10-08,2025-12-17,2026-01-19,2026-01-19,2026-01-26,2026-01-28,83446.45,166892.9,5479.8,0.0,173244.16,318585.62,25486.85,564788.58,3775.55,44170.23,0.0,0.0,0.0,112.0,3561848.7793799993,1780924.3896899996,CNC lathe,Shekou
IMP-2025-0369,SUP-1007,SKU-113,8456110100,8456110100,Fibre Laser Cutting Machine FL-113,East China,Lazaro Cardenas,2025-10-10,2026-01-06,2026-02-03,2026-02-03,2026-02-09,2026-02-12,63995.95,191987.85,0.0,0.0,192758.86,357527.21,28602.18,633824.23,5997.09,69408.67,0.0,0.0,0.0,125.0,4022506.5930149998,1340835.531005,Laser cutting machine,Ningbo-Zhoushan
IMP-2025-0370,SUP-1012,SKU-108,8458110100,8458110100,CNC Turning Centre TC-108,East China,Manzanillo,2025-10-11,2025-12-02,2026-01-09,2026-02-12,2026-02-20,2026-02-24,113987.88,113987.88,0.0,351.51,114339.39,212075.56,16966.04,375967.55,8971.94,21265.42,0.0,0.0,34.0,136.0,2380034.5317809996,2380034.5317809996,CNC lathe,Shanghai
IMP-2025-0371,SUP-1007,SKU-132,8462910100,8462910100,Hydraulic Press HP-132,East China,Manzanillo,2025-10-12,2025-12-24,2026-01-23,2026-01-23,2026-01-28,2026-01-29,29416.35,29416.35,0.0,138.82,29555.17,54350.18,4348.01,96352.01,6658.76,17323.74,0.0,0.0,0.0,109.0,626182.5331979999,626182.5331979999,Hydraulic press,Ningbo-Zhoushan
IMP-2025-0372,SUP-1008,SKU-112,8456110100,8456110100,Fibre Laser Cutting Machine FL-112,East China,Manzanillo,2025-10-12,2025-12-18,2026-01-21,2026-01-21,2026-01-23,2026-01-24,71836.07,71836.07,6915.15,0.0,79108.27,145475.36,11638.03,257898.72,8211.13,25133.54,0.0,0.0,0.0,104.0,1638645.745068,1638645.745068,Laser cutting machine,Wenzhou
IMP-2025-0373,SUP-1005,SKU-119,8479500100,8479500100,6-Axis Industrial Robot IR-119,South China,Manzanillo,2025-10-13,2026-01-05,2026-02-02,2026-02-02,2026-02-05,2026-02-07,46538.57,46538.57,0.0,215.89,46754.46,43359.85,6937.58,146799.12,7926.17,17526.89,0.0,0.0,0.0,117.0,942947.5386339999,942947.5386339999,Industrial robot,Shekou
IMP-2025-0374,SUP-1013,SKU-122,8414809900,8414809900,Screw Air Compressor SAC-122,East China,Manzanillo,2025-10-15,2026-01-12,2026-02-14,2026-02-14,2026-02-18,2026-02-22,25067.03,100268.12,6353.96,0.0,106929.97,297498.96,15866.61,367470.71,8917.33,42699.14,0.0,0.0,0.0,130.0,2342597.717632,585649.429408,Air compressor,Shanghai
IMP-2025-0375,SUP-1010,SKU-110,8456110100,8456110100,Fibre Laser Cutting Machine FL-110,East China,Manzanillo,2025-10-16,2025-12-02,2026-01-06,2026-01-06,2026-01-08,2026-01-11,18662.32,18662.32,0.0,95.25,18757.57,34494.05,2759.52,61151.04,5969.8,23275.42,0.0,0.0,0.0,87.0,411439.2477579999,411439.2477579999,Laser cutting machine,Taizhou
IMP-2025-0376,SUP-1014,SKU-116,8477100100,8477100100,Injection Moulding Machine IMM-116,East China,Manzanillo,2025-10-16,2025-12-31,2026-02-05,2026-02-05,,2026-02-11,79061.66,158123.32,0.0,487.09,158610.41,294189.0,23535.12,521538.26,8059.87,34853.37,0.0,0.0,0.0,118.0,3302527.383639,1651263.6918195,Injection moulding machine,Nantong
IMP-2025-0377,SUP-1007,SKU-132,8462910100,8462910100,Hydraulic Press HP-132,East China,Manzanillo,2025-10-17,2026-01-10,2026-02-13,2026-02-13,2026-02-28,2026-03-04,30961.39,92884.17,5783.81,0.0,98667.98,183008.38,14640.67,324437.26,6395.74,36391.0,0.0,0.0,0.0,138.0,2070519.616242,690173.205414,Hydraulic press,Ningbo-Zhoushan
IMP-2025-0378,SUP-1003,SKU-113,8456110100,8456110100,Fibre Laser Cutting Machine FL-113,South China,Manzanillo,2025-10-18,2026-01-05,2026-02-02,2026-02-28,2026-03-07,2026-03-09,60866.93,243467.72,7749.99,0.0,252206.57,467790.22,37423.22,829298.51,8979.54,55237.73,33288.89,0.0,26.0,142.0,5262280.563308999,1315570.1408272497,Laser cutting machine,Nansha
IMP-2025-0379,SUP-1006,SKU-119,8479500100,8479500100,6-Axis Industrial Robot IR-119,East China,Manzanillo,2025-10-20,2026-01-05,2026-02-11,2026-03-09,2026-03-11,2026-03-13,50790.36,203161.44,9199.37,0.0,212360.81,196763.97,31482.24,666164.1,6522.82,53847.25,0.0,0.0,26.0,144.0,4223895.686191,1055973.92154775,Industrial robot,Ningbo-Zhoushan
IMP-2025-0380,SUP-1002,SKU-123,8414809900,8414809900,Screw Air Compressor SAC-123,South China,Manzanillo,2025-10-20,2026-01-14,2026-02-19,2026-02-19,2026-02-25,2026-02-28,19269.08,19269.08,5238.74,0.0,24574.18,68369.91,3646.4,84450.52,3569.65,18033.95,0.0,0.0,0.0,131.0,548188.5045779999,548188.5045779999,Air compressor,Shekou
IMP-2025-0381,SUP-1011,SKU-136,8480710100,8480710100,Precision Injection Mould MD-136,East China,Manzanillo,2025-10-21,2025-12-11,2026-01-18,2026-01-19,2026-01-24,2026-01-25,18520.26,18520.26,6128.51,0.0,24715.29,22724.97,3635.99,76937.65,5410.41,22954.09,0.0,0.0,1.0,96.0,508001.5510379999,508001.5510379999,Mould and die,Shanghai
IMP-2025-0382,SUP-1004,SKU-111,8456110100,8456110100,Fibre Laser Cutting Machine FL-111,South China,Manzanillo,2025-10-23,2025-12-16,2026-01-12,2026-01-12,2026-02-02,2026-01-29,43860.61,131581.83,0.0,499.45,132081.28,242889.55,19431.16,430594.59,7106.02,44244.17,0.0,10114.13,,,2752680.5204319996,917560.1734773332,Laser cutting machine,Yantian
IMP-2025-0383,SUP-1006,SKU-129,8422309900,8422309900,Automatic Filling & Sealing Line PFS-129,East China,Lázaro Cárdenas,2025-10-24,2026-01-05,2026-02-09,2026-02-09,2026-02-17,2026-02-21,39887.3,39887.3,7424.35,139.24,47450.89,88011.44,7040.91,156026.67,6598.38,33627.72,0.0,0.0,0.0,120.0,1015392.8126309998,1015392.8126309998,Packaging machine,Ningbo-Zhoushan
IMP-2025-0384,SUP-1014,SKU-106,8458110100,8458110100,CNC Turning Centre TC-106,East China,Manzanillo,2025-11-01,2026-01-11,2026-02-09,2026-02-09,2026-02-15,2026-02-17,91509.88,366039.52,8884.3,1505.0,376428.82,698196.41,55855.71,1237762.6,6087.24,53455.94,0.0,0.0,0.0,108.0,7795559.410478,1948889.8526195,CNC lathe,Nantong
IMP-2025-0385,SUP-1005,SKU-139,8428330100,8428330100,Modular Belt Conveyor CV-139,South China,Manzanillo,2025-11-01,2025-12-19,2026-01-24,2026-01-24,2026-01-27,2026-01-28,21740.19,65220.57,0.0,0.0,73537.99,135231.95,10818.56,239739.2,4351.95,44101.01,0.0,0.0,0.0,88.0,1393870.6199579998,464623.53998599993,Conveyor system,Shekou
IMP-2025-0386,SUP-1014,SKU-116,8477100100,8477100100,Injection Moulding Machine IMM-116,East China,"MANZANILLO, COL",2025-11-01,2026-01-18,2026-02-17,2026-02-17,2026-02-19,2026-02-21,81825.79,81825.79,7094.12,436.72,89356.63,165737.78,13259.02,293819.94,8232.51,19138.51,0.0,0.0,0.0,112.0,1863745.6575769999,1863745.6575769999,Injection moulding machine,Nantong
IMP-2025-0387,SUP-1014,SKU-116,8477100100,8477100100,Injection Moulding Machine IMM-116,East China,Manzanillo,2025-11-02,2026-01-18,2026-02-23,2026-02-23,2026-02-25,2026-03-01,84828.22,169656.44,0.0,0.0,170296.52,315864.28,25269.14,559964.2,5140.41,34682.4,0.0,0.0,0.0,119.0,3527726.9134759996,1763863.4567379998,Injection moulding machine,Nantong
IMP-2025-0388,SUP-1007,SKU-141,8515310100,8515310100,Inverter Arc Welding Power Source AW-141,East China,Manzanillo,2025-11-03,2025-12-25,2026-01-29,2026-01-29,2026-02-03,2026-02-07,27932.17,27932.17,8725.58,0.0,36761.7,101403.84,5408.2,125254.02,4664.25,21129.06,0.0,0.0,0.0,96.0,806719.3778499999,806719.3778499999,Arc welding machine,Ningbo-Zhoushan
IMP-2025-0389,SUP-1010,SKU-110,8456110100,8456110100,Fibre Laser Cutting Machine FL-110,East China,Manzanillo,2025-11-04,2025-12-24,2026-01-30,2026-02-01,2026-02-05,2026-02-07,19614.27,39228.54,6334.16,208.66,45771.36,84896.26,6791.7,150504.09,5339.23,32108.83,0.0,0.0,2.0,95.0,978098.628144,489049.314072,Laser cutting machine,Taizhou
IMP-2025-0390,SUP-1001,SKU-111,8456110100,8456110100,Fibre Laser Cutting Machine FL-111,South China,Manzanillo,2025-11-05,2025-12-31,2026-02-03,2025-12-15,2026-02-07,2026-02-08,47315.48,189261.92,10436.6,921.54,200620.06,372108.08,29768.65,659673.21,4436.9,36309.88,0.0,0.0,,,4163704.3208740004,1040926.0802185001,Laser cutting machine,Yantian
IMP-2025-0391,SUP-1001,SKU-109,8458110100,8458110100,CNC Turning Centre TC-109,South China,Manzanillo,2025-11-05,2025-12-18,2026-01-19,2026-01-19,2026-01-22,2026-01-23,79963.14,79963.14,5725.37,0.0,86134.07,158395.39,12671.63,280803.34,5848.29,21394.06,0.0,0.0,0.0,79.0,1774069.6557939998,1774069.6557939998,CNC lathe,Yantian
IMP-2025-0392,SUP-1006,SKU-119,8479500100,8479500100,6-Axis Industrial Robot IR-119,East China,Manzanillo,2025-11-05,2026-01-08,2026-02-08,2026-02-08,2026-02-15,2026-02-17,47159.62,47159.62,7313.69,206.4,54679.71,50709.69,8113.55,171682.73,6626.9,22563.15,0.0,0.0,0.0,104.0,1102207.083109,1102207.083109,Industrial robot,Ningbo-Zhoushan
IMP-2025-0393,SUP-1099,SKU-108,8458110100,8458110100,CNC Turning Centre TC-108,,Manzanillo,2025-11-07,2025-12-20,2026-01-27,2026-01-27,2026-01-30,2026-01-31,114570.38,458281.52,6827.5,0.0,466875.52,858556.07,68684.49,1522048.2,6044.88,47223.8,0.0,0.0,0.0,85.0,9533585.052388,2383396.263097,CNC lathe,Shanghai
IMP-2025-0394,SUP-1012,SKU-108,8458110100,8458110100,CNC Turning Centre TC-108,East China,Manzanillo,2025-11-06,2025-12-28,2026-02-02,2026-02-02,2026-02-10,2026-02-07,113720.22,113720.22,8380.08,0.0,122547.31,227299.53,18183.96,402956.6,8490.55,17180.56,0.0,0.0,,,2535858.7543699997,2535858.7543699997,CNC lathe,Shanghai
IMP-2025-0395,SUP-1006,SKU-101,8457100100,8457100100,CNC Vertical Machining Centre VMC-101,East China,Manzanillo,2025-11-08,2025-12-30,2026-02-05,2026-02-07,2026-02-16,2026-02-18,162539.57,325079.14,0.0,0.0,333242.65,618095.13,49447.61,1095759.05,6926.62,32270.52,0.0,0.0,2.0,102.0,6736275.260806,3368137.630403,CNC machining centre,Ningbo-Zhoushan
IMP-2025-0396,SUP-1011,SKU-115,8477100100,8477100100,Injection Moulding Machine IMM-115,East China,Manzanillo,2025-11-09,2026-01-17,2026-02-15,2026-03-05,2026-03-11,2026-03-15,41993.31,125979.93,8266.04,580.14,134826.11,249847.61,19987.81,442929.85,7303.35,34402.17,30904.02,0.0,18.0,126.0,2840921.087021,946973.6956736668,Injection moulding machine,Shanghai
IMP-2025-0397,SUP-1012,SKU-142,8515310100,8515310100,Inverter Arc Welding Power Source AW-142,East China,Manzanillo,2025-11-09,2026-01-03,2026-02-01,2026-02-01,2026-02-17,2026-02-21,7499.83,7499.83,5672.75,33.5,13206.08,36741.76,1959.56,45383.42,3517.83,20476.55,0.0,2785.9,0.0,104.0,310426.651232,310426.651232,Arc welding machine,Shanghai
IMP-2025-0398,SUP-1013,SKU-137,8428330100,8428330100,Modular Belt Conveyor CV-137,East China,Manzanillo,2025-11-09,2025-12-09,2026-01-07,2026-01-07,2026-01-12,2026-01-14,32994.07,32994.07,8298.73,0.0,41411.2,76152.71,6092.22,135003.53,4780.99,24289.18,0.0,0.0,0.0,66.0,870664.91632,870664.91632,Conveyor system,Shanghai
IMP-2025-0399,SUP-1003,SKU-123,8414809900,8414809900,Screw Air Compressor SAC-123,South China,Manzanillo,2025-11-10,2026-01-20,2026-02-17,2026-02-17,2026-03-11,2026-03-13,18012.78,36025.56,5712.53,110.34,41848.43,116430.07,6209.6,143814.43,6181.16,29881.27,0.0,0.0,0.0,123.0,934902.5947969998,467451.2973984999,Air compressor,Nansha
IMP-2025-0400,SUP-1013,SKU-139,8428330100,8428330100,Modular Belt Conveyor CV-139,East China,Manzanillo,2025-11-11,2025-12-27,2026-01-27,2026-01-27,2026-01-30,2026-01-31,21533.64,21533.64,0.0,81.68,29381.33,54030.5,4322.44,95785.28,5561.97,21183.35,0.0,0.0,0.0,81.0,482591.025608,482591.025608,Conveyor system,Shanghai
IMP-2025-0401,SUP-1014,SKU-104,8457100100,8457100100,CNC Vertical Machining Centre VMC-104,East China,Manzanillo,2025-11-11,2026-01-13,2026-02-17,2026-03-23,2026-03-26,2026-03-27,156739.41,156739.41,5196.58,0.0,162465.34,301066.15,24085.29,533730.06,7123.88,18997.15,13668.69,0.0,34.0,136.0,3365793.1842889995,3365793.1842889995,CNC machining centre,Nantong
IMP-2025-0402,SUP-1002,SKU-106,8458110100,8458110100,CNC Turning Centre TC-106,South China,Veracruz,2025-11-11,2026-01-25,2026-03-07,2026-03-15,2026-03-17,2026-03-21,91559.3,91559.3,6783.29,0.0,98650.4,182810.04,14624.8,324085.64,8323.96,52206.85,22455.34,0.0,8.0,130.0,2102817.359549,2102817.359549,CNC lathe,Shekou
IMP-2025-0403,SUP-1003,SKU-101,8457100100,8457100100,CNC Vertical Machining Centre VMC-101,South China,Manzanillo,2025-11-11,2026-01-07,2026-02-11,2026-03-01,,2026-03-10,153328.68,153328.68,8901.8,0.0,162864.11,301805.11,24144.41,535040.1,6841.27,26916.57,0.0,0.0,18.0,119.0,3366016.6079279995,3366016.6079279995,CNC machining centre,Nansha
IMP-2025-0404,SUP-1014,SKU-104,8457100100,8457100100,CNC Vertical Machining Centre VMC-104,East China,Manzanillo,2025-11-12,2026-01-27,2026-03-05,2026-03-05,2026-03-08,2026-03-12,144321.34,865928.04,9429.18,2694.82,878052.04,1627127.02,130170.16,2884570.77,6568.9,67914.24,0.0,0.0,0.0,120.0,18103050.478444,3017175.0797406663,CNC machining centre,Nantong
IMP-2025-0405,SUP-1099,SKU-140,8515310100,8515310100,Inverter Arc Welding Power Source AW-140,,Manzanillo,2025-11-12,2026-01-25,2026-03-01,2026-03-19,2026-03-21,2026-03-23,28271.92,113087.68,7922.47,341.26,121351.41,337316.27,17990.2,416653.05,5910.91,46837.51,0.0,0.0,18.0,131.0,2656830.0038509998,664207.5009627499,Arc welding machine,Shanghai
IMP-2025-0406,SUP-1006,SKU-119,8479500100,8479500100,6-Axis Industrial Robot IR-119,East China,Manzanillo,2025-11-13,2026-01-19,2026-02-26,2026-02-26,2026-03-07,2026-03-09,49716.48,149149.44,9432.3,0.0,159188.75,147630.85,23620.94,499819.01,6135.82,31599.02,0.0,0.0,0.0,116.0,3150344.8853459996,1050114.9617819998,Industrial robot,Ningbo-Zhoushan
IMP-2025-0407,SUP-1014,SKU-134,8480710100,8480710100,Precision Injection Mould MD-134,East China,Manzanillo,2025-11-13,2026-01-06,2026-02-07,2026-02-07,2026-02-11,2026-02-13,7655.32,7655.32,6906.83,0.0,14562.15,13504.87,2160.78,45722.07,8438.5,25129.82,0.0,0.0,0.0,92.0,319331.271985,319331.271985,Mould and die,Nantong
IMP-2025-0408,SUP-1001,SKU-114,8477100100,8477100100,Injection Moulding Machine IMM-114,South China,"Manzanillo, Colima",2025-11-14,2026-02-21,2026-03-26,2026-03-28,2026-04-06,2026-04-09,69438.51,138877.02,8317.02,614.35,147808.39,273905.21,21912.42,485579.15,8431.09,31457.63,0.0,0.0,2.0,146.0,3074758.4059289997,1537379.2029644998,Injection moulding machine,Yantian
IMP-2025-0409,SUP-1009,SKU-136,8480710100,8480710100,Precision Injection Mould MD-136,East China,Manzanillo,2025-11-14,2026-01-01,2026-01-29,2026-01-29,2026-02-20,2026-02-21,18808.6,56425.8,5519.75,0.0,62132.91,57129.35,9140.7,193417.12,5444.44,45327.67,0.0,0.0,0.0,99.0,1256183.6571699998,418727.8857233333,Mould and die,Ningbo-Zhoushan
IMP-2025-0410,SUP-1011,SKU-135,8480710100,8480710100,Precision Injection Mould MD-135,East China,Veracruz,2025-11-15,2026-01-14,2026-02-19,2026-02-19,2026-02-28,2026-03-02,4190.11,8380.22,7830.41,38.51,16249.14,15069.37,2411.1,51018.86,8989.41,66463.85,0.0,0.0,0.0,107.0,394321.153806,197160.576903,Mould and die,Shanghai
IMP-2025-0411,SUP-1002,SKU-106,8458110100,8458110100,CNC Turning Centre TC-106,South China,Manzanillo,2025-11-16,2026-01-21,2026-02-27,2026-02-27,2026-03-03,,88143.53,88143.53,0.0,310.23,88453.76,164063.15,13125.05,290851.15,6721.15,25224.0,0.0,0.0,0.0,,1849764.8451039996,1849764.8451039996,CNC lathe,Shekou
IMP-2025-0412,SUP-1014,SKU-116,8477100100,8477100100,Injection Moulding Machine IMM-116,East China,Manzanillo,2025-11-19,2026-01-28,2026-02-25,2026-03-05,2026-03-11,2026-03-15,85992.16,343968.64,7827.28,0.0,353620.2,655297.13,52423.77,1161710.75,3839.46,40860.07,0.0,0.0,8.0,116.0,7271585.803112,1817896.450778,Injection moulding machine,Nantong
IMP-2025-0413,SUP-1001,SKU-111,8456110100,8456110100,Fibre Laser Cutting Machine FL-111,South China,Manzanillo,2025-11-17,2026-01-05,2026-02-10,2026-02-10,2026-02-19,2026-02-20,45757.34,91514.68,9269.87,473.75,101258.3,187812.88,15025.03,332954.68,7621.83,28834.45,0.0,0.0,0.0,95.0,2117423.01257,1058711.506285,Laser cutting machine,Yantian
IMP-2025-0414,SUP-1002,SKU-140,8515310100,8515310100,Inverter Arc Welding Power Source AW-140,South China,Lázaro Cárdenas,2025-11-17,2026-02-07,2026-03-08,2026-03-08,2026-03-17,2026-03-18,26489.67,26489.67,0.0,110.04,26599.71,73938.28,3943.38,91328.57,8037.76,35987.97,0.0,0.0,0.0,121.0,614829.2759809999,614829.2759809999,Arc welding machine,Shekou
IMP-2025-0415,SUP-1009,SKU-131,8462910100,8462910100,Hydraulic Press HP-131,East China,Manzanillo,2025-11-18,2026-01-25,2026-03-02,2026-03-02,2026-03-11,2026-03-12,74939.21,74939.21,5733.69,0.0,80672.9,149495.76,11959.66,265026.08,8800.15,20544.99,0.0,0.0,0.0,114.0,1685758.1371900002,1685758.1371900002,Hydraulic press,Ningbo-Zhoushan
IMP-2025-0416,SUP-1009,SKU-133,8462910100,8462910100,Hydraulic Press HP-133,East China,Lázaro Cárdenas,2025-11-18,2026-01-16,2026-02-18,2026-02-18,2026-03-11,2026-03-14,100189.56,100189.56,8042.0,0.0,108584.65,201401.72,16112.14,357044.97,4948.67,38820.22,0.0,0.0,0.0,116.0,2268750.9017239995,2268750.9017239995,Hydraulic press,Ningbo-Zhoushan
IMP-2025-0417,SUP-1011,SKU-135,8480710100,8480710100,Precision Injection Mould MD-135,East China,Manzanillo,2025-11-19,2026-01-21,2026-02-23,2026-02-23,2026-02-25,2026-02-28,3982.39,7964.78,0.0,0.0,8005.32,7424.09,1187.85,25135.01,3928.23,29376.29,0.0,0.0,0.0,101.0,189646.40296199996,94823.20148099998,Mould and die,Shanghai
IMP-2025-0418,SUP-1001,SKU-111,8456110100,8456110100,Fibre Laser Cutting Machine FL-111,South China,Lázaro Cárdenas,2025-11-19,2025-12-31,2026-02-03,2026-02-07,2026-02-12,2026-02-16,42616.6,42616.6,0.0,0.0,49777.91,92327.57,7386.21,163678.32,4571.67,38327.2,0.0,0.0,4.0,89.0,933061.08514,933061.08514,Laser cutting machine,Yantian
IMP-2025-0419,SUP-1013,SKU-124,8414809900,8414809900,Screw Air Compressor SAC-124,East China,Manzanillo,2025-11-19,2026-02-13,2026-03-16,2026-03-16,2026-03-20,2026-03-23,7493.44,14986.88,0.0,0.0,15070.38,41890.61,2234.17,51743.28,6904.81,31669.85,0.0,0.0,0.0,124.0,360422.81196799997,180211.40598399998,Air compressor,Shanghai
IMP-2025-0420,SUP-1003,SKU-113,8456110100,8456110100,Fibre Laser Cutting Machine FL-113,South China,Veracruz,2025-11-19,2026-02-13,2026-03-24,2026-04-19,2026-04-21,2026-04-22,61998.58,247994.32,7458.04,0.0,256700.11,474697.54,37975.8,841543.81,4095.92,113942.29,34252.46,0.0,26.0,154.0,5388865.6868280005,1347216.4217070001,Laser cutting machine,Nansha
IMP-2025-0421,SUP-1009,SKU-124,8414809900,8414809900,Screw Air Compressor SAC-124,East China,Manzanillo,2025-11-20,2026-02-16,2026-03-22,2026-03-22,2026-04-05,2026-04-09,7655.42,7655.42,7185.22,0.0,14840.64,41252.01,2200.11,50954.48,9116.47,19168.94,0.0,8300.32,0.0,140.0,355051.233904,355051.233904,Air compressor,Ningbo-Zhoushan
IMP-2025-0422,SUP-1003,SKU-136,8480710100,8480710100,Precision Injection Mould MD-136,South China,Manzanillo,2025-11-20,2026-01-14,2026-02-18,2026-02-18,2026-02-22,2026-02-23,19773.95,79095.8,0.0,0.0,79540.85,73765.79,11802.53,249741.45,7738.8,45475.84,0.0,0.0,0.0,95.0,1605843.9488199998,401460.98720499995,Mould and die,Nansha
IMP-2025-0423,SUP-1007,SKU-123,8414809900,8414809900,Screw Air Compressor SAC-123,East China,Lázaro Cárdenas,2025-11-21,2026-02-05,2026-03-12,2026-03-12,2026-03-19,2026-03-22,18035.52,18035.52,8344.08,86.41,26466.01,73566.64,3923.55,90869.52,4969.05,30296.12,0.0,0.0,0.0,121.0,603199.6379109999,603199.6379109999,Air compressor,Ningbo-Zhoushan
IMP-2025-0424,SUP-1003,SKU-138,8428330100,8428330100,Modular Belt Conveyor CV-138,South China,Manzanillo,2025-11-21,2026-01-19,2026-02-18,2026-02-18,2026-02-27,2026-03-01,11703.02,35109.06,7058.81,163.31,42331.18,78515.45,6281.24,139192.19,3971.19,31780.22,0.0,0.0,0.0,100.0,905702.5935219998,301900.86450733326,Conveyor system,Nansha
IMP-2025-0425,SUP-1003,SKU-105,8457100100,8457100100,CNC Vertical Machining Centre VMC-105,South China,Manzanillo,2025-11-22,2026-01-28,2026-03-06,2026-03-06,2026-03-14,2026-03-15,170823.64,683294.56,0.0,3410.25,686704.81,1272539.55,101803.16,2255958.12,4558.73,50826.66,0.0,0.0,0.0,113.0,14155123.604590999,3538780.9011477497,CNC machining centre,Nansha
IMP-2025-0426,SUP-1005,SKU-117,8477100100,8477100100,Injection Moulding Machine IMM-117,South China,Manzanillo,2025-11-22,2026-02-11,2026-03-14,2026-03-19,2026-03-25,2026-03-28,31784.88,31784.88,5944.44,0.0,37861.87,70162.21,5612.98,124383.57,7013.01,26369.73,0.0,0.0,5.0,126.0,808323.7318519999,808323.7318519999,Injection moulding machine,Shekou
IMP-2025-0427,SUP-1007,SKU-130,8462910100,8462910100,Hydraulic Press HP-130,East China,Manzanillo,2025-11-23,2026-01-22,2026-02-22,2026-02-22,2026-02-24,2026-02-28,80117.45,160234.9,6348.83,0.0,167097.27,309930.35,24794.43,549444.52,3819.34,34732.96,0.0,0.0,0.0,97.0,3463055.4456669996,1731527.7228334998,Hydraulic press,Ningbo-Zhoushan
IMP-2025-0428,SUP-1003,SKU-139,8428330100,8428330100,Modular Belt Conveyor CV-139,South China,Manzanillo,2025-11-24,2025-12-25,2026-01-24,2026-01-27,2026-02-05,2026-02-09,22814.27,68442.81,6948.01,0.0,75699.35,139206.56,11136.53,246785.39,8741.24,30295.33,0.0,0.0,3.0,77.0,1575771.6053079998,525257.2017693332,Conveyor system,Nansha
IMP-2025-0429,SUP-1008,SKU-126,8422309900,8422309900,Automatic Filling & Sealing Line PFS-126,East China,Manzanillo,2025-11-26,2026-02-19,2026-03-27,2026-04-22,2026-04-27,2026-04-28,31915.41,31915.41,0.0,0.0,40043.59,74049.81,5923.98,131275.5,4634.79,19911.85,0.0,0.0,26.0,153.0,694709.7663430001,694709.7663430001,Packaging machine,Wenzhou
IMP-2025-0430,SUP-1003,SKU-133,8462910100,8462910100,Hydraulic Press HP-133,South China,Manzanillo,2025-11-26,2026-02-05,2026-03-07,2026-03-07,2026-03-11,2026-03-12,92445.6,184891.2,0.0,0.0,185785.95,344281.8,27542.54,610342.78,8275.58,25860.28,0.0,0.0,0.0,106.0,3832197.5163199995,1916098.7581599997,Hydraulic press,Nansha
IMP-2025-0431,SUP-1009,SKU-131,8462910100,8462910100,Hydraulic Press HP-131,East China,Manzanillo,2025-11-26,2026-01-26,2026-02-24,2026-02-24,2026-02-26,2026-03-02,80713.64,242140.92,7145.86,1078.74,250365.52,464375.46,37150.04,823244.82,6413.74,33770.21,0.0,0.0,0.0,96.0,5185464.078408,1728488.026136,Hydraulic press,Ningbo-Zhoushan
IMP-2025-0432,SUP-1007,SKU-115,8477100100,8477100100,Injection Moulding Machine IMM-115,East China,Manzanillo,2025-11-27,2026-02-06,2026-03-07,2026-03-07,2026-03-11,2026-03-13,40131.36,80262.72,0.0,0.0,86745.37,160748.71,12859.9,284975.32,4321.76,25656.58,0.0,0.0,0.0,106.0,1690943.4405919998,845471.7202959999,Injection moulding machine,Ningbo-Zhoushan
IMP-2025-0433,SUP-1001,SKU-128,8422309900,8422309900,Automatic Filling & Sealing Line PFS-128,South China,Manzanillo,2025-12-02,2026-02-25,2026-04-02,2026-04-02,2026-04-04,2026-04-05,52348.05,52348.05,0.0,163.17,52511.22,97105.32,7768.43,172148.32,4556.22,22212.11,0.0,0.0,0.0,124.0,1102695.313606,1102695.313606,Packaging machine,Yantian
IMP-2025-0434,SUP-1011,SKU-127,8422309900,8422309900,Automatic Filling & Sealing Line PFS-127,East China,Manzanillo,2025-12-03,2026-03-09,2026-04-05,2026-04-06,2026-04-13,2026-04-17,55859.82,55859.82,7556.23,0.0,63634.24,117674.35,9413.95,208613.08,6387.98,26041.5,0.0,0.0,1.0,135.0,1332226.4014150002,1332226.4014150002,Packaging machine,Shanghai
IMP-2025-0435,SUP-1002,SKU-124,8414809900,8414809900,Screw Air Compressor SAC-124,South China,Manzanillo,2025-12-03,2026-03-09,2026-04-06,2026-04-06,,2026-04-28,8008.33,8008.33,6053.89,0.0,14108.34,39134.35,2087.17,48338.75,3736.69,20326.88,0.0,0.0,0.0,146.0,325327.88090600003,325327.88090600003,Air compressor,Shekou
IMP-2025-0436,SUP-1006,SKU-101,8457100100,8457100100,CNC Vertical Machining Centre VMC-101,East China,Manzanillo,2025-12-03,2026-02-05,2026-03-05,2026-03-05,2026-03-08,2026-03-10,161134.89,161134.89,5309.07,876.57,167320.53,310063.35,24805.07,549680.3,4968.52,18719.52,0.0,0.0,0.0,97.0,3459189.9334830004,3459189.9334830004,CNC machining centre,Ningbo-Zhoushan
IMP-2025-0437,SUP-1012,SKU-108,8458110100,8458110100,CNC Turning Centre TC-108,East China,Manzanillo,2025-12-04,2026-02-03,2026-03-12,2026-03-20,2026-03-29,2026-03-30,110274.13,441096.52,9282.81,1962.0,452341.33,838238.24,67059.06,1486028.76,3621.86,36315.96,13987.44,0.0,8.0,116.0,9341604.980363,2335401.24509075,CNC lathe,Shanghai
IMP-2025-0438,SUP-1012,SKU-119,8479500100,8479500100,6-Axis Industrial Robot IR-119,East China,Manzanillo,2025-12-04,2026-03-01,2026-04-01,2026-04-01,2026-04-23,2026-04-24,49020.49,49020.49,8451.27,255.96,57727.72,53375.92,8540.15,180709.5,4581.43,19232.46,0.0,0.0,0.0,141.0,1153248.2765559999,1153248.2765559999,Industrial robot,Shanghai
IMP-2025-0439,SUP-1012,SKU-141,8515310100,8515310100,Inverter Arc Welding Power Source AW-141,East China,"MANZANILLO, COL",2025-12-05,2026-02-17,2026-03-27,2026-03-28,2026-04-05,2026-04-06,7065.58,7065.58,0.0,22.39,7087.97,19702.18,1050.78,24336.14,5539.35,19689.26,0.0,0.0,1.0,122.0,177329.45086699998,177329.45086699998,Arc welding machine,Shanghai
IMP-2025-0440,SUP-1002,SKU-124,8414809900,8414809900,Screw Air Compressor SAC-124,South China,Lázaro Cárdenas,2025-12-05,2026-03-16,2026-04-13,2026-04-16,2026-04-22,2026-04-26,7428.75,14857.5,7621.0,79.42,22557.92,62572.17,3337.18,77289.15,5301.59,39188.08,0.0,0.0,3.0,142.0,527546.8440159999,263773.42200799996,Air compressor,Shekou
IMP-2025-0441,SUP-1014,SKU-134,8480710100,8480710100,Precision Injection Mould MD-134,East China,Manzanillo,2025-12-05,2026-02-16,2026-03-19,2026-03-19,2026-03-27,2026-03-28,7171.73,28686.92,8043.79,151.5,36882.21,34173.4,5467.74,115697.45,5845.67,42068.16,0.0,0.0,0.0,113.0,771022.8917309999,192755.72293274998,Mould and die,Nantong
IMP-2025-0442,SUP-1099,SKU-131,8462910100,8462910100,Hydraulic Press HP-131,,Veracruz,2025-12-05,2026-02-23,2026-04-01,2026-04-01,2026-04-06,2026-04-10,76228.17,457369.02,9598.55,0.0,469674.13,868535.49,69482.84,1539739.72,9004.6,144502.88,0.0,0.0,0.0,126.0,9726830.204711001,1621138.3674518336,Hydraulic press,Ningbo-Zhoushan
IMP-2025-0443,SUP-1005,SKU-139,8428330100,8428330100,Modular Belt Conveyor CV-139,South China,Manzanillo,2025-12-07,2026-01-20,2026-02-22,2026-02-22,2026-02-25,2026-02-27,21510.75,21510.75,7932.95,0.0,29512.7,54739.86,4379.19,97042.83,4609.95,24622.97,0.0,0.0,0.0,82.0,634470.7732299999,634470.7732299999,Conveyor system,Shekou
IMP-2025-0444,SUP-1008,SKU-112,8456110100,8456110100,Fibre Laser Cutting Machine FL-112,East China,Manzanillo,2025-12-07,2026-03-03,2026-04-09,2026-04-10,2026-04-24,2026-04-28,71954.0,143908.0,6663.66,579.94,151151.6,279514.07,22361.13,495522.55,7953.68,26248.76,0.0,0.0,1.0,142.0,3131218.3726800005,1565609.1863400002,Laser cutting machine,Wenzhou
IMP-2025-0445,SUP-1013,SKU-133,,8462910100,Hydraulic Press HP-133,East China,Veracruz,2025-12-08,2026-03-11,2026-04-20,2026-04-20,2026-04-27,2026-04-29,90033.4,90033.4,0.0,0.0,90342.34,167063.77,13365.1,296170.64,6198.2,65617.19,0.0,0.0,0.0,142.0,1917168.90282,1917168.90282,Hydraulic press,Shanghai
IMP-2025-0446,SUP-1012,SKU-142,8515310100,8515310100,Inverter Arc Welding Power Source AW-142,East China,Manzanillo,2025-12-09,2026-03-01,2026-04-01,2026-04-01,2026-04-06,2026-04-07,6806.34,27225.36,9576.14,0.0,36938.3,102461.12,5464.59,126559.97,6574.52,43436.34,0.0,0.0,0.0,119.0,838480.94845,209620.2371125,Arc welding machine,Shanghai
IMP-2025-0447,SUP-1011,SKU-127,8422309900,8422309900,Automatic Filling & Sealing Line PFS-127,East China,Manzanillo,2025-12-10,2026-03-12,2026-04-13,2026-04-13,2026-04-18,2026-04-22,55235.89,55235.89,5177.77,0.0,60722.45,112289.78,8983.18,199067.32,7860.08,22395.34,0.0,0.0,0.0,133.0,1268715.9048180003,1268715.9048180003,Packaging machine,Shanghai
IMP-2025-0448,SUP-1002,SKU-107,8458110100,8458110100,CNC Turning Centre TC-107,South China,Lázaro Cárdenas,2025-12-10,2026-02-01,2026-02-27,2026-02-27,2026-03-02,2026-03-05,46056.2,46056.2,5365.87,0.0,51618.45,95741.38,7659.31,169730.33,6058.51,39324.7,0.0,0.0,0.0,85.0,1102555.312153,1102555.312153,CNC lathe,Shekou
IMP-2025-0449,SUP-1004,SKU-112,8456110100,8456110100,Fibre Laser Cutting Machine FL-112,South China,Manzanillo,2025-12-11,2026-02-28,2026-04-03,2026-04-03,2026-04-09,2026-04-11,71587.08,429522.48,8208.06,1969.77,439700.31,813107.0,65048.56,1441476.1,6770.45,63629.62,0.0,0.0,0.0,121.0,9079625.672613,1513270.9454355,Laser cutting machine,Yantian
IMP-2025-0450,SUP-1005,SKU-132,8462910100,8462910100,Hydraulic Press HP-132,South China,manzanillo,2025-12-11,2026-03-11,2026-04-14,2026-04-15,2026-04-21,2026-04-23,30720.92,92162.76,6180.9,279.77,98623.43,182377.41,14590.19,323318.66,4275.37,34107.13,0.0,0.0,1.0,133.0,2059124.154589,686374.7181963333,Hydraulic press,Shekou
IMP-2025-0451,SUP-1009,SKU-131,8462910100,8462910100,Hydraulic Press HP-131,East China,Manzanillo,2025-12-13,2026-03-19,2026-04-25,2026-04-25,2026-04-28,2026-05-02,75353.66,75353.66,7605.57,0.0,83257.56,153962.38,12316.99,272944.5,4576.94,25601.93,0.0,0.0,0.0,140.0,1730565.2089290002,1730565.2089290002,Hydraulic press,Ningbo-Zhoushan
IMP-2025-0452,SUP-1013,SKU-137,8428330100,8428330100,Modular Belt Conveyor CV-137,East China,Manzanillo,2025-12-13,2026-02-16,2026-03-19,2026-03-31,2026-04-02,2026-04-05,32760.23,32760.23,0.0,0.0,32888.66,60946.3,4875.7,108045.61,5193.14,17579.68,0.0,0.0,12.0,113.0,695677.9181530001,695677.9181530001,Conveyor system,Shanghai
IMP-2025-0453,SUP-1011,SKU-115,8477100100,8477100100,Injection Moulding Machine IMM-115,East China,Manzanillo,2025-12-13,2026-03-10,2026-04-11,2026-04-11,2026-04-14,2026-04-15,40312.46,80624.92,0.0,394.6,89484.99,165478.33,13238.27,293359.98,3552.66,25824.2,0.0,0.0,0.0,123.0,1706330.729696,853165.364848,Injection moulding machine,Shanghai
IMP-2025-0454,SUP-1014,SKU-139,8428330100,8428330100,Modular Belt Conveyor CV-139,East China,Manzanillo,2025-12-15,2026-01-25,2026-02-28,2026-02-28,2026-03-02,2026-03-04,23191.2,46382.4,0.0,270.36,46652.76,86531.07,6922.49,153402.29,4757.21,29970.24,0.0,0.0,0.0,79.0,993491.737204,496745.868602,Conveyor system,Nantong
IMP-2025-0455,SUP-1013,SKU-117,8477100100,8477100100,Injection Moulding Machine IMM-117,East China,Lázaro Cárdenas,2025-12-15,2026-03-19,2026-04-19,2026-04-21,2026-04-25,2026-04-27,34909.98,34909.98,5127.34,105.89,40143.21,74234.03,5938.72,131602.09,6220.76,29798.23,0.0,0.0,2.0,133.0,858532.0222830002,858532.0222830002,Injection moulding machine,Shanghai
IMP-2025-0456,SUP-1001,SKU-111,8456110100,8456110100,Fibre Laser Cutting Machine FL-111,South China,Manzanillo,2025-12-16,2026-02-14,2026-03-17,2026-03-17,2026-04-03,2026-04-07,45260.84,45260.84,7285.65,0.0,52546.49,97374.43,7789.95,172625.38,4384.26,20799.13,0.0,7759.72,0.0,112.0,1111851.7508389999,1111851.7508389999,Laser cutting machine,Yantian
IMP-2025-0457,SUP-1003,SKU-102,8457100100,8457100100,CNC Vertical Machining Centre VMC-102,South China,Manzanillo,2025-12-16,2026-03-08,2026-04-06,2026-04-06,2026-04-15,2026-04-18,99000.27,297000.81,0.0,1051.14,298051.95,551166.61,44093.33,977108.16,9006.69,29451.96,0.0,0.0,0.0,123.0,6145384.664985,2048461.5549950001,CNC machining centre,Nansha
IMP-2025-0458,SUP-1003,SKU-133,8462910100,8462910100,Hydraulic Press HP-133,South China,"Manzanillo, Colima",2025-12-16,2026-03-21,2026-04-20,2026-04-20,2026-04-25,2026-04-27,95147.17,380588.68,0.0,0.0,382427.84,707197.03,56575.76,1253718.9,3922.0,46197.58,0.0,0.0,0.0,132.0,7851852.417164,1962963.104291,Hydraulic press,Nansha
IMP-2025-0459,SUP-1005,SKU-136,8480710100,8480710100,Precision Injection Mould MD-136,South China,Manzanillo,2025-12-16,2026-02-24,2026-03-30,2026-04-02,2026-04-06,2026-04-09,19416.84,38833.68,8712.35,0.0,47685.96,44091.15,7054.58,149275.01,7971.75,26912.48,0.0,0.0,3.0,114.0,965265.4105689999,482632.70528449997,Mould and die,Shekou
IMP-2025-0460,SUP-1006,SKU-102,8457100100,8457100100,CNC Vertical Machining Centre VMC-102,East China,Manzanillo,2025-12-17,2026-02-24,2026-03-26,2026-03-27,2026-03-29,2026-04-01,94316.35,282949.05,7941.2,0.0,290890.25,539051.63,43124.13,955630.73,4788.46,37917.57,0.0,0.0,1.0,105.0,6015398.101775,2005132.7005916666,CNC machining centre,Ningbo-Zhoushan
IMP-2025-0461,SUP-1002,SKU-107,8458110100,8458110100,CNC Turning Centre TC-107,South China,Lázaro Cárdenas,2025-12-17,2026-02-10,2026-03-10,2026-03-28,2026-04-06,2026-04-08,46039.59,276237.54,9743.71,1209.35,287190.6,532195.77,42575.66,943476.67,7721.96,92954.73,0.0,0.0,18.0,112.0,5997405.8476599995,999567.6412766665,CNC lathe,Shekou
IMP-2025-0462,SUP-1011,SKU-127,8422309900,8422309900,Automatic Filling & Sealing Line PFS-127,East China,Manzanillo,2025-12-18,2026-03-28,2026-04-29,2026-04-29,2026-05-07,2026-05-09,57202.66,171607.98,0.0,937.07,172545.05,319075.48,25526.04,565657.02,6292.68,34394.2,0.0,0.0,0.0,142.0,3576043.2281150003,1192014.4093716668,Packaging machine,Shanghai
IMP-2025-0463,SUP-1001,SKU-121,8479500100,8479500100,6-Axis Industrial Robot IR-121,South China,Veracruz,2025-12-19,2026-03-29,2026-05-08,2026-05-08,2026-05-13,2026-05-16,62321.22,249284.88,9266.24,750.14,259301.26,241578.02,38652.48,817886.54,7190.19,128207.75,0.0,0.0,0.0,148.0,5247188.8175800005,1311797.2043950001,Industrial robot,Yantian
IMP-2025-0464,SUP-1010,SKU-110,8456110100,8456110100,Fibre Laser Cutting Machine FL-110,East China,Manzanillo,2025-12-19,2026-02-20,2026-03-29,2026-03-29,2026-03-31,2026-04-01,19965.24,19965.24,0.0,0.0,25386.07,47043.18,3763.45,83398.15,7018.61,24853.96,0.0,0.0,0.0,103.0,463080.91076800006,463080.91076800006,Laser cutting machine,Taizhou
IMP-2025-0465,SUP-1004,SKU-113,8456110100,8456110100,Fibre Laser Cutting Machine FL-113,South China,Manzanillo,2025-12-23,2026-03-30,2026-05-02,2026-05-01,2026-05-23,2026-05-25,59420.25,118840.5,0.0,0.0,126945.44,236537.44,18923.0,419333.57,6269.63,28924.17,0.0,0.0,-1.0,153.0,2505009.2764999997,1252504.6382499998,Laser cutting machine,Yantian
IMP-2025-0466,SUP-1011,SKU-135,8480710100,8480710100,Precision Injection Mould MD-135,East China,Manzanillo,2025-12-23,2026-03-01,2026-04-01,2026-04-01,2026-04-03,2026-04-07,3936.38,11809.14,8767.99,0.0,20622.27,19067.66,3050.83,64555.47,5508.94,40496.47,0.0,0.0,0.0,105.0,448642.361099,149547.45369966666,Mould and die,Shanghai
IMP-2025-0467,SUP-1014,SKU-120,8479500100,8479500100,6-Axis Industrial Robot IR-120,East China,Manzanillo,2025-12-25,2026-04-04,2026-05-11,2026-05-11,2026-05-19,,60157.87,120315.74,8490.09,438.7,129244.53,120410.67,19265.71,407662.35,5375.7,32842.87,0.0,0.0,0.0,,2586108.2774900002,1293054.1387450001,Industrial robot,Nantong
IMP-2025-0468,SUP-1012,SKU-106,8458110100,8458110100,CNC Turning Centre TC-106,East China,"Manzanillo, Colima",2025-12-26,2026-02-22,2026-03-23,2026-03-23,2026-03-30,2026-03-31,109193.86,218387.72,9281.58,965.01,228634.31,423684.53,33894.76,751107.93,6233.03,28493.04,0.0,0.0,0.0,95.0,4729150.622041,2364575.3110205,CNC lathe,Shanghai
IMP-2025-0469,SUP-1003,SKU-141,8515310100,8515310100,Inverter Arc Welding Power Source AW-141,South China,Manzanillo,2025-12-26,2026-03-11,2026-04-14,2026-04-14,,2026-04-22,28557.45,57114.9,5853.29,227.09,63195.28,175293.91,9349.01,216523.04,7557.09,28348.49,0.0,0.0,0.0,117.0,1389174.576344,694587.288172,Arc welding machine,Nansha
IMP-2025-0470,SUP-1010,SKU-110,8456110100,8456110100,Fibre Laser Cutting Machine FL-110,East China,Manzanillo,2025-12-26,2026-02-26,2026-03-25,2026-03-25,2026-04-02,2026-04-03,19061.07,19061.07,0.0,75.8,19136.87,35462.73,2837.02,62868.32,5657.25,18020.29,0.0,0.0,0.0,98.0,416604.5416569999,416604.5416569999,Laser cutting machine,Taizhou
IMP-2025-0471,SUP-1010,SKU-110,8456110100,8456110100,Fibre Laser Cutting Machine FL-110,East China,Manzanillo,2025-12-27,2026-03-16,2026-04-16,2026-04-16,2026-04-24,2026-04-28,18625.98,111755.88,7546.98,652.04,119954.9,221824.2,17745.94,393249.94,8871.49,61266.44,0.0,0.0,0.0,122.0,2527950.0672699995,421325.01121166657,Laser cutting machine,Taizhou
IMP-2025-0472,SUP-1011,SKU-128,8422309900,8422309900,Automatic Filling & Sealing Line PFS-128,East China,Manzanillo,2025-12-27,2026-03-24,2026-04-29,2026-04-29,2026-05-18,2026-05-19,50691.62,101383.24,8793.95,0.0,110713.39,204734.52,16378.76,362953.36,7449.63,27547.49,0.0,0.0,0.0,143.0,2293540.0506370002,1146770.0253185001,Packaging machine,Shanghai
IMP-2025-0473,SUP-1013,SKU-117,8477100100,8477100100,Injection Moulding Machine IMM-117,East China,Manzanillo,2025-12-27,2026-03-27,2026-05-04,2026-05-04,2026-05-21,2026-05-24,31825.76,31825.76,8866.1,168.33,40860.19,76134.79,6090.78,134971.76,7807.71,23594.25,0.0,0.0,0.0,148.0,874975.45027,874975.45027,Injection moulding machine,Shanghai
IMP-2025-0474,SUP-1010,SKU-102,8457100100,8457100100,CNC Vertical Machining Centre VMC-102,East China,Manzanillo,2025-12-27,2026-03-04,2026-04-05,2026-04-08,2026-04-22,2026-04-24,98578.21,98578.21,0.0,0.0,106879.84,197645.41,15811.63,350385.78,5426.5,18595.96,0.0,0.0,3.0,118.0,2060417.332783,2060417.332783,CNC machining centre,Taizhou
