shipment_id,po_number,invoice_number,supplier_id,sku,order_date,etd_shipped,eta_planned,ata_arrival,customs_cleared,warehouse_receipt,carrier,vessel_voyage,incoterm,container_type,origin_port,destination_port,quantity,unit_price_usd,fob_total_usd,freight_usd,insurance_usd,net_weight_kg,gross_weight_kg,volume_cbm,hs_code,customs_value_usd,duty_igi_mxn,dta_mxn,iva_mxn,broker_fee_mxn,drayage_mxn,demurrage_mxn,storage_mxn,fx_rate_applied,qc_units_rejected,qc_inspection_notes,country_of_origin
IMP-2023-0001,PO-202301-001,INV-1011-202301-0001,SUP-1011,SKU-106,2023-01-02,2023-04-06,2023-05-18,2023-05-18,2023-05-20,2023-05-23,COSCO Shipping Lines,MSC PALOMA 600W,DDP,40GP,Shanghai,Manzanillo,6,"90,704.25",544225.50,9386.05,2817.3,79963.8,88721.0,107.33,8458110100,556428.85,1012962.03,81036.96,1795779.08,7063.45,60064.23,,,18.2047,0,Sin observaciones durante la inspección,China
IMP-2023-0002,PO-202301-002,INV-1002-202301-0001,SUP-1002,SKU-106,2023-01-02,2023-04-08,2023-05-26,2023-05-26,2023-05-31,2023-06-01,Ocean Network Express,MSC PALOMA 647W,FOB,40GP,Shekou,"Manzanillo, Colima",2,87635.07,"$175,270.14",,778.46,26654.6,30375.6,33.07,8458110100,181514.83,"MXN 330,442.30",26435.38,585808.11,8411.14,32647.23,0.0,0.0,18.2047,,,China
IMP-2023-0003,PO-202301-003,INV-1013-202301-0001,SUP-1013,SKU-111,2023-01-03,2023-03-17,2023-04-26,2023-04-26,2023-05-04,2023-05-05,COSCO Shipping Lines,YM WELLNESS 551E,FOB,40GP,Shanghai,Manzanillo,3,45470.74,136412.22,8144.91,674.21,5568.0,6333.5,48.29,8456110100,145231.34,264743.66,21179.49,469337.56,6418.7,34404.32,0.0,0.0,18.2291,,,China
IMP-2023-0004,PO-202301-004,INV-1003-202301-0001,SUP-1003,SKU-113,2023-01-03,2023-04-10,2023-05-21,2023-05-21,2023-05-25,2023-05-27,Yang Ming Marine Transport,COSCO VEGA 147E,FOB,40GP,Nansha,Manzanillo,4,58562.05,"$234,248.20",6701.65,1150.5,12782.8,14240.1,71.31,8456110100,242100.35,"MXN 440,736.42",35258.91,781337.53,7543.46,43689.52,0.0,0.0,18.2047,0,No issues found on inspection,China
IMP-2023-0005,PO-202301-005,INV-1009-202301-0001,SUP-1009,SKU-131,2023-01-04,2023-04-06,2023-05-18,2023-05-18,2023-05-25,2023-05-26,Maersk,YM WELLNESS 569E,EXW,40HC,Ningbo-Zhoushan,Manzanillo,1,"75,144.98","$75,144.98",,,22577.7,24851.8,25.49,8462910100,81903.89,149103.57,11928.29,264330.82,6338.94,21822.56,0.0,0.0,18.2047,,,China
IMP-2023-0006,PO-202301-006,INV-1014-202301-0001,SUP-1014,SKU-122,04/01/2023,21/04/2023,01/06/2023,01/06/2023,06/06/2023,08/06/2023,Maersk,COSCO ARIES 280W,FOB,20GP,Nantong,Manzanillo,3,24426.35,"$73,279.05",8959.55,328.29,3882.6,4369.9,12.02,8414809900,82566.89,223211.74,11904.63,275711.15,6589.73,35966.96,0.0,0.0,18.0227,,,China
IMP-2023-0007,PO-202301-007,INV-1013-202301-0002,SUP-1013,SKU-120,2023-01-05,2023-04-09,2023-05-25,2023-05-25,2023-05-30,2023-05-31,cosco shipping lines,MSC ANZU 841E,FOB,20GP,Shanghai,Manzanillo,1,61911.93,"$61,911.93",,208.83,2182.8,2501.8,3.16,8479500100,67066.6,61046.37,9767.42,206678.58,6660.54,19585.8,0.0,0.0,18.2047,0,Sin observaciones durante la inspección,China
IMP-2023-0008,PO-202301-008,INV-1010-202301-0001,SUP-1010,SKU-110,2023-01-06,2023-03-07,2023-04-22,2023-04-22,2023-04-26,2023-04-30,Ocean Network Express,MSC ANZU 729W,DDP,20GP,Taizhou,Manzanillo,1,19380.53,"$19,380.53",7454.95,104.52,4689.9,5270.3,10.88,8456110100,26940.0,49109.2,3928.74,87060.78,7623.74,26247.72,,0.0,18.2291,,,China
IMP-2023-0009,PO-202301-009,INV-1014-202301-0002,SUP-1014,SKU-105,2023-01-06,2023-03-26,2023-05-12,2023-05-12,2023-05-14,2023-05-18,Evergreen Marine,MAERSK ESSEX 470W,CIF,40GP,Nantong,Veracruz,2,159520.94,319041.88,0.0,1538.59,28467.8,31468.1,27.37,8457100100,320580.47,583607.13,46688.57,1034618.72,7198.41,77148.53,0.0,0.0,18.2047,,,China
IMP-2023-0010,PO-202301-010,INV-1005-202301-0001,SUP-1005,SKU-138,07/01/2023,27/03/2023,08/05/2023,13/05/2023,17/05/2023,17/05/2023,COSCO Shipping Lines,MSC ANZU 212E,FOB,20GP,Shekou,Manzanillo,4,11794.38,"$47,177.52",10234.51,,21014.8,23810.0,47.71,8428330100,57575.63,104814.71,8385.18,185815.51,5243.82,40463.27,,0.0,18.2047,,,China
IMP-2023-0011,PO-202301-011,INV-1006-202301-0001,SUP-1006,SKU-119,01/08/2023,04/13/2023,05/11/2023,05/11/2023,05/13/2023,05/16/2023,Yang Ming Marine Transport,COSCO ARIES 260W,CIF,20GP,Ningbo-Zhoushan,LZC,1,51319.58,51319.58,0.0,,2488.3,2709.7,3.39,,51488.67,46866.79,7498.69,158672.2,8472.75,28976.63,0.0,0.0,18.2047,,Emergency stop tested and passed,China
IMP-2023-0012,PO-202301-012,INV-1005-202301-0002,sup1005,SKU-109,10/01/2023,13/03/2023,26/04/2023,26/04/2023,09/05/2023,12/05/2023,Maersk,COSCO ARIES 756E,FOB,40 HC,Shekou,Manzanillo,4,77147.82,308591.28,6831.27,,53628.8,58986.1,47.4,8458110100,317218.09,578260.03,46260.8,1025139.38,6027.08,35282.06,0.0,8951.89,18.2291,2,Calibration certificate missing,China
IMP-2023-0013,PO-202301-013,INV-1013-202301-0003,SUP-1013,SKU-120,2023-01-11,2023-04-16,2023-06-07,2023-06-07,,2023-06-14,Yang Ming Marine Transport,COSCO VEGA 557E,EXW,20GP,Shanghai,Veracruz,6,"61,591.84",369551.04,10432.41,0.0,13096.8,15125.9,18.78,8479500100,379983.45,342416.39,54786.62,1159284.92,8859.82,169125.55,0.0,,18.0227,,,China
IMP-2023-0014,PO-202301-014,INV-1003-202301-0002,SUP-1003,SKU-126,11-01-2023,11-05-2023,19-06-2023,23-07-2023,30-07-2023,03-08-2023,Hapag-Lloyd,MSC PALOMA 423E,FOB,40GP,Nansha,Manzanillo,2,29237.76,58475.52,7178.36,221.59,12461.6,14043.1,24.32,8422309900,65875.47,118393.37,9471.47,209887.77,6901.34,33326.45,12502.56,0.0,17.9723,,,China
IMP-2023-0015,PO-202301-015,INV-1010-202301-0002,SUP-1010,SKU-110,2023-01-11,2023-04-08,2023-05-28,2023-06-15,2023-06-17,2023-06-18,MSC,MSC PALOMA 247W,DDP,20GP,Taizhou,Veracruz,2,"19,785.49",39570.98,9261.76,149.32,9379.8,10758.0,22.93,8456110100,48982.06,88278.9,7062.31,156500.83,8142.4,78099.18,4011.98,0.0,18.0227,,,China
IMP-2023-0016,PO-202301-016,INV-1006-202301-0002,SUP-1006,SKU-101,2023-01-11,2023-03-04,2023-04-17,2023-04-17,2023-05-05,2023-05-08,COSCO Shipping Lines,MAERSK COLUMBUS 414W,CIF,40HC,Ningbo-Zhoushan,Lázaro Cárdenas,4,149396.56,597586.24,0.0,3041.42,34170.0,38147.5,128.27,8457100100,600627.66,1094890.17,87591.21,1941021.29,5857.84,83902.1,0.0,7765.81,18.2291,2,Control panel door misaligned,China
IMP-2023-0017,PO-202301-017,INV-1012-202301-0001,SUP-1012,SKU-115,15-01-2023,12-04-2023,21-05-2023,21-05-2023,23-05-2023,24-05-2023,MSC,MSC PALOMA 148E,FOB,40GP,Shanghai,Manzanillo,2,43878.18,"$87,756.36",9072.06,,9126.0,10089.5,36.31,8477100100,97134.66,"MXN 176,830.73",14146.46,313485.53,9178.53,33213.9,0.0,0.0,18.2047,,,China
IMP-2023-0018,PO-202301-018,INV-1005-202301-0003,SUP-1005,SKU-138,2023-01-18,2023-04-07,2023-05-06,2023-05-08,2023-05-14,2023-05-18,Ocean Network Express,YM WELLNESS 687E,FOB,40 HC,Shekou,Lázaro Cárdenas,3,"11,525.91",34577.73,7182.7,203.51,15761.1,17064.3,39.31,8428 33 01 00,41963.94,76394.09,6111.53,135431.45,5795.69,58798.06,,0.0,18.2047,,,China
IMP-2023-0019,PO-202301-019,INV-1004-202301-0001,SUP-1004,SKU-131,01/18/2023,04/05/2023,,05/10/2023,05/13/2023,05/15/2023,Maersk,YM WELLNESS 438E,FOB,40HC,Yantian,Manzanillo,3,"$74,092.21","$222,276.63",8195.68,,67733.1,75681.0,73.14,8462910100,231715.83,"MXN 421,831.72",33746.54,747823.27,4111.26,34872.6,0.0,0.0,18.2047,0,Sin observaciones durante la inspección,China
IMP-2023-0020,PO-202301-020,INV-1014-202301-0003,SUP-1014,SKU-122,2023-01-20,2023-05-09,2023-06-18,2023-06-18,2023-06-21,2023-06-22,COSCO Shipping Lines,MAERSK ESSEX 812W,FOB,20GP,Nantong,Lázaro Cárdenas,1,24491.02,24491.02,6032.42,145.59,1294.2,1484.9,4.23,8414809900,30669.03,82910.81,4421.91,102411.43,8731.29,38196.74,,0.0,18.0227,0,Sin observaciones durante la inspección,China
IMP-2023-0021,PO-202301-021,INV-1003-202301-0003,SUP-1003,SKU-133,21/01/2023,20/04/2023,09/06/2023,09/06/2023,14/06/2023,17/06/2023,Ocean Network Express,MAERSK COLUMBUS 377E,FOB,40HC,Nansha,Veracruz,4,"93,894.69",375578.76,11475.87,2033.53,81089.2,91176.6,115.0,8462910100,389088.16,701241.92,56099.35,1243161.67,8748.91,92363.23,0.0,0.0,18.0227,,,China
IMP-2023-0022,PO-202301-022,INV-1012-202301-0002,SUP-1012,SKU-103,2023-01-21,2023-04-13,2023-05-25,2023-05-25,2023-05-27,2023-05-28,MSC,MAERSK COLUMBUS 488E,FOB,40GP,Shanghai,Manzanillo,2,158274.15,316548.30,5793.28,1257.13,36682.4,41650.7,35.25,8457100100,323598.71,589101.74,47128.14,1044359.57,8407.61,31635.58,0.0,0.0,18.2047,0,No issues found on inspection,China
IMP-2023-0023,PO-202301-023,INV-1002-202301-0002,SUP-1002,SKU-125,01/22/2023,04/12/2023,05/17/2023,05/29/2023,06/05/2023,06/06/2023,MSC,MSC ANZU 609E,FOB,20GP,Shekou,Manzanillo,4,14918.70,59674.80,8842.03,238.38,13322.0,15026.6,27.54,8414809900,68755.21,187750.2,10013.34,231909.04,7411.32,40907.29,12177.35,0.0,18.2047,,,China
IMP-2023-0024,PO-202301-024,INV-1012-202301-0003,SUP-1012,SKU-142,01/24/2023,04/03/2023,05/11/2023,06/14/2023,06/23/2023,06/24/2023,Hapag-Lloyd,COSCO ARIES 680E,CIF,20GP,Shanghai,Lázaro Cárdenas,2,7005.02,"$14,010.04",0.0,83.57,2373.8,2636.7,6.73,8515310100,14093.61,38100.74,2032.04,47062.03,5548.49,44186.29,24069.32,,18.0227,,,China
IMP-2023-0025,PO-202301-025,INV-1004-202301-0002,SUP-1004,SKU-124,2023-01-24,2023-05-01,2023-06-05,2023-06-08,2023-06-15,2023-06-19,Yang Ming Marine Transport,COSCO ARIES 225E,FOB,20GP,Yantian,Manzanillo,1,7581.65,"$7,581.65",6552.53,39.69,571.2,625.6,4.94,8414809900,14173.87,38317.71,2043.61,47330.04,5694.65,26551.43,0.0,,18.0227,,,China
IMP-2023-0026,PO-202301-026,INV-1010-202301-0003,SUP-1010,SKU-129,25/01/2023,30/04/2023,15/06/2023,15/06/2023,21/06/2023,22/06/2023,MSC,COSCO VEGA 523W,FOB,40GP,Taizhou,Veracruz,4,40021.88,160087.52,7647.99,868.63,31088.0,34823.7,69.8,8422309900,168604.14,303870.18,24309.61,538701.06,3586.6,131113.7,0.0,,18.0227,5,Sello de empaque roto,China
IMP-2023-0027,PO-202301-027,INV-1013-202301-0004,SUP-1013,SKU-109,01/25/2023,03/23/2023,05/08/2023,05/08/2023,05/13/2023,,Evergreen Marine,EVER LIBRA 369E,FOB,40GP,Shanghai,Manzanillo,1,81593.61,"$81,593.61",6909.21,316.49,13407.2,14896.3,13.18,8458110100,88819.31,161692.89,12935.43,286649.15,6363.07,18493.44,0.0,,18.2047,,,China
IMP-2023-0028,PO-202301-028,INV-1002-202301-0003,SUP-1002,SKU-102,26/01/2023,17/04/2023,26/05/2023,26/05/2023,28/05/2023,29/05/2023,Ocean Network Express,ONE APUS 524E,FOB,40GP,Shekou,Manzanillo,1,96661.01,96661.01,6200.75,472.19,15063.7,16530.3,19.1,8457100100,103333.95,188116.36,15049.31,333492.68,6314.09,26182.47,0.0,0.0,18.2047,,,China
IMP-2023-0029,PO-202301-029,INV-1007-202301-0001,SUP-1007,SKU-129,2023-01-26,2023-04-28,2023-06-10,2023-06-09,2023-06-17,2023-06-20,COSCO,HAPAG BERLIN EXPRESS 642E,FOB,40GP,Ningbo-Zhoushan,Manzanillo,1,"39.056,09",39056.09,7662.92,,7772.0,8948.2,18.15,8422309900,46912.83,84549.59,6763.97,149889.51,3947.72,22182.18,0.0,,18.0227,1,Vibración excesiva al arranque,China
IMP-2023-0030,PO-202301-030,INV-1008-202301-0001,SUP-1008,SKU-112,01/27/2023,04/28/2023,06/03/2023,06/03/2023,06/05/2023,06/09/2023,Ocean Network Express,EVER LIBRA 227E,FOB,20GP,Wenzhou,Lázaro Cárdenas,2,67544.33,"$135,088.66",7544.03,656.72,4287.2,4743.4,15.0,8456110100,143289.41,258246.2,20659.7,457818.87,6824.9,49868.92,0.0,0.0,18.0227,,,China
IMP-2023-0031,PO-202301-031,INV-1013-202301-0005,SUP-1013,SKU-137,28/01/2023,18/03/2023,21/04/2023,21/04/2023,28/04/2023,30/04/2023,Ocean Network Express,ONE APUS 458E, DDP,40GP,Shanghai,Manzanillo,1,33630.83,"$33,630.83",8037.5,122.42,5455.3,6185.3,18.75,8428330100,41790.75,76180.78,6094.46,135053.28,5977.83,23765.89,0.0,0.0,18.2291,,,China
IMP-2023-0032,PO-202302-001,INV-1010-202302-0001,SUP-1010,SKU-125,44959,45029,45073,45099,45101,45104,Hapag-Lloyd,MSC ANZU 225E,CIF,20GP,Taizhou,Manzanillo,1,14221.38,"$14,221.38",,66.25,3330.5,3629.2,7.2,8414809900,14287.63,38625.25,2060.01,47709.91,6215.61,26702.57,30593.5,0.0,18.0227,,,China
IMP-2023-0033,PO-202302-002,INV-1012-202302-0001,SUP-1012,SKU-141,02/02/2023,08/04/2023,09/05/2023,27/05/2023,,03/06/2023,COSCO Shipping Lines,MSC ANZU 288W,FOB,20GP,Shanghai,Manzanillo,2,27343.05,"$54,686.10",8542.1,225.41,3791.2,4289.1,8.49,8515310100,63453.61,173273.09,9241.23,214026.92,8243.66,29280.53,0.0,0.0,18.2047,,,China
IMP-2023-0034,PO-202302-003,INV-1008-202302-0001,SUP-1008,SKU-126,2023-02-04,2023-06-04,2023-07-14,2023-07-14,2023-07-19,2023-07-21,MSC,MAERSK COLUMBUS 691W,CIF,40GP,Wenzhou,Manzanillo,1,"$31,610.25","$31,610.25",0.0,,6230.8,7188.6,13.71,8422309900,31727.3,57021.26,4561.7,101087.28,7607.56,25452.47,0.0,,17.9723,2,Fuga de aceite hidráulico,China
IMP-2023-0035,PO-202302-004,INV-1006-202302-0001,SUP-1006,SKU-127,04/02/2023,05/05/2023,11/06/2023,15/07/2023,28/07/2023,30/07/2023,Ocean Network Express,MAERSK COLUMBUS 470W,FOB,40GP,Ningbo-Zhoushan,Manzanillo,2,52585.36,"$105,170.72",,488.68,7651.0,8723.2,40.16,8422309900,113031.45,203143.51,16251.48,360132.82,6649.92,29978.65,40538.63,11484.81,17.9723,,,China
IMP-2023-0036,PO-202302-005,INV-1014-202302-0001,SUP-1014,SKU-122,2023-02-04,2023-05-28,2023-07-04,2023-07-04,2023-07-07,2023-07-08,Ocean Network Express,YM WELLNESS 191E,CIF,20GP,Nantong,Manzanillo,2,"25,311.44",50622.88,0.0,,2588.4,3002.4,8.85,8414809900,50912.15,137251.27,7320.07,169532.76,4331.16,35923.1,0.0,0.0,17.9723,1,Wiring harness loose in cabinet,China
IMP-2023-0037,PO-202302-006,INV-1011-202302-0001,SUP-1011,SKU-135,02/04/2023,04/23/2023,06/04/2023,06/04/2023,06/24/2023,06/26/2023,COSCO Shipping Lines,MAERSK COLUMBUS 676W,FOB,20GP,Shanghai,Manzanillo,3,4070.08,12210.24,,70.32,5664.9,6311.0,13.11,8480710100,21378.72,19265.11,3082.42,65223.97,8851.24,42525.47,,,18.0227,,,China
IMP-2023-0038,PO-202302-007,INV-1014-202302-0002,SUP-1014,SKU-128,05/02/2023,03/05/2023,09/06/2023,17/06/2023,26/06/2023,30/06/2023,Evergreen Marine,COSCO VEGA 721E,FOB,20GP,Nantong,Manzanillo,3,52317.21,"$156,951.63",6679.11,,15458.4,17298.9,34.27,8422309900,164519.11,296507.86,23720.63,525649.13,9119.07,35129.8,36728.77,0.0,18.0227,5,Revisión eléctrica sin hallazgos,China
IMP-2023-0039,PO-202302-008,INV-1007-202302-0001,SUP-1007,SKU-128,2023-02-06,2023-05-07,2023-06-21,2023-06-21,2023-07-08,2023-07-11,MSC,MAERSK ESSEX 302E,CIF,,Ningbo-Zhoushan,Veracruz,4,49269.95,197079.80,0.0,,20611.2,23360.4,46.46,8422309900,198078.42,356990.79,28559.26,632873.28,3853.78,91453.87,0.0,0.0,18.0227,0,Sin observaciones durante la inspección,China
IMP-2023-0040,PO-202302-009,INV-1005-202302-0001,SUP-1005,SKU-138,44963,45051,45094,45094,45096,45099,MSC,MAERSK ESSEX 601E,FOB,40'GP,Shekou,Manzanillo,1,11466.08,"$11,466.08",5146.06,53.03,5253.7,5684.6,13.4,8428330100,16665.17,30035.14,2402.81,53246.29,5329.02,18760.25,0.0,0.0,18.0227,,,China
IMP-2023-0041,PO-202302-010,INV-1001-202302-0001,SUP-1001,SKU-115,2023-02-06,2023-04-16,2023-05-26,2023-05-26,2023-06-04,2023-06-05,Hapag-Lloyd,EVER LIBRA 663E,CIF,40GP,Yantian,Lázaro Cárdenas,2,"44,621.10",89242.20,0.0,418.14,9126.0,10139.4,35.82,8477100100,89660.34,163223.96,13057.92,289363.43,5414.9,50489.94,0.0,,18.2047,,,China
IMP-2023-0042,PO-202302-011,INV-1003-202302-0001,SUP-1003,SKU-133,2023-02-07,2023-05-14,2023-06-26,2023-06-26,2023-06-30,2023-07-03,Ocean Network Express,YM WELLNESS 149W,FOB,40HC,Nansha,Manzanillo,1,89664.75,"$89,664.75",8268.36,,20272.3,23125.0,28.12,8462910100,98383.56,177313.74,14185.1,314341.8,5692.25,21265.53,,0.0,18.0227,,,China
IMP-2023-0043,PO-202302-012,INV-1007-202302-0002,SUP-1007,SKU-129,07-02-2023,21-05-2023,30-06-2023,03-07-2023,08-07-2023,10-07-2023,Evergreen Marine,MAERSK COLUMBUS 636W,FOB,40GP,Ningbo-Zhoushan,Lázaro Cárdenas,3,"36,514.57","$109,543.71",6861.2,441.57,23316.0,25536.6,54.09,8422309900,116846.48,210000.0,16800.0,372288.0,5945.25,50507.19,0.0,0.0,17.9723,,,China
IMP-2023-0044,PO-202302-013,INV-1014-202302-0003,SUP-1014,SKU-134,2023-02-10,2023-04-12,2023-05-19,2023-05-19,2023-05-21,2023-05-23,Hapag-Lloyd,YM WELLNESS 141W,FOB,20GP,Nantong,Manzanillo,2,7389.25,14778.50,5970.9,57.89,2797.0,3137.1,8.53,8480710100,20807.29,18939.52,3030.32,64121.65,4211.35,28546.29,0.0,,18.2047,,,China
IMP-2023-0045,PO-202302-014,INV-1013-202302-0001,SUP-1013,SKU-137,13/02/2023,05/04/2023,10/05/2023,10/05/2023,12/05/2023,16/05/2023,MSC,HAPAG BERLIN EXPRESS 884W,CIF,40GP,Shanghai,Lázaro Cárdenas,4,32795.67,131182.68,,567.18,21821.2,24474.5,70.44,8428330100,131749.86,239846.67,19187.73,425200.17,6415.49,76368.03,0.0,0.0,18.2047,,,China
IMP-2023-0046,PO-202302-015,INV-1013-202302-0002,SUP-1013,SKU-109,2023-02-14,2023-04-08,2023-05-26,2023-06-13,2023-06-15,2023-06-17,Yang Ming Marine Transport,ONE APUS 890E,FOB,40GP,Shanghai,,2,77537.90,155075.80,7922.99,873.68,26814.4,29063.5,25.14,8458110100,163872.47,295342.44,23627.39,523583.07,5317.3,35941.88,,0.0,18.0227,,,China
IMP-2023-0047,PO-202302-016,INV-1008-202302-0002,SUP-1008,SKU-112,2023-02-14,2023-05-10,2023-06-19,2023-06-19,2023-06-24,,Hapag-Lloyd,ONE APUS 472E,FOB,20GP,Wenzhou,Manzanillo,1,69564.58,"$69,564.58",8102.95,375.31,2143.6,2329.2,7.1,8456110100,78042.84,140654.27,11252.34,249351.89,4013.36,18719.17,0.0,0.0,18.0227,1,Emergency stop tested and passed,China
IMP-2023-0048,PO-202302-017,INV-1005-202302-0002,SUP-1005,SKU-117,15/02/2023,13/05/2023,01/07/2023,01/07/2023,09/07/2023,11/07/2023,MSC,MAERSK ESSEX 127E,EXW,40GP,Shekou,Manzanillo,1,34936.60,34936.60,4930.03,0.0,11584.0,12870.2,17.24,8477100100,39866.63,71649.5,5731.96,127020.24,7084.86,25250.21,0.0,,17.9723,,,China
IMP-2023-0049,PO-202302-018,INV-1005-202302-0003,SUP-1005,SKU-138,18/02/2023,20/05/2023,11/07/2023,12/07/2023,20/07/2023,24/07/2023,Hapag-Lloyd,MAERSK ESSEX 598E,FOB,40GP,Shekou,Veracruz,1,11881.75,11881.75,9442.39,36.36,5253.7,5726.4,13.08,8428330100,21360.5,38389.73,3071.18,68057.32,5964.27,64857.44,0.0,0.0,17.9723,,,China
IMP-2023-0050,PO-202302-019,INV-1006-202302-0002,SUP-1006,SKU-114,2023-02-19,2023-05-26,2023-06-25,2023-07-03,2023-07-10,2023-07-13,COSCO Shipping Lines,MSC ANZU 454E,CIF,40HC,Ningbo-Zhoushan,Lázaro Cárdenas,-3,"69,291.68",-207875.04,0.0,660.54,39318.6,42675.3,78.77,8477100100,208535.58,374786.4,29982.91,664421.33,5362.88,62612.17,0.0,0.0,17.9723,,,China
IMP-2023-0051,PO-202302-020,INV-1014-202302-0004,SUP-1014,SKU-999,2023-02-21,2023-05-07,2023-06-11,2023-06-11,2023-06-20,2023-06-21,COSCO Shipping Lines,HAPAG BERLIN EXPRESS 734W,CIF,40GP,Nantong,Manzanillo,3,159819.12,479457.36,0.0,1581.07,55023.6,62649.9,52.01,8457100100,481038.43,866961.13,69356.89,1536948.69,5882.24,32328.25,0.0,0.0,18.0227,,,China
IMP-2023-0052,PO-202302-021,INV-1002-202302-0001,SUP-1002,SKU-112,2023-02-23,2023-05-17,2023-06-22,2023-06-30,2023-07-02,2023-07-03,Yang Ming Marine Transport,MAERSK ESSEX 717W,FOB,20GP,Shekou,Lázaro Cárdenas,2,66656.89,133313.78,7363.93,533.63,4287.2,4747.8,14.13,8458110100,141211.34,254500.96,20360.08,451179.3,5227.03,43390.01,25258.34,0.0,18.0227,,,China
IMP-2023-0053,PO-202302-022,INV-1014-202302-0005,SUP-1014,SKU-104,24/02/2023,05/05/2023,10/06/2023,10/06/2023,17/06/2023,20/06/2023,Ocean Network Express,COSCO ARIES 832W,FOB,40HC,Nantong,Manzanillo,1,160298.79,"$160,298.79",6735.87,,8636.7,9814.3,27.17,8457.10.01.00,167624.1,302103.89,24168.31,535569.77,4840.89,25947.47,0.0,0.0,18.0227,,,China
IMP-2023-0054,PO-202302-023,INV-1011-202302-0002,SUP-1011,SKU-113,02/24/2023,06/13/2023,07/22/2023,,07/26/2023,07/31/2023,Evergreen Marine,EVER LIBRA 272W,FOB,40GP,Shanghai,Manzanillo,2,58433.37,"$116,866.74",8998.86,400.44,6391.4,7141.0,34.83,8456110100,126266.04,226929.12,18154.33,402299.94,6498.27,23262.57,0.0,0.0,17.9723,0,Sin observaciones durante la inspección,China
IMP-2023-0055,PO-202302-024,INV-1001-202302-0002,SUP-1001,SKU-111,44984,45033,45075,45075,45081,45082,Evergreen Marine,MSC PALOMA 134E,FOB,40GP,Yantian,Manzanillo,3,45088.38,"$135,265.14",7440.88,494.97,5568.0,6018.9,45.11,8456110100,143200.99,260693.11,20855.45,462156.74,7418.1,34244.0,0.0,0.0,18.2047,,,China
IMP-2023-0056,PO-202303-001,INV-1011-202303-0001,SUP-1011,SKU-127,03/01/2023,05/19/2023,06/20/2023,07/24/2023,07/28/2023,07/29/2023,Maersk,MAERSK COLUMBUS 367W,CIF,40GP,SHANGHAI,Manzanillo,4,51966.41,207865.64,0.0,679.94,15302.0,17621.8,71.88,8422309900,208545.58,374804.37,29984.35,664453.19,6379.45,36731.63,44136.33,,17.9723,0,No issues found on inspection,China
IMP-2023-0057,PO-202303-002,INV-1008-202303-0001,SUP-1008,SKU-118,01/03/2023,25/05/2023,28/06/2023,28/06/2023,06/07/2023,07/07/2023,Maersk,COSCO VEGA 663W,FOB,40GP,Wenzhou,Manzanillo,1,28614.44,"$28,614.44",7109.73,159.07,6672.8,7625.5,12.38,8477100100,35883.24,64671.29,5173.7,114649.26,6604.56,20493.67,,,18.0227,0,No issues found on inspection,China
IMP-2023-0058,PO-202303-003,INV-1002-202303-0001,SUP-1002,SKU-124,02/03/2023,17/05/2023,15/06/2023,17/06/2023,09/07/2023,,MSC,MSC ANZU 591E,FOB,20GP,SHEKOU,Manzanillo,6,8118.89,"$48,713.34",6679.45,190.46,3427.2,3949.3,32.45,8414809900,55583.25,150264.04,8014.08,185606.14,8921.07,74055.06,0.0,0.0,18.0227,,,China
IMP-2023-0059,PO-202303-004,INV-1007-202303-0001,SUP-1007,SKU-141,44989,45036,45066,45069,45083,45087,Maersk,HAPAG BERLIN EXPRESS 540E,FOB,20GP,Ningbo-Zhoushan,Manzanillo,1,28380.55,28380.55,7334.82,,1895.6,2135.2,4.02,8515310100,35858.34,"MXN 97,918.55",5222.32,120948.99,7995.84,26741.65,0.0,6405.96,18.2047,,,China
IMP-2023-0060,PO-202303-005,INV-1011-202303-0002,SUP-1011,SKU-122,03/05/2023,06/08/2023,07/05/2023,07/23/2023,07/27/2023,07/30/2023,MSC,COSCO VEGA 461E,FOB,20GP,Shanghai,Lázaro Cárdenas,2,23698.14,"$47,396.28",9299.31,143.12,2588.4,2815.7,8.78,8414809900,56838.71,153228.35,8172.18,189267.66,4931.32,46427.05,8069.65,0.0,17.9723,0,No issues found on inspection,China
IMP-2023-0061,PO-202303-006,INV-1014-202303-0001,SUP-1014,SKU-120,05/03/2023,06/06/2023,14/07/2023,14/07/2023,17/07/2023,21/07/2023,Ocean Network Express,YM WELLNESS 763E,CIF,20GP,Nantong,Veracruz,4,58195.15,"$232,780.60",,,8731.2,9506.9,12.52,8479500100,233871.31,210160.27,33625.64,711518.6,5576.31,128330.43,0.0,0.0,17.9723,,,China
IMP-2023-0062,PO-202303-007,INV-1011-202303-0003,SUP-1011,SKU-127,2023-03-05,2023-05-22,2023-06-26,2023-06-26,2023-07-02,2023-07-04,Ocean Network Express,MSC ANZU 353E,FOB,,Shanghai,Manzanillo,3,56305.82,168917.46,5410.96,577.86,11476.5,13057.6,55.1,8422309900,174906.28,315228.34,25218.27,558836.8,7623.17,43497.57,,0.0,18.0227,,,China
IMP-2023-0063,PO-202303-008,INV-1009-202303-0001,SUP-1009,SKU-131,06/03/2023,06/05/2023,08/06/2023,10/06/2023,19/06/2023,21/06/2023,MSC,MSC ANZU 539E,FOB,40HC,Ningbo-Zhoushan,Manzanillo,1,79714.62,79714.62,7741.95,,22577.7,26143.1,26.78,8462910100,87916.97,158450.12,12676.01,280900.37,7633.29,17464.18,0.0,0.0,18.0227,0,Sin observaciones durante la inspección,China
IMP-2023-0064,PO-202303-009,INV-1007-202303-0002,SUP-1007,SKU-132,2023-03-07,2023-05-15,2023-06-17,2023-06-17,2023-07-08,2023-07-12,Ocean Network Express,HAPAG BERLIN EXPRESS 603W,EXW,40GP,Ningbo-Zhoushan,Manzanillo,2,32032.67,64065.34,8063.57,0.0,28879.2,33200.9,24.89,8462910100,72128.91,"MXN 129,995.77",10399.66,230456.5,7541.53,33901.97,0.0,6244.14,18.0227,,,China
IMP-2023-0065,PO-202303-010,INV-1014-202303-0002,SUP-1014,SKU-134,2023-03-07,2023-04-15,2023-05-23,2023-06-18,2023-06-26,2023-06-29,Hapag-Lloyd,MSC ANZU 132W,FOB,20GP,Nantong,Manzanillo,1,7253.87,7253.87,7763.59,,1398.5,1546.3,4.27,8480710100,15052.48,13564.32,2170.29,45923.35,3604.53,18399.95,0.0,,18.0227,0,No issues found on inspection,China
IMP-2023-0066,PO-202303-011,INV-1013-202303-0001,SUP-1013,SKU-140,2023-03-07,2023-05-29,2023-06-28,2023-07-03,2023-07-07,2023-07-09,Yang Ming Marine Transport,YM WELLNESS 200E,FOB,20GP,Shanghai,Manzanillo,3,25807.67,77423.01,9294.73,,5333.1,6083.4,9.35,8515310100,87097.4,234801.09,12522.72,290026.31,6782.34,39173.53,0.0,0.0,17.9723,,,China
IMP-2023-0067,PO-202303-012,INV-1013-202303-0002,SUP-1013,SKU-109,08/03/2023,11/04/2023,14/05/2023,14/05/2023,29/05/2023,31/05/2023,Hapag-Lloyd,MAERSK COLUMBUS 341E,FOB,40GP,Shanghai,Manzanillo,6,83776.16,"$502,656.96",7149.35,,80443.2,89115.8,72.91,8458110100,512355.02,932726.94,74618.16,1653538.33,6825.72,57131.85,0.0,10638.04,18.2047,,,China
IMP-2023-0068,PO-202303-013,INV-1014-202303-0003,SUP-1014,SKU-103,2023-03-09,2023-05-21,2023-06-20,2023-06-20,2023-06-26,2023-06-30,MSC,MAERSK COLUMBUS 874W,FOB,40GP,Nantong,Lázaro Cárdenas,1,"178,390.49",178390.49,8952.62,558.44,18341.2,20113.7,17.25,8457100100,187901.55,338649.33,27091.95,600357.53,5049.96,32268.8,0.0,0.0,18.0227,,,China
IMP-2023-0069,PO-202303-014,INV-1002-202303-0002,SUP-1002,SKU-125,2023-03-09,2023-05-01,2023-06-05,2023-06-05,2023-06-09,2023-06-11,MSC,MAERSK COLUMBUS 516W,FOB,20GP,Shekou,Manzanillo,0,14746.28,"$29,492.56",8613.05,142.31,6661.0,7567.4,13.55,8414809900,38247.92,103399.62,5514.65,127719.21,7910.07,34135.18,0.0,0.0,18.0227,,,China
IMP-2023-0070,PO-202303-015,INV-1002-202303-0003,SUP-1002,SKU-107,2023-03-10,2023-04-14,2023-05-22,2023-06-09,2023-06-16,2023-06-20,Evergreen Marine,MAERSK ESSEX 882E,FOB,40GP,Shekou,Manzanillo,2,42426.13,"$84,852.26",8101.13,423.06,21084.8,24288.2,26.44,8458110100,93376.45,168289.57,13463.17,298343.76,8053.4,29362.89,5749.46,0.0,18.0227,,Minor surface rust on housing,China
IMP-2023-0071,PO-202303-016,INV-1011-202303-0004,SUP-1011,SKU-115,03/10/2023,05/15/2023,06/20/2023,06/20/2023,07/11/2023,07/13/2023,Evergreen Marine,ONE APUS 383E,FOB,40GP,"Shanghai, CN",Manzanillo,2,40423.98,"$80,847.96",8670.73,,9126.0,10367.3,38.36,8477100100,89784.68,161816.24,12945.3,286867.82,7697.62,28646.05,0.0,0.0,18.0227,,,China
IMP-2023-0072,PO-202303-017,INV-1003-202303-0001,sup-1003,SKU-113,2023-03-10,2023-06-06,2023-07-03,2023-07-06,2023-07-10,2023-07-11,Evergreen Marine,YM WELLNESS 166E,FOB,40GP,Nansha,Manzanillo,1,59684.72,59684.72,7185.19,306.5,3195.7,3496.2,17.8,8456110100,67176.41,120731.46,9658.52,214032.73,7048.58,22912.14,0.0,0.0,17.9723,,,China
IMP-2023-0073,PO-202303-018,INV-1012-202303-0001,SUP-1012,SKU-108,2023-03-11,2023-04-26,2023-05-29,2023-05-31,2023-06-20,2023-06-21,Evergreen Marine,MSC ANZU 276W,DDP,20GP,Shanghai,Manzanillo,3,115838.17,347514.51,7295.59,,33657.6,37176.0,33.32,8458110100,356229.32,648504.79,51880.38,1149669.29,7961.98,42374.22,0.0,0.0,18.2047,,,China
IMP-2023-0074,PO-202303-019,INV-1005-202303-0001,SUP-1005,SKU-126,11/03/2023,06/06/2023,10/07/2023,11/07/2023,18/07/2023,22/07/2023,Ocean Network Express,EVER LIBRA 235E,CIF,40GP,Shekou,Veracruz,6,31385.28,"$188,311.68",0.0,807.97,37384.8,42436.6,77.74,8422309900,189119.65,339891.51,27191.32,602559.67,3905.05,174716.77,0.0,,17.9723,5,Óxido superficial en la carcasa,China
IMP-2023-0075,PO-202303-020,INV-1007-202303-0003,SUP-1007,SKU-130,03/11/2023,05/17/2023,06/24/2023,06/26/2023,06/28/2023,06/29/2023,Yang Ming Marine Transport,COSCO VEGA 662W,FOB,40HC,Ningbo-Zhoushan,Manzanillo,4,82694.08,330776.32,7892.41,1457.82,91196.0,103306.8,133.52,8462910100,340126.55,612999.88,49039.99,1086726.18,5690.7,42668.93,0.0,0.0,18.0227,,,China
IMP-2023-0076,PO-202303-021,INV-1008-202303-0002,SUP-1008,SKU-114,2023-03-13,2023-06-10,2023-07-09,2023-07-09,2023-07-14,2023-07-15,Yang Ming Marine Transport,MAERSK ESSEX 149W,FOB,40HC,Wenzhou,Manzanillo,1,69956.72,"$69,956.72",,,13106.2,14537.2,26.17,8477 10 01 00,78054.19,140281.33,11222.51,248690.75,9029.16,24340.01,0.0,,17.9723,,,China
IMP-2023-0077,PO-202303-022,INV-1005-202303-0002,SUP-1005,SKU-139,03/13/2023,04/20/2023,05/24/2023,05/24/2023,05/27/2023,05/30/2023,Yang Ming Marine Transport,EVER LIBRA 205W,FOB,20GP,Shekou,Veracruz,1,21317.98,"$21,317.98",7122.39,96.31,1033.8,1153.7,9.47,842833,28536.68,"MXN 51,950.17",4156.01,92097.26,6636.54,63514.5,0.0,0.0,18.2047,,,China
IMP-2023-0078,PO-202303-023,INV-1005-202303-0003,SUP-1005,SKU-139,03/13/2023,04/27/2023,05/25/2023,05/25/2023,06/02/2023,06/03/2023,MSC,YM WELLNESS 490E,FOB,20GP,Shekou,Manzanillo,1,22130.92,22130.92,6139.41,115.2,1033.8,1133.3,9.6,8428330100,28385.53,51675.01,4134.0,91609.45,3624.2,23813.9,0.0,0.0,18.2047,,,China
IMP-2023-0079,PO-202303-024,INV-1012-202303-0002,SUP-1012,SKU-137,44998,45038,45073,45099,45107,45110,Maersk,EVER LIBRA 709W,FOB,40GP,Shanghai,Lázaro Cárdenas,2,33207.78,66415.56,8583.45,263.72,10910.6,12008.8,34.31,8428330100,75262.73,135643.76,10851.5,240469.26,5984.45,42291.92,0.0,0.0,18.0227,,,China
IMP-2023-0080,PO-202303-025,INV-1011-202303-0005,SUP-1011,SKU-136,14/03/2023,14/05/2023,10/06/2023,10/06/2023,18/06/2023,20/06/2023,COSCO Shipping Lines,YM WELLNESS 645W,EXW,20GP,Shanghai,Lázaro Cárdenas,1,19437.01,19437.01,4975.09,0.0,1677.1,1853.3,5.77,8480710100,24412.1,21998.6,3519.78,74478.45,8862.57,30387.65,0.0,0.0,18.0227,,,China
IMP-2023-0081,PO-202303-026,INV-1001-202303-0001,SUP-1001,SKU-120,03/15/2023,06/11/2023,07/07/2023,07/07/2023,07/14/2023,07/16/2023,COSCO Shipping Lines,HAPAG BERLIN EXPRESS 414W,FOB,20GP,Yantian,Lázaro Cárdenas,3,55966.30,"$167,898.90",8784.09,819.57,6548.4,7454.9,8.79,8479500100,177502.56,159506.46,25521.03,540025.08,3621.89,57034.16,0.0,0.0,17.9723,0,No issues found on inspection,China
IMP-2023-0082,PO-202303-027,INV-1008-202303-0003,SUP-1008,SKU-112,2023-03-17,2023-05-30,2023-06-26,2023-06-26,2023-07-03,2023-07-05,COSCO Shipping Lines,ONE APUS 486W,EXW,20GP,Wenzhou,Manzanillo,2,65331.16,130662.32,6942.0,0.0,4287.2,4784.0,14.94,8456110100,137604.32,248000.14,#REF!,439654.64,7972.8,35505.37,,0.0,18.0227,,,China
IMP-2023-0083,PO-202303-028,INV-1014-202303-0004,SUP-1014,SKU-105,2023-03-17,2023-05-21,2023-06-26,2023-06-26,2023-07-06,,MSC,MSC ANZU 414E,FOB,40GP,Nantong,Manzanillo,1,168348.66,168348.66,8383.69,609.8,14233.9,15744.7,13.83,8457100100,177342.15,"MXN 319,618.44",25569.47,566619.56,7266.1,20585.57,0.0,0.0,18.0227,,,China
IMP-2023-0084,PO-202303-029,INV-1002-202303-0004,SUP-1002,SKU-136,18/03/2023,17/05/2023,14/06/2023,14/06/2023,20/06/2023,24/06/2023,Yang Ming Marine Transport,HAPAG BERLIN EXPRESS 773W,FOB,20GP,Shekou,Manzanillo,2,18487.95,"$36,975.90",9379.55,215.87,3354.2,3742.8,11.97,8480710100,46571.32,41967.05,6714.73,142083.63,3927.69,32661.55,0.0,0.0,18.0227,,,China
IMP-2023-0085,PO-202303-030,INV-1002-202303-0005,SUP-1002,SKU-107,2023-03-19,2023-05-12,2023-06-15,2023-06-15,2023-06-18,2023-06-21,Evergreen Marine,YM WELLNESS 218W,FOB,40GP,"Shekou, CN",Manzanillo,3,45025.96,"$135,077.88",8346.43,776.9,31627.2,36605.0,39.48,8458110100,144201.21,259889.51,20791.16,460732.13,7972.05,42974.29,0.0,,18.0227,0,No issues found on inspection,China
IMP-2023-0086,PO-202303-031,INV-1014-202303-0005,SUP-1014,SKU-104,03/19/2023,05/26/2023,06/23/2023,06/23/2023,06/28/2023,07/01/2023,Hapag-Lloyd,MSC ANZU 413W,FOB,40HC,Nantong,Manzanillo,2,143486.09,286972.18,7287.82,1659.17,17273.4,19174.3,53.94,8457100100,295919.17,"MXN 533,326.24",42666.1,945480.76,8559.38,29104.8,0.0,,18.0227,,,China
IMP-2023-0087,PO-202303-032,INV-1006-202303-0001,SUP-1006,SKU-112,03/19/2023,05/22/2023,07/01/2023,05/19/2023,07/24/2023,,MSC,MAERSK ESSEX 369E,FOB,20GP,Ningbo-Zhoushan,Manzanillo,1,70713.09,70713.09,,322.02,2143.6,2397.8,7.02,8456110100,79897.72,143594.58,11487.57,254564.47,4381.75,20101.52,10255.89,0.0,17.9723,,,China
IMP-2023-0088,PO-202303-033,INV-1003-202303-0002,SUP-1003,SKU-999,03/19/2023,06/12/2023,07/14/2023,07/14/2023,07/22/2023,07/25/2023,COSCO Shipping Lines,MAERSK ESSEX 812E,FOB,40GP,Nansha,Manzanillo,1,59030.85,"$59,030.85",8602.05,251.82,3195.7,3705.2,18.53,8456110100,67884.72,122004.46,9760.36,216289.5,8847.77,22113.89,,,17.9723,,,China
IMP-2023-0089,PO-202303-034,INV-1013-202303-0003,SUP-1013,SKU-109,2023-03-20,2023-04-28,2023-05-31,2023-05-31,2023-06-09,2023-06-10,Maersk,MAERSK ESSEX 769E,FOB,40GP,Shanghai,"Manzanillo, Colima",3,78853.25,"$236,559.75",6713.63,,40221.6,46443.3,37.42,8458110100,244209.78,"MXN 444,576.58",35566.13,788145.36,5796.82,42873.8,0.0,,18.2047,0,Sin observaciones durante la inspección,China
IMP-2023-0090,PO-202303-035,INV-1006-202303-0002,SUP-1006,SKU-108,20/03/2023,11/05/2023,11/06/2023,11/06/2023,13/06/2023,,MSC,COSCO VEGA 216E,FOB,20GP,Ningbo-Zhoushan,Manzanillo,3,115302.26,"$345,906.78",8670.12,,33657.6,39042.0,33.85,8458 11 01 00,356164.44,641904.49,51352.36,1137968.27,7875.52,43138.95,0.0,0.0,18.0227,,,China
IMP-2023-0091,PO-202303-036,INV-1002-202303-0006,SUP-1002,SKU-106,03/21/2023,06/07/2023,07/06/2023,07/06/2023,07/14/2023,07/16/2023,MSC,EVER LIBRA 125E,FOB,40GP,Shekou,Manzanillo,4,"$87,901.22",351604.88,9453.86,,53309.2,61660.3,64.75,8458110100,363133.15,652633.79,52210.7,1156989.18,5283.32,49960.79,0.0,0.0,17.9723,,,China
IMP-2023-0092,PO-202303-037,INV-1012-202303-0003,SUP-1012,SKU-108,22/03/2023,03/05/2023,31/05/2023,30/05/2023,08/06/2023,11/06/2023,Yang Ming Marine Transport,MSC ANZU 743E,FOB,20GP,Shanghai,Lázaro Cárdenas,2,105012.44,210024.88,8217.46,910.02,22438.4,24390.7,22.57,8458110100,219152.36,398960.3,31916.82,707276.81,5765.56,39258.2,0.0,0.0,18.2047,,,China
IMP-2023-0093,PO-202303-038,INV-1003-202303-0003,SUP-1003,SKU-133,03/22/2023,05/23/2023,06/20/2023,06/20/2023,06/24/2023,06/26/2023,Evergreen Marine,COSCO VEGA 375W,EXW,40HC,Nansha,Lázaro Cárdenas,2,99361.16,"$198,722.32",6323.65,,40544.6,44561.8,63.64,8462910100,205045.97,369548.2,29563.86,655135.05,3733.75,50622.08,0.0,0.0,18.0227,,,China
IMP-2023-0094,PO-202303-039,INV-1003-202303-0004,SUP-1003,SKU-133,2023-03-22,2023-06-04,2023-07-18,2023-07-18,2023-07-23,2023-07-26,Hapag-Lloyd,HAPAG BERLIN EXPRESS 534W,FOB,40HC,Nansha,Veracruz,2,"97,693.52",195387.04,8105.15,,40544.6,45040.4 kg,63.14,8462910100,204320.31,367210.59,29376.85,650990.94,3731.88,68326.21,0.0,,17.9723,,,China
IMP-2023-0095,PO-202303-040,INV-1003-202303-0005,SUP-1003,SKU-113,2023-03-23,2023-06-15,2023-07-13,2023-07-31,2023-08-08,2023-08-10,Yang Ming Marine Transport,MAERSK ESSEX 575E,FOB,40GP,Nansha,Manzanillo,6,64950.77,389704.62,6411.85,1543.7,19174.2,21234.4,107.34,8456110100,397660.17,714686.79,57174.94,1266996.74,7415.15,67794.34,35219.3,,17.9723,,,China
IMP-2023-0096,PO-202303-041,INV-1014-202303-0006,SUP-1014,SKU-139,2023-03-23,2023-05-09,2023-06-07,2023-06-07,2023-06-10,2023-06-12,Evergreen Marine,YM WELLNESS 377W,FOB,20GP,Nantong,Manzanillo,3,"22,403.30","$67,209.90",7112.69,381.48,3101.4,3496.6,27.95,8428330100,74704.07,134636.9,10770.95,238684.3,6079.01,36439.18,,,18.0227,,,China
IMP-2023-0097,PO-202303-042,INV-1005-202303-0004,SUP-1005,SKU-139,23/03/2023,05/05/2023,02/06/2023,02/06/2023,11/06/2023,15/06/2023,COSCO Shipping Lines,MAERSK COLUMBUS 755W,FOB,20GP,Shekou,Manzanillo,3,"$22,813.32",68439.96,8886.38,,3101.4,3522.0,26.5,842833,77698.96,140034.5,11202.76,248253.17,6526.25,41174.86,0.0,0.0,18.0227,,,China
IMP-2023-0098,PO-202303-043,INV-1001-202303-0002,SUP-1001,SKU-114,2023-03-24,2023-06-20,2023-07-25,2023-07-25,2023-08-03,2023-08-07,Maersk,YM WELLNESS 743E,FOB,40HC,Yantian,"Manzanillo, Colima",1,64263.88,64263.88,7262.51,303.23,13106.2,14476.4,28.2,8477100100,71829.62,129094.35,10327.55,228858.46,4514.08,17274.78,0.0,0.0,17.9723,,,China
IMP-2023-0099,PO-202303-044,INV-1002-202303-0007,SUP-1002,SKU-107,25/03/2023,14/05/2023,11/06/2023,14/06/2023,22/06/2023,26/06/2023,Evergreen Marine,HAPAG BERLIN EXPRESS 372E,DDP,40GP,Shekou,Manzanillo,1,42674.91,"$42,674.91",7547.06,181.42,10542.4,11401.6,13.4,8458110100,50403.39,90840.52,7267.24,161042.07,7196.27,20848.98,0.0,0.0,18.0227,,,China
IMP-2023-0100,PO-202303-045,INV-1007-202303-0004,SUP-1007,SKU-127,2023-03-26,2023-06-22,2023-07-20,2023-07-20,2023-07-27,2023-07-30,Maersk,ONE APUS 732E, FOB,40GP,Ningbo-Zhoushan,Manzanillo,2,54695.55,"$109,391.10",8356.03,551.16,7651.0,8457.5,38.93,8422309900,118298.29,212609.24,17008.74,376913.65,8803.42,34481.46,0.0,0.0,17.9723,,,China
IMP-2023-0101,PO-202303-046,INV-1008-202303-0004,SUP-1008,SKU-112,2023-03-27,2023-06-12,2023-07-11,2023-07-23,2023-08-01,2023-08-05,COSCO Shipping Lines,YM WELLNESS 563W,FOB,20GP,Wenzhou,Manzanillo,1,69170.18,69170.18,8481.86,335.62,2143.6,2386.6,7.43,8456 11 01 00,77987.66,140161.76,11212.94,248478.77,7387.84,22179.5,0.0,0.0,17.9723,,,China
IMP-2023-0102,PO-202303-047,INV-1012-202303-0004,SUP-1012,SKU-142,03/27/2023,05/19/2023,06/24/2023,06/24/2023,06/28/2023,06/29/2023,MSC,HAPAG BERLIN EXPRESS 636W,EXW,20GP,Shanghai,Veracruz,2,"6,872.95","$13,745.90",10628.3,0.0,2373.8,2715.6,6.87,8515310100,24374.2,65893.33,3514.31,81391.45,4433.3,74405.4,,0.0,18.0227,,,China
IMP-2023-0103,PO-202304-001,INV-1001-202304-0001,SUP-1001,SKU-136,2023-04-01,2023-05-30,2023-06-28,2023-07-01,2023-07-20,2023-07-24,Hapag-Lloyd,YM WELLNESS 651W,FOB,20GP,Yantian,Lázaro Cárdenas,1,19087.33,"$19,087.33",5890.23,,1677.1,1936.3,5.84,8480710100,25061.62,22520.75,3603.32,76246.24,4162.61,32439.8,0.0,5505.12,17.9723,1,Sello de empaque roto,China
IMP-2023-0104,PO-202304-002,INV-1014-202304-0001,SUP-1014,SKU-116,2023-04-02,2023-06-19,2023-07-18,2023-07-21,2023-07-28,2023-07-29,COSCO Shipping Lines,MSC PALOMA 479W, FOB,20GP,Nantong,Manzanillo,4,"83,820.00","$335,280.00",8707.74,1039.56,25685.6,27945.5,43.15,8479500100,345027.3,620093.41,49607.47,1099301.61,4570.68,51572.56,0.0,0.0,17.9723,,,China
IMP-2023-0105,PO-202304-003,INV-1014-202304-0002,SUP-1014,SKU-105,04/02/2023,05/31/2023,06/30/2023,06/30/2023,07/02/2023,07/04/2023,Maersk,HAPAG BERLIN EXPRESS 784E,EXW,40GP,Nantong,Manzanillo,2,"152,337.64",304675.28,7152.69,,28467.8,31479.3,30.44,8457100100,311827.97,561998.2,44959.86,996310.4,5530.56,28728.4,,0.0,18.0227,,,China
IMP-2023-0106,PO-202304-004,INV-1001-202304-0002,SUP-1001,SKU-111,04/03/2023,05/11/2023,06/09/2023,06/21/2023,06/23/2023,06/27/2023,Ocean Network Express,MSC ANZU 445E,FOB,40GP,Yantian,Manzanillo,4,"47,407.44","$189,629.76",7324.9,800.44,7424.0,8143.3,63.69,8456110100,197755.1,356408.08,28512.65,631840.25,5205.7,55331.63,9592.24,,18.0227,0,No issues found on inspection,China
IMP-2023-0107,PO-202304-005,INV-1013-202304-0001,SUP-1013,SKU-120,2023-04-04,2023-07-08,2023-08-10,2023-08-10,2023-08-18,2023-08-22,Evergreen Marine,YM WELLNESS 772W,FOB,20GP,Shanghai,Manzanillo,1,58568.07,"$58,568.07",7959.95,,2182.8,2511.3,3.0,8479500100,66778.02,59330.27,9492.84,200868.55,7847.33,23073.81,0.0,0.0,17.7694,,,China
IMP-2023-0108,PO-202304-006,INV-1014-202304-0003,SUP-1014,SKU-105,04/05/2023,06/11/2023,07/08/2023,07/08/2023,07/12/2023,07/13/2023,Maersk,HAPAG BERLIN EXPRESS 187W,FOB,40GP,"Nantong, CN","Manzanillo, Colima",3,156321.52,468964.56,8216.25,1666.07,42701.7,47664.7,43.08,8457100100,478846.88,860597.98,68847.84,1525668.1,5675.68,36594.39,0.0,0.0,17.9723,0,No issues found on inspection,China
IMP-2023-0109,PO-202304-007,INV-1001-202304-0003,SUP-1001,SKU-121,04/08/2023,07/08/2023,08/06/2023,08/06/2023,08/11/2023,08/13/2023,Maersk,MAERSK COLUMBUS 665W,FOB,20GP,Yantian,Manzanillo,4,61123.17,"$244,492.68",7535.62,1206.41,9463.6,10225.8,32.31,8479500100,253234.71,224991.44,35998.63,761731.03,6813.13,40005.19,0.0,0.0,17.7694,5,Faltó el manual en español,China
IMP-2023-0110,PO-202304-008,INV-1014-202304-0004,SUP-1014,SKU-116,04/06/2023,07/03/2023,08/06/2023,08/06/2023,08/14/2023,08/15/2023,Hapag-Lloyd,ONE APUS 735E,FOB,20GP,Nantong,Manzanillo,1,80559.53,"$80,559.53",8614.04,438.34,6421.4,7025.6,9.71,8477100100,89611.91,159234.99,12738.8,282291.79,5778.7,22261.51,0.0,0.0,17.7694,0,Sin observaciones durante la inspección,China
IMP-2023-0111,PO-202304-009,INV-1007-202304-0001,SUP-07,SKU-135,2023-04-06,2023-06-01,2023-07-04,2023-07-04,2023-07-12,2023-07-14,Maersk,MAERSK COLUMBUS 509E,EXW,20GP,Ningbo-Zhoushan,Manzanillo,3,4400.90,"$13,202.70",9723.56,0.0,5664.9,6464.6,14.41,8480710100,22926.26,20601.88,3296.3,69749.73,4332.07,36043.0,0.0,0.0,17.9723,0,No issues found on inspection,China
IMP-2023-0112,PO-202304-010,INV-1006-202304-0001,SUP-1006,SKU-101,04/06/2023,06/02/2023,07/06/2023,08/01/2023,08/10/2023,08/13/2023,Yang Ming Marine Transport,HAPAG BERLIN EXPRESS 147W,FOB,40HC,Ningbo-Zhoushan,Veracruz,1,148911.53,"$148,911.53",7902.1,591.74,8542.5,9782.7,29.25,8457100100,157405.37,279699.9,22375.99,495851.98,8193.16,46806.75,0.0,0.0,17.7694,,,China
IMP-2023-0113,PO-202304-011,INV-1002-202304-0001,SUP-1002,SKU-102,06/04/2023,26/05/2023,30/06/2023,,09/07/2023,13/07/2023,Ocean Network Express,MSC PALOMA 752E,FOB,40GP,Shekou,Manzanillo,3,94580.44,"$283,741.32",8210.7,,45191.1,50011.8,63.14,8457100100,293156.16,528346.55,42267.72,936652.77,6826.59,30420.99,0.0,0.0,18.0227,0,Sin observaciones durante la inspección,China
IMP-2023-0114,PO-202304-012,INV-1002-202304-0002,SUP-1002,SKU-125,07/04/2023,29/05/2023,02/07/2023,02/07/2023,09/07/2023,10/07/2023,Ocean Network Express,YM WELLNESS 289E,FOB,20GP,Shekou,Manzanillo,1,13923.29,"$13,923.29",8436.75,,3330.5,3807.9,6.68,8414809900,22437.71,60488.59,3226.06,74715.5,4449.72,21810.01,,0.0,17.9723,0,No issues found on inspection,China
IMP-2023-0115,PO-202304-013,INV-1011-202304-0001,SUP-1011,SKU-120,07/04/2023,26/06/2023,24/07/2023,24/07/2023,27/07/2023,31/07/2023,Ocean Network Express,YM WELLNESS 589W,FOB,20GP,Shanghai,Manzanillo,3,56946.39,170839.17,,,6548.4,7368.9,9.81,8479500100,180151.9,161887.2,25901.95,548085.3,6734.94,34430.66,0.0,,17.9723,0,Sin observaciones durante la inspección,China
IMP-2023-0116,PO-202304-014,INV-1010-202304-0001,SUP-1010,SKU-110,04/08/2023,06/11/2023,07/10/2023,07/22/2023,07/27/2023,07/28/2023,Ocean Network Express,MSC ANZU 406E,DDP,20GP,Taizhou,Manzanillo,3,18826.09,"$56,478.27",9214.89,,14069.7,16264.4,33.83,8456110100,65898.83,118435.35,9474.83,209962.2,4732.1,42182.29,12605.45,,17.9723,,Revisión eléctrica sin hallazgos,China
IMP-2023-0117,PO-202304-015,INV-1002-202304-0003,SUP-1002,SKU-124,2023-04-10,2023-06-22,2023-07-28,2023-08-31,2023-09-12,2023-09-16,MSC,ONE APUS 612E,FOB,40hc,Shekou,Manzanillo,3,7620.24,22860.72,7584.4,93.5,1713.6,1921.5,16.05,8414809900,30538.62,81397.94,4341.22,100542.74,8905.99,33963.79,0.0,,17.7694,,,China
IMP-2023-0118,PO-202304-016,INV-1011-202304-0002,SUP-1011,SKU-127,10/04/2023,08/07/2023,13/08/2023,13/08/2023,22/08/2023,26/08/2023,COSCO Shipping Lines,MSC ANZU 707E,DDP,40GP,Shanghai,Manzanillo,2,"$54,066.43","$108,132.86",,,7651.0,8526.5,38.62,8422309900,116426.13,206882.25,16550.58,366760.85,6722.27,33402.49,0.0,,17.7694,,,China
IMP-2023-0119,PO-202304-017,INV-1006-202304-0002,SUP-1006,SKU-119,2023-04-10,2023-06-29,2023-07-28,2023-07-28,,2023-08-08,Evergreen Marine,HAPAG BERLIN EXPRESS 545W,FOB,20GP,Ningbo-Zhoushan,Lázaro Cárdenas,3,51666.85,"$155,000.55",5417.74,726.13,7464.9,8303.7,10.68,8479500100,161144.42,144806.79,23169.09,490257.88,9001.24,68619.67,0.0,0.0,17.9723,,,China
IMP-2023-0120,PO-202304-018,INV-1007-202304-0002,SUP-1007,SKU-132,2023-04-11,2023-06-21,2023-07-29,2023-07-29,2023-08-02,,Ocean Network Express,HAPAG BERLIN EXPRESS 723W,CIF,40GP,Ningbo-Zhoushan,Veracruz,1,"30.446,12",30446.12,0.0,,14439.6,16130.0,13.55,8462910100,30588.85,54975.2,4398.02,97460.03,7162.89,45348.22,,0.0,17.9723,0,Sin observaciones durante la inspección,China
IMP-2023-0121,PO-202304-019,INV-1011-202304-0003,SUP-1011,SKU-115,13/04/2023,29/06/2023,26/07/2023,26/07/2023,04/08/2023,06/08/2023,Maersk,COSCO VEGA 153E,EXW,,Shanghai,Manzanillo,2,44982.72,89965.44,6513.79,0.0,9126.0,10579.2,35.39,8477100100,96479.23,173395.37,13871.63,307395.31,3716.08,23321.3,0.0,0.0,17.9723,0,No issues found on inspection,China
IMP-2023-0122,PO-202304-020,INV-1003-202304-0001,SUP-1003,SKU-113,13/04/2023,07/07/2023,03/08/2023,03/08/2023,08/08/2023,12/08/2023,Maersk,HAPAG BERLIN EXPRESS 501W,FOB,40GP,Nansha,Manzanillo,1,62699.80,"$62,699.80",6897.98,226.63,3195.7,3547.2,18.2,8456110100,69824.41,124073.79,9925.9,219958.01,7094.47,26970.19,0.0,0.0,17.7694,,,China
IMP-2023-0123,PO-202304-021,INV-1006-202304-0003,SUP-1006,SKU-137,45031,45071,45097,45097,45101,45105,Maersk,YM WELLNESS 302E,FOB,40GP,Ningbo-Zhoushan,Lázaro Cárdenas,1,34764.18,"$34,764.18",5462.5,,5455.3,6296.2,17.62,8428330100,40405.68,72821.94,5825.76,129098.74,3882.59,29233.23,,0.0,18.0227,,,China
IMP-2023-0124,PO-202304-022,INV-1014-202304-0005,SUP-1014,SKU-123,2023-04-15,2023-06-28,2023-07-25,2023-07-25,2023-07-27,2023-07-28,Ocean Network Express,YM WELLNESS 130W,DDP,20GP,Nantong,Manzanillo,3,17728.35,53185.05,6924.66,172.08,4607.7,5167.7,22.46,8414809900,60281.79,162510.36,8667.22,200732.8,7049.12,29424.59,,0.0,17.9723,,,China
IMP-2023-0125,PO-202304-023,INV-1011-202304-0004,SUP-1011,SKU-135,2023-04-15,2023-06-20,2023-07-21,2023-07-22,2023-07-27,2023-07-31,Maersk,YM WELLNESS 530E,FOB,20GP,Shanghai,Manzanillo,4,3898.45,15593.80,6318.73,82.04,7553.2,8327.7,17.87,8480710100,21994.57,"MXN 19,764.65",3162.34,66915.2,5320.45,49378.92,,,17.9723,,,China
IMP-2023-0126,PO-202304-024,INV-1007-202304-0003,SUP-1007,SKU-128,2023-04-16,2023-06-21,2023-07-18,2023-07-18,2023-08-08,2023-08-10,Maersk,HAPAG BERLIN EXPRESS 505W,CIF,20GP,Ningbo-Zhoushan,Manzanillo,6,52884.59,317307.54,0.0,1313.56,30916.8,34872.7,66.84,8422309900,318621.1,572635.4,45810.83,1015168.04,8357.18,58006.13,0.0,,17.9723,,,China
IMP-2023-0127,PO-202304-025,INV-1002-202304-0004,SUP-1002,SKU-107,17/04/2023,03/06/2023,03/07/2023,03/07/2023,18/07/2023,22/07/2023,Ocean Network Express,YM WELLNESS 166E,FOB,40GP,Shekou,Manzanillo,1,"46,784.70",46784.70,5042.32,268.27,10542.4,11676.6,13.45,8458110100,52095.29,93627.22,7490.18,165982.33,6398.65,20809.5,0.0,0.0,17.9723,,,China
IMP-2023-0128,PO-202304-026,INV-1008-202304-0001,SUP-1008,SKU-126,04/18/2023,07/19/2023,08/15/2023,08/15/2023,08/18/2023,08/20/2023,Yang Ming Marine Transport,YM WELLNESS 498W,FOB,40GP,Wenzhou,Manzanillo,3,31761.83,"$95,285.49",8077.14,346.94,18692.4,21371.4,39.42,8422309900,103709.57,"MXN 184,285.68",14742.85,326701.66,5357.12,38331.54,,0.0,17.7694,,,China
IMP-2023-0129,PO-202304-027,INV-1002-202304-0005,SUP-1002,SKU-102,2023-04-18,2023-06-08,2023-07-08,2023-08-11,2023-08-14,2023-08-17,Ocean Network Express,MSC PALOMA 557W,DDP,40GP,Shekou,Manzanillo,2,101359.64,202719.28,9703.61,,30127.4,34916.3,41.3,8457100100,213431.66,379255.25,30340.42,672343.71,5655.65,32368.89,0.0,0.0,17.7694,,,China
IMP-2023-0130,PO-202304-028,INV-1013-202304-0002, SUP-1013,SKU-109,04/18/2023,05/27/2023,06/27/2023,07/05/2023,07/07/2023,,,YM WELLNESS 103E,EXW,40GP,Shanghai,Manzanillo,3,79334.61,238003.83,8480.69,0.0,40221.6,44032.8,37.36,8458110100,246484.52,442989.37,35439.15,785331.56,7159.74,45658.9,0.0,0.0,17.9723,0,Sin observaciones durante la inspección,China
IMP-2023-0131,PO-202304-029,INV-1002-202304-0006,SUP-1002,SKU-125,19/04/2023,10/06/2023,14/07/2023,14/07/2023,20/07/2023,24/07/2023,COSCO Shipping Lines,HAPAG BERLIN EXPRESS 282E,FOB,20GP,Shekou,Veracruz,1,14410.13,14410.13,8249.57,77.4,3330.5,3726.1,7.12,8414809900,22737.1,61295.7,3269.1,75712.45,3845.12,45431.88,0.0,0.0,17.9723,1,Calibration certificate missing,China
IMP-2023-0132,PO-202304-030,INV-1011-202304-0005,SUP-1011,SKU-107,04/20/2023,06/07/2023,07/06/2023,07/06/2023,07/21/2023,07/26/2023,Yang Ming Marine Transport,COSCO VEGA 539W,FOB,40GP,Shanghai,Manzanillo,6,43256.07,259536.42,9784.69,1243.36,63254.4,71079.5,80.8,8458110100,270564.47,486266.58,38901.33,862053.4,8387.8,60652.33,0.0,,17.9723,,,China
IMP-2023-0133,PO-202304-031,INV-1010-202304-0002,SUP-1010,SKU-104,04/20/2023,06/15/2023,07/23/2023,07/23/2023,07/29/2023,08/01/2023,Ocean Network Express,COSCO VEGA 458E,FOB,40HC,Taizhou,Manzanillo,2,156600.56,"$313,201.12",6737.76,1524.36,17273.4,19806.7,59.36,8457100100,321463.24,577743.38,46219.47,1024223.46,7996.95,34433.42,0.0,0.0,17.9723,0,No issues found on inspection,China
IMP-2023-0134,PO-202304-032,INV-1010-202304-0003,SUP-1010,SKU-110,21/04/2023,07/06/2023,08/07/2023,08/07/2023,13/07/2023,17/07/2023,Ocean Network Express,MSC ANZU 334W,FOB,20GP,Taizhou,Manzanillo,1,"$18,242.50","$18,242.50",8152.36,89.07,4689.9,5202.2,10.52,8456110100,26483.93,47597.71,3807.82,84381.23,3721.66,26224.67,,0.0,17.9723,,Bearing play detected on spindle,China
IMP-2023-0135,PO-202304-033,INV-1012-202304-0001,SUP-1012,SKU-142,04/20/2023,06/23/2023,07/27/2023,07/30/2023,08/08/2023,08/09/2023,MSC,COSCO VEGA 487E,FOB,20GP,Shanghai,Manzanillo,2,6868.50,13737.00,9219.56,46.11,2373.8,2679.7,6.98,8515310100,23002.67,62011.63,3307.29,76596.77,7345.15,27146.19,0.0,0.0,17.9723,,,China
IMP-2023-0136,PO-202304-034,INV-1001-202304-0004,SUP-1001,SKU-114,21/04/2023,17/07/2023,17/08/2023,17/08/2023,19/08/2023,21/08/2023,Yang Ming Marine Transport,HAPAG BERLIN EXPRESS 538E,FOB,40HC,Yantian,Manzanillo,2,71181.74,"$142,363.48",6710.46,506.25,26212.4,29485.5,51.08,8477100100,149580.19,265795.02,21263.6,471201.42,8003.35,29952.01,0.0,0.0,17.7694,,,China
IMP-2023-0137,PO-202304-035,INV-1001-202304-0005,SUP-1001,SKU-114,2023-04-22,2023-07-20,2023-08-30,2023-08-30,2023-09-06,2023-09-08,COSCO Shipping Lines,COSCO VEGA 628W,FOB,40HC,Yantian,Veracruz,1,63883.01,"$63,883.01",9727.7,327.44,13106.2,14653.4,28.81,8458110100,73938.15,"MXN 131,383.66",10510.69,232916.95,4659.31,45723.75,0.0,0.0,17.7694,0,Sin observaciones durante la inspección,China
IMP-2023-0138,PO-202304-036,INV-1001-202304-0006,SUP-1001,SKU-114,45038,45126,45161,45161,45165,45167,Yang Ming Marine Transport,YM WELLNESS 616E,FOB,40HC,Yantian,Manzanillo,2,71507.64,"$143,015.28",5094.79,,26212.4,29887.1,56.68,8477100100,148752.55,264324.36,21145.95,468594.22,4242.57,32960.84,,0.0,17.7694,,,China
IMP-2023-0139,PO-202304-037,INV-1012-202304-0002,SUP-1012,SKU-142,23/04/2023,24/06/2023,29/07/2023,29/07/2023,02/08/2023,05/08/2023,MSC,MSC PALOMA 261E,FOB,20GP,Shanghai,Manzanillo,4,7113.00,28452.00,8342.23,88.03,4747.6,5490.9,14.41,8515310100,36882.26,99428.86,5302.87,122814.52,8741.52,45938.15,0.0,0.0,17.9723,,,China
IMP-2023-0140,PO-202304-038,INV-1002-202304-0007,SUP-1002,SKU-106,04/23/2023,07/14/2023,08/12/2023,08/13/2023,08/17/2023,08/21/2023,Yang Ming Marine Transport,MSC ANZU 284E,DDP,40GP,Shekou,Manzanillo,1,"$81,942.18",81942.18,7653.02,,13327.3,14565.9,16.51,8458110100,89894.63,159737.36,12778.99,283182.4,8081.07,17570.3,0.0,0.0,17.7694,,,China
IMP-2023-0141,PO-202304-039,INV-1011-202304-0006,SUP-1011,SKU-127,04/23/2023,07/20/2023,08/21/2023,08/22/2023,08/27/2023,08/31/2023,Hapag-Lloyd,YM WELLNESS 126E,DDP,40GP,Shanghai,Manzanillo,4,"$53,233.67",212934.68,6358.34,726.63,15302.0,17127.7,76.45,8422309900,220019.65,390961.72,31276.94,693096.93,8632.67,54026.03,0.0,0.0,17.7694,2,Pallet damaged on arrival,China
IMP-2023-0142,PO-202304-040,INV-1002-202304-0008,SUP-1002,SKU-102,24/04/2023,19/06/2023,22/07/2023,22/07/2023,08/08/2023,11/08/2023,Maersk,ONE APUS 833W,CIF,40GP,Shekou,Manzanillo,6,95764.49,"$574,586.94",,3045.28,90382.2,104610.2,122.02,8457100100,577632.22,1038137.95,83051.04,1840410.97,6985.66,70881.12,0.0,,17.9723,,,China
IMP-2023-0143,PO-202304-041,INV-1008-202304-0002,SUP-1008,SKU-112,2023-04-25,2023-07-01,2023-08-05,2023-08-05,2023-08-09,2023-08-12,Hapag-Lloyd,MSC PALOMA 706E,FOB,20GP,Wenzhou,Manzanillo,1,66972.62,"$66,972.62",8178.14,392.27,2143.6,2393.6,7.77,8456110100,75543.03,"MXN 134,235.43",10738.83,237972.57,4275.16,25578.85,0.0,,17.7694,,,China
IMP-2023-0144,PO-202304-042,INV-1013-202304-0003,SUP-1013,SKU-109,2023-04-25,2023-06-03,2023-07-06,2023-08-01,2023-08-09,2023-08-11,Ocean Network Express,MSC PALOMA 381W,FOB,40GP,Shanghai,Manzanillo,1,"85,809.16",85809.16,8716.17,439.02,13407.2,15128.0,12.47,8458 11 01 00,94964.35,168745.95,13499.68,299152.82,8848.67,22808.25,38684.11,,17.7694,0,No issues found on inspection,China
IMP-2023-0145,PO-202304-043,INV-1013-202304-0004,SUP-1013,SKU-140,26/04/2023,03/07/2023,31/07/2023,31/07/2023,04/08/2023,08/08/2023,Ocean Network Express,YM WELLNESS 455E,FOB,20GP,Shanghai,Manzanillo,1,25219.66,25219.66,,96.17,1777.7,1982.7,3.39,8515310100,33386.16,90003.91,4800.21,111172.83,6585.83,23754.45,0.0,,17.9723,,,China
IMP-2023-0146,PO-202304-044,INV-1013-202304-0005,SUP-1013,SKU-117,04/27/2023,07/05/2023,08/10/2023,08/10/2023,08/12/2023,08/14/2023,COSCO Shipping Lines,COSCO ARIES 238E,fob,40GP,Shanghai,Manzanillo,2,34010.54,"$68,021.08",6516.15,265.72,23168.0,26160.4,31.29,8477100100,74802.95,132920.35,10633.63,235641.2,5937.09,27239.14,0.0,0.0,17.7694,0,No issues found on inspection,China
IMP-2023-0147,PO-202304-045,INV-1002-202304-0009,SUP-1002,SKU-125,27/04/2023,07/07/2023,12/08/2023,12/08/2023,15/08/2023,16/08/2023,Hapag-Lloyd,COSCO VEGA 432E,EXW,20GP,Shekou,Manzanillo,2,14516.71,"$29,033.42",5661.56,0.0,6661.0,7211.5,14.28,8414809900,34694.98,92476.35,4932.07,114226.78,3656.16,35325.75,0.0,0.0,17.7694,,,China
IMP-2023-0148,PO-202305-001,INV-1008-202305-0001,SUP-1008,SKU-122,45047,45147,45184,45184,45188,45190,Hapag-Lloyd,HAPAG BERLIN EXPRESS 345W,FOB,20GP,Wenzhou,Manzanillo,2,23712.77,47425.54,,214.3,2588.4,2921.9,8.13,8414809900,53287.37,"MXN 140,760.19",7507.21,173866.98,4592.7,26778.7,0.0,0.0,17.6102,,,China
IMP-2023-0149,PO-202305-002,INV-1013-202305-0001,SUP-1013,SKU-105,2023-05-02,2023-07-06,,2023-08-20,2023-08-24,2023-08-26,Yang Ming Marine Transport,HAPAG BERLIN EXPRESS 424E,FOB,40GP,Shanghai,Manzanillo,1,"162,312.64","$162,312.64",5090.01,,14233.9,16264.7,15.43,8457100100,168284.51,299031.48,23922.52,530123.0,5432.09,24204.79,,0.0,17.7694,,,China
IMP-2023-0150,PO-202305-003,INV-1014-202305-0001,sup1014,SKU-105,2023-05-03,2023-07-06,2023-08-04,2023-08-04,2023-08-08,2023-08-12,COSCO Shipping Lines,COSCO ARIES 588W,FOB,40GP,Nantong,"Manzanillo, Colima",1,164221.26,"$164,221.26",7140.74,562.78,14233.9,15822.1,14.72,8414809900,171924.78,"MXN 305,500.02",24440.0,541590.43,8323.89,20681.17,,0.0,17.7694,0,Sin observaciones durante la inspección,China
IMP-2023-0151,PO-202305-004,INV-1001-202305-0001,SUP-1001,SKU-121,2023-05-04,2023-08-01,2023-09-03,2023-07-14,2023-09-06,2023-09-10,COSCO Shipping Lines,MAERSK ESSEX 693W,FOB,20GP,Yantian,Manzanillo,1,59674.32,"$59,674.32",6743.21,225.13,2365.9,2648.5,8.03,8479500100,66642.66,58679.53,9388.72,198665.41,8541.84,21923.82,0.0,0.0,17.6102,2,Fuga de aceite hidráulico,China
IMP-2023-0152,PO-202305-005,INV-1001-202305-0002,SUP-1001,SKU-141,07/05/2023,01/07/2023,01/08/2023,,07/08/2023,10/08/2023,Maersk,HAPAG BERLIN EXPRESS 327W,FOB,20GP,"YANTIAN, CN",Lázaro Cárdenas,1,"$30,070.34",30070.34,8805.95,122.56,1895.6,2101.2,4.3,8515310100,38998.85,103947.92,5543.89,128396.48,5708.26,30978.09,0.0,0.0,17.7694,,,China
IMP-2023-0153,PO-202305-006,INV-1011-202305-0001,SUP-1011,SKU-123,09/05/2023,04/08/2023,17/09/2023,29/09/2023,07/10/2023,09/10/2023,Evergreen Marine,MAERSK ESSEX 564W,FOB,20GP,Shanghai,Veracruz,1,19044.50,"$19,044.50",9995.17,57.99,1535.9,1709.6,6.93,8414809900,29097.66,76862.34,4099.32,94940.36,5307.34,57913.55,,0.0,17.6102,0,Sin observaciones durante la inspección,China
IMP-2023-0154,PO-202305-007,INV-1011-202305-0002,SUP-1011 ,SKU-136,05/08/2023,06/26/2023,07/29/2023,07/29/2023,08/06/2023,08/07/2023,Yang Ming Marine Transport,MAERSK ESSEX 358W,FOB,20GP,Shanghai,Manzanillo,1,"$18,858.68",18858.68,7753.79,84.31,1677.1,1896.7,,8480710100,26696.78,23990.13,3838.42,81220.97,6958.79,23350.99,0.0,0.0,17.9723,1,Minor surface rust on housing,China
IMP-2023-0155,PO-202305-008,INV-1013-202305-0002,SUP-1013,SKU-117,05/08/2023,07/14/2023,08/09/2023,09/12/2023,09/20/2023,09/21/2023,COSCO Shipping Lines,HAPAG BERLIN EXPRESS 784E,FOB,40'GP,Shanghai,Lázaro Cárdenas,3,32721.46,"$98,164.38",7754.19,470.37,34752.0,37953.8,48.7,8477100100,106388.94,187353.05,14988.24,332139.49,4173.91,67470.23,5427.66,0.0,17.6102,0,No issues found on inspection,China
IMP-2023-0156,PO-202305-009,INV-1011-202305-0003,SUP-1011,SKU-136,2023-05-09,2023-06-27,2023-07-24,2023-07-24,2023-07-30,2023-08-01,Evergreen Marine,ONE APUS 775W,EXW,20GP,Shanghai,Manzanillo,1,"18,290.67","$18,290.67",6888.7,0.0,1677.1,1900.7,5.71,8480710100,25179.37,"MXN 22,626.56",3620.25,76604.48,7592.15,26764.54,0.0,0.0,17.9723,18,Tornillería incompleta,China
IMP-2023-0157,PO-202305-010,INV-1011-202305-0004,SUP-1011,SKU-133,09/05/2023,24/07/2023,29/08/2023,27/08/2023,12/09/2023,13/09/2023,MSC,YM WELLNESS 315E,FOB,40HC,Shanghai,Manzanillo,2,92067.66,184135.32,5737.48,,40544.6,45040.1,61.53,8462 91 01 00,190535.69,338570.49,27085.64,600217.76,6476.79,32553.65,0.0,2771.85,17.7694,,,China
IMP-2023-0158,PO-202305-011,INV-1014-202305-0002,SUP-1014,SKU-134,2023-05-10,2023-07-02,2023-08-04,2023-08-04,2023-08-13,2023-08-17,Ocean Network Express,EVER LIBRA 405W,CIF,20GP,Nantong,Veracruz,1,6869.47,6869.47,0.0,,1398.5,1592.0,4.33,8480710100,6898.89,"MXN 6,129.46",980.71,20751.89,5934.75,63217.04,,0.0,17.7694,,,China
IMP-2023-0159,PO-202305-012,INV-1012-202305-0001, SUP-1012,SKU-141,05/12/2023,06/30/2023,08/03/2023,08/03/2023,08/08/2023,08/12/2023,Maersk,COSCO ARIES 309E,CIF,20GP,Shanghai,Lázaro Cárdenas,1,28555.93,"$28,555.93",0.0,,1895.6,2177.5,3.87,8515310100,28666.47,76407.9,4075.09,94379.03,8258.28,35623.36,0.0,0.0,17.7694,,,China
IMP-2023-0160,PO-202305-013,INV-1013-202305-0003,SUP-1013,SKU-117,05/12/2023,07/27/2023,08/31/2023,08/31/2023,09/09/2023,09/12/2023,Evergreen Marine,MSC ANZU 642W,FOB,40GP,Shanghai,Lázaro Cárdenas,2,31718.93,63437.86,7657.38,280.26,23168.0,26149.2,32.1,8477100100,71375.5,126829.98,10146.4,224844.19,4616.51,45518.97,0.0,0.0,17.7694,0,Sin observaciones durante la inspección,China
IMP-2023-0161,PO-202305-014,INV-1004-202305-0001,SUP-1004,SKU-134,12/05/2023,03/07/2023,06/08/2023,06/08/2023,11/08/2023,12/08/2023,Ocean Network Express,EVER LIBRA 726W,EXW,20GP,Yantian,Manzanillo,1,7031.47,7031.47,7791.71,,1398.5,1572.9,4.11,8480710100,14823.18,13169.95,2107.19,44588.19,7972.83,18122.77,0.0,,17.7694,,,China
IMP-2023-0162,PO-202305-015,INV-1013-202305-0004,SUP-1013,SKU-120,13/05/2023,11/08/2023,08/09/2023,08/09/2023,14/09/2023,17/09/2023,MSC,HAPAG BERLIN EXPRESS 762E,CIF,20GP,Shanghai,Lázaro Cárdenas,3,57044.59,171133.77,0.0,684.62,6548.4,7253.0,9.14,8479500100,171818.39,151287.81,24206.05,512200.01,7758.3,55909.5,0.0,0.0,17.6102,,,China
IMP-2023-0163,PO-202305-016,INV-1005-202305-0001,SUP-1005,SKU-138,2023-05-14,2023-07-26,2023-08-27,2023-08-27,2023-08-30,2023-09-03,COSCO Shipping Lines,MSC PALOMA 860E,FOB,40GP,Shekou,Manzanillo,4,1087743.00,43509.72,6314.32,,21014.8,23634.0,50.51,8428330100,50072.13,88975.17,7118.01,157735.18,6854.02,36231.19,0.0,0.0,17.7694,2,Perforación fuera de tolerancia,China
IMP-2023-0164,PO-202305-017,INV-1013-202305-0005,SUP-1013,SKU-137,05/14/2023,06/12/2023,07/13/2023,07/15/2023,07/19/2023,07/23/2023,Hapag-Lloyd,MAERSK COLUMBUS 338E,FOB,40GP,Shanghai,Manzanillo,3,"33,593.00","$100,779.00",7347.05,603.7,16365.9,18375.5,56.66,8428330100,108729.75,195412.37,15632.99,346427.05,7801.96,34943.46,0.0,0.0,17.9723,,,China
IMP-2023-0165,PO-202305-018,INV-1013-202305-0006,SUP-1013,SKU-109,05/15/2023,06/24/2023,07/25/2023,07/25/2023,08/01/2023,08/04/2023,Yang Ming Marine Transport,YM WELLNESS 571E,FOB,20GP,Shanghai,Lázaro Cárdenas,2,79932.91,159865.82,8621.63,625.66,26814.4,29283.2,23.91,8458110100,169113.11,303935.15,24314.81,538816.24,7908.03,43331.75,,,17.9723,1,Rebaba en el acabado de la bancada,China
IMP-2023-0166,PO-202305-019,INV-1007-202305-0001,SUP-1007,SKU-129,2023-05-15,2023-08-14,2023-09-14,2023-10-02,2023-10-23,2023-10-26,COSCO Shipping Lines,COSCO VEGA 516W,FOB,40GP,Ningbo-Zhoushan,Manzanillo,3,40412.59,"$121,237.77",7210.55,,23316.0,25293.2,52.27,8422309900,129169.08,224138.06,17931.05,397351.96,5729.16,37267.13,0.0,,17.3523,0,No issues found on inspection,China
IMP-2023-0167,PO-202305-020,INV-1012-202305-0002,SUP-1012,SKU-142,16/05/2023,15/07/2023,17/08/2023,,25/08/2023,27/08/2023,Maersk,COSCO ARIES 604W,DDP,20GP,Shanghai,Lázaro Cárdenas,1,7363.12,"$7,363.12",8588.38,,1186.9,1361.4,3.51,8515310100,15974.83,42579.47,2270.91,52594.16,4767.21,32912.31,,0.0,17.7694,,,China
IMP-2023-0168,PO-202305-021,INV-1011-202305-0005,SUP-1011,SKU-137,2023-05-18,2023-06-16,2023-07-18,2023-07-18,2023-08-08,2023-08-10,Hapag-Lloyd,MSC ANZU 611E,FOB,40GP,Shanghai,Lázaro Cárdenas,4,33337.07,133348.28,7529.03,,21821.2,24162.1,72.74,8428330100,141382.26,254096.44,20327.72,450462.17,4421.61,67657.48,0.0,6719.79,17.9723,1,Etiqueta de seguridad desprendida,China
IMP-2023-0169,PO-202305-022,INV-1011-202305-0006,SUP-1011,SKU-136,05/18/2023,07/14/2023,08/17/2023,08/17/2023,08/19/2023,08/20/2023,Evergreen Marine,HAPAG BERLIN EXPRESS 635E,EXW,20GP,Shanghai,Lázaro Cárdenas,6,19374.71,116248.26,,0.0,10062.6,11535.2,35.74,8480710100,125925.49,111881.02,17900.96,378784.38,6777.64,89640.08,0.0,0.0,17.7694,,,China
IMP-2023-0170,PO-202305-023,INV-1012-202305-0003,SUP-1012,SKU-108,2023-05-18,2023-07-02,2023-08-03,2023-08-11,2023-08-19,2023-08-22,Ocean Network Express,EVER LIBRA 640W,EXW,20GP,Shanghai,Manzanillo,3,107059.76,321179.28,7865.04,0.0,33657.6,37331.3,34.53,8458110100,329044.32,584692.01,46775.36,1036542.0,3739.14,33508.21,0.0,0.0,17.7694,0,Sin observaciones durante la inspección,China
IMP-2023-0171,PO-202305-024,INV-1002-202305-0001,SUP-1002,SKU-102,19-05-2023,14-07-2023,08-08-2023,09-08-2023,20-08-2023,21-08-2023,Ocean Network Express,EVER LIBRA 701E,FOB,40GP,Shenzhen (Shekou),Lázaro Cárdenas,1,103326.98,"$103,326.98",7799.46,,15063.7,16768.0,19.5,845710,111615.58,198334.19,15866.74,351606.85,5481.48,38765.75,0.0,5272.38,17.7694,,,China
IMP-2023-0172,PO-202305-025,INV-1005-202305-0002,SUP-1005,SKU-138,2023-05-20,2023-07-27,2023-08-26,2023-08-29,2023-09-07,2023-09-08,COSCO Shipping Lines,COSCO ARIES 277W,fob,,Shekou,Lázaro Cárdenas,1,"$11,055.55","$11,055.55",5488.24,61.04,5253.7,5818.8,12.97,8428330100,16604.83,29505.79,2360.46,52307.86,6718.93,37478.84,0.0,,17.7694,0,Sin observaciones durante la inspección,China
IMP-2023-0173,PO-202305-026,INV-1012-202305-0004, SUP-1012,SKU-142,2023-05-21,2023-07-30,2023-09-05,2023-09-05,2023-09-14,2023-09-17,Ocean Network Express,COSCO VEGA 123W,FOB,20GP,Shanghai,Manzanillo,4,7529.01,30116.04,9108.69,95.61,4747.6,5245.7,13.36,8515 31 01 00,39320.34,103865.86,5539.51,128295.11,6146.82,52041.49,0.0,0.0,17.6102,,,China
IMP-2023-0174,PO-202305-027,INV-1003-202305-0001,SUP-1003,SKU-133,2023-05-21,2023-07-19,2023-08-22,2023-08-22,2023-09-13,2023-09-17,,MSC PALOMA 441E,FOB,40HC,Nansha,Manzanillo,3,94816.01,"$284,448.03",7617.9,,60816.9,66970.8,90.47,8462910100,293103.01,520826.46,41666.12,923321.15,5120.73,30223.66,0.0,0.0,17.7694,,,China
IMP-2023-0175,PO-202305-028,INV-1012-202305-0005,SUP-1012,SKU-103,45067,45146,45182,45182,45187,45191,Hapag-Lloyd,HAPAG BERLIN EXPRESS 385W,FOB,40GP,Shanghai,Manzanillo,1,177621.43,"$177,621.43",7647.07,,18341.2,20136.5,18.22,8457100100,185954.04,327468.78,26197.5,580536.66,6551.24,22607.82,,0.0,17.6102,,,China
IMP-2023-0176,PO-202305-029,INV-1013-202305-0007,SUP-1013,SKU-137,22/05/2023,09/07/2023,09/08/2023,09/08/2023,11/08/2023,14/08/2023,COSCO Shipping Lines,MSC PALOMA 156W,FOB,40GP,Shanghai,Manzanillo,2,33531.06,67062.12,6963.63,,10910.6,11851.4,,8428330100,74250.42,131938.54,10555.08,233900.65,7823.44,34044.58,0.0,0.0,17.7694,0,Sin observaciones durante la inspección,China
IMP-2023-0177,PO-202305-030,INV-1012-202305-0006,SUP-1012,SKU-103,05/22/2023,08/04/2023,09/06/2023,10/02/2023,10/08/2023,10/12/2023,Ocean Network Express,EVER LIBRA 745E,FOB,20 GP,Shanghai,Manzanillo,1,160274.20,"$160,274.20",6872.91,586.56,18341.2,19892.6,18.05,8457100100,167733.67,291056.5,23284.52,515984.96,7879.8,19132.0,,0.0,17.3523,,,China
IMP-2023-0178,PO-202305-031,INV-1002-202305-0002,SUP-1002,SKU-125,22/05/2023,20/07/2023,20/08/2023,20/08/2023,24/08/2023,25/08/2023,MSC,HAPAG BERLIN EXPRESS 774W,FOB,20GP,Shekou,Manzanillo,6,14766.94,88601.64,6976.11,297.86,19983.0,22161.9,40.64,8414809900,95875.61,255547.81,13629.22,315652.65,5824.48,56495.96,,0.0,17.7694,,,China
IMP-2023-0179,PO-202305-032,INV-1001-202305-0003,SUP-1001,SKU-111,22/05/2023,29/06/2023,27/07/2023,14/08/2023,19/08/2023,23/08/2023,Maersk,MSC PALOMA 570W,FOB,40GP,Yantian,Manzanillo,1,46335.40,"$46,335.40",5262.06,235.05,1856.0,2099.3,15.38,8456110100,51832.51,92103.26,7368.26,163280.66,4587.22,20037.99,33087.44,0.0,17.7694,,,China
IMP-2023-0180,PO-202305-033,INV-1006-202305-0001,SUP-1006,SKU-101,05/22/2023,07/09/2023,08/04/2023,08/04/2023,08/08/2023,08/09/2023,Hapag-Lloyd,HAPAG BERLIN EXPRESS 725W,FOB,40HC,Ningbo-Zhoushan,Lázaro Cárdenas,2,154390.59,308781.18,6971.42,1196.1,17085.0,19278.9,63.3,8457100100,316948.7,563198.82,45055.91,998438.87,8626.95,48224.23,,0.0,17.7694,0,No issues found on inspection,China
IMP-2023-0181,PO-202305-034,INV-1007-202305-0002,SUP-1007,SKU-141,2023-05-24,2023-07-23,2023-08-30,2023-08-30,2023-09-05,2023-09-09,Hapag-Lloyd,MAERSK ESSEX 738W,FOB,20GP,Ningbo-Zhoushan,Manzanillo,2,"$28,155.86","$56,311.72",,244.57,3791.2,4308.1,8.37,8515310100,62264.91,165961.51,8851.28,204995.66,5901.59,35864.31,0.0,,17.7694,0,Sin observaciones durante la inspección,China
IMP-2023-0182,PO-202305-035,INV-1003-202305-0002,SUP-1003,SKU-113,2023-05-24,2023-08-16,2023-09-16,2023-09-16,2023-10-02,2023-10-04,Evergreen Marine,MSC ANZU 841E,FOB,40GP,Nansha,Lázaro Cárdenas,1,63558.73,"$63,558.73",8565.98,255.65,3195.7,3564.8,17.94,8456110100,72380.36,127463.26,10197.06,225966.87,6543.65,40749.18,,,17.6102,,,China
IMP-2023-0183,PO-202305-036,INV-1013-202305-0008,SUP-1013,SKU-117,24/05/2023,03/08/2023,28/08/2023,28/08/2023,04/09/2023,05/09/2023,COSCO Shipping Lines,MAERSK COLUMBUS 140W,CIF,40GP,Shanghai,Lázaro Cárdenas,3,"$34,397.35",103192.05,,,34752.0,37973.9,49.73,847710,103806.43,184457.8,14756.62,327006.78,7763.52,58136.68,0.0,0.0,17.7694,,,China
IMP-2023-0184,PO-202305-037,INV-1007-202305-0003,SUP-1007,SKU-130,25/05/2023,23/07/2023,29/08/2023,29/08/2023,13/09/2023,16/09/2023,COSCO Shipping Lines,EVER LIBRA 375W,FOB,20 GP,Ningbo-Zhoushan,Manzanillo,4,"80,834.11","$323,336.44",6242.91,998.78,91196.0,101505.9,131.65,8462910100,330578.13,587417.5,46993.4,1041373.75,8136.25,39580.1,0.0,0.0,17.7694,,,China
IMP-2023-0185,PO-202305-038,INV-1012-202305-0007,SUP-1012,SKU-108,26/05/2023,22/07/2023,18/08/2023,19/08/2023,24/08/2023,28/08/2023,Evergreen Marine,HAPAG BERLIN EXPRESS 154W,FOB,20GP,Shanghai,Lázaro Cárdenas,2,"114,931.11","$229,862.22",8565.52,1134.08,22438.4,24692.6,21.89,,239561.82,425686.98,34054.96,754657.88,7319.71,36924.57,0.0,,17.7694,,,China
IMP-2023-0186,PO-202305-039,INV-1014-202305-0003,SUP-1014,SKU-116,26/05/2023,22/08/2023,26/09/2023,26/09/2023,30/09/2023,02/10/2023,MSC,MAERSK ESSEX 133E,CIF,20GP,Nantong,Manzanillo,1,88737.53,88737.53,0.0,,6421.4,7218.8,9.77,8477100100,89109.56,156923.72,12553.9,278194.37,4472.35,17909.86,,0.0,17.6102,0,Sin observaciones durante la inspección,China
IMP-2023-0187,PO-202305-040,INV-1006-202305-0002,SUP-1006,SKU-101,05/26/2023,07/11/2023,08/13/2023,08/13/2023,08/18/2023,08/20/2023,Yang Ming Marine Transport,EVER LIBRA 650E,CIF,40HC,Ningbo Zhoushan,Manzanillo,2,157261.27,314522.54,0.0,1262.65,17085.0,19142.7 kg,58.48,8457100100,315785.19,"MXN 561,131.34",44890.51,994773.63,5410.86,27851.38,0.0,0.0,17.7694,,,China
IMP-2023-0188,PO-202305-041,INV-1013-202305-0009,SUP-1013,SKU-109,26/05/2023,07/07/2023,04/08/2023,04/08/2023,13/08/2023,15/08/2023,Maersk,YM WELLNESS 352W,FOB,20 GP,Shanghai,Manzanillo,2,"$77,148.51","$154,297.02",6467.29,,26814.4,29412.2,25.87,8458110100,161409.0,286814.11,22945.13,508464.05,8879.62,29382.4,,0.0,17.7694,,,China
IMP-2023-0189,PO-202305-042,INV-1002-202305-0003,SUP-1002,SKU-107,27/05/2023,13/07/2023,15/08/2023,15/08/2023,21/08/2023,25/08/2023,Yang Ming Marine Transport,MSC PALOMA 751E,FOB,40GP,Shekou,Manzanillo,1,42805.66,"$42,805.66",8992.32,,10542.4,11466.0,12.76,8458110100,52028.09,92450.79,7396.06,163896.77,7737.01,17742.76,0.0,0.0,17.7694,,,China
IMP-2023-0190,PO-202305-043,INV-1011-202305-0007,SUP-1011,SKU-107,28/05/2023,07/07/2023,13/08/2023,13/08/2023,16/08/2023,20/08/2023,Yang Ming Marine Transport,YM WELLNESS 857W,FOB,40GP,Shanghai,"MANZANILLO, COL",2,"45,517.40",91034.80,9012.45,319.5,21084.8,23696.7,27.64,8458110100,100366.75,178345.69,14267.66,316171.24,5193.73,24861.24,0.0,0.0,17.7694,,,China
IMP-2023-0191,PO-202306-001,INV-1013-202306-0001,SUP-1013,SKU-109,02-06-2023,13-07-2023,10-08-2023,11-08-2023,20-08-2023,21-08-2023,COSCO Shipping Lines,YM WELLNESS 754W,FOB,20GP,Shanghai,Manzanillo,6,"83,502.17",501013.02,11295.16,,80443.2,92599.8,71.13,8458110100,514450.28,"MXN 914,147.28",73131.78,1620600.3,3919.16,56153.65,0.0,0.0,17.7694,,,China
IMP-2023-0192,PO-202306-002,INV-1014-202306-0001,SUP-1014,SKU-104,06/03/2023,08/09/2023,09/09/2023,10/13/2023,10/24/2023,,Ocean Network Express,MSC PALOMA 203W,FOB,40HC,Nantong,Manzanillo,2,158584.67,317169.34,7234.01,,17273.4,19574.5,57.19,8457100100,326125.38,565902.54,45272.2,1003232.03,6391.21,32334.54,0.0,,17.3523,,,China
IMP-2023-0193,PO-202306-003,INV-1014-202306-0002,SUP-1014,SKU-134,06/04/2023,07/23/2023,09/04/2023,09/04/2023,09/15/2023,09/19/2023,Yang Ming Marine Transport,MSC ANZU 585E,FOB,20GP,Nantong,Veracruz,1,"7,159.13",7159.13,8035.32,33.16,1398.5,1591.0,4.26,8480710100,15227.61,13408.06,2145.29,45394.34,8720.7,48725.56,,10238.09,17.6102,,,China
IMP-2023-0194,PO-202306-004,INV-1008-202306-0001,SUP-1008,SKU-126,2023-06-04,2023-08-28,2023-09-30,2023-10-05,2023-10-11,2023-10-14,Maersk,HAPAG BERLIN EXPRESS 479E,FOB,40GP,Wenzhou,Manzanillo,2,28869.69,"$57,739.38",9431.84,,12461.6,13896.2,24.33,8422.30.99.00,67428.98,117004.79,9360.38,207426.09,9013.78,31563.87,0.0,0.0,17.3523,0,No issues found on inspection,China
IMP-2023-0195,PO-202306-005,INV-1001-202306-0001,SUP-1001,SKU-114,05/06/2023,26/08/2023,26/09/2023,22/10/2023,25/10/2023,27/10/2023,Ocean Network Express,EVER LIBRA 343W,FOB,40HC,Yantian,Manzanillo,1,70851.35,70851.35,6723.27,272.1,13106.2,15009.3,28.7,8477100100,77846.72,135081.96,10806.56,239473.31,7862.34,21211.0,0.0,,17.3523,0,Sin observaciones durante la inspección,China
IMP-2023-0196,PO-202306-006,INV-1014-202306-0003,SUP-1014,SKU-121,06/06/2023,08/20/2023,09/16/2023,09/16/2023,09/25/2023,09/26/2023,COSCO Shipping Lines,YM WELLNESS 292W,FOB,20GP,Nantong,Manzanillo,4,65130.39,"$260,521.56",6664.27,1027.69,9463.6,10950.2,31.75,8479500100,268213.52,236164.69,37786.35,799559.16,9009.68,46054.8,0.0,0.0,17.6102,,,China
IMP-2023-0197,PO-202306-007,INV-1007-202306-0001,SUP-1007,SKU-129,06/06/2023,08/31/2023,10/01/2023,11/04/2023,11/22/2023,11/26/2023,Maersk,MSC ANZU 670E,FOB,40GP,Ningbo-Zhoushan,Manzanillo,1,"$37,219.63","$37,219.63",5976.06,201.56,7772.0,8618.8,19.16,842230,43397.25,75035.15,6002.81,133022.31,9046.21,25136.7,,7538.59,17.2903,,,China
IMP-2023-0198,PO-202306-008,INV-1013-202306-0002,SUP-1013,SKU-120,06-06-2023,25-08-2023,30-09-2023,,03-10-2023,06-10-2023,,MSC ANZU 808W,FOB,20GP,"Shanghai, CN",Manzanillo,2,"$56,736.05",113472.10,8580.09,,4365.6,4854.8,6.04,8456110100,122522.89,107882.63,17261.22,365247.43,3518.78,23574.4,0.0,,17.6102,0,Sin observaciones durante la inspección,China
IMP-2023-0199,PO-202306-009,INV-1011-202306-0001,SUP-1011,SKU-127,07-06-2023,02-09-2023,02-10-2023,05-11-2023,07-11-2023,10-11-2023,Evergreen Marine,MAERSK ESSEX 570E,FOB,40GP,Shanghai,Manzanillo,3,"$52,599.55",157798.65,8064.92,,11476.5,12772.3,55.68,8422309900,166556.08,287980.46,23038.44,510531.76,7087.36,44011.86,44216.1,0.0,17.2903,,,China
IMP-2023-0200,PO-202306-010,INV-1005-202306-0001,SUP-1005,SKU-110,2023-06-07,2023-08-13,2023-09-19,2023-09-20,2023-09-28,2023-10-02,Evergreen Marine,ONE APUS 844E,FOB,20GP,Shekou,Manzanillo,2,18695.95,37391.90,6450.85,222.01,9379.8,10449.2,21.15,8456110100,44064.76,77598.92,6207.91,137567.37,8288.13,35510.05,0.0,0.0,17.6102,,,China
IMP-2023-0201,PO-202306-011,INV-1006-202306-0001,SUP-1006,SKU-101,07/06/2023,31/07/2023,26/08/2023,26/08/2023,01/09/2023,05/09/2023,Hapag-Lloyd,YM WELLNESS 301E,FOB,40HC,Ningbo-Zhoushan,Lázaro Cárdenas,1,159657.38,159657.38,8352.05,901.61,8542.5,9812.9,29.63,8457100100,168911.04,300144.78,24011.58,532096.67,6703.57,36445.15,0.0,0.0,17.7694,,Óxido superficial en la carcasa,China
IMP-2023-0202,PO-202306-012,INV-1011-202306-0002,SUP-1011,SKU-135,08/06/2023,25/07/2023,01/09/2023,01/09/2023,07/09/2023,09/09/2023,Yang Ming Marine Transport,COSCO ARIES 478W,FOB,20GP,Shanghai,Veracruz,3,"4.321,63",12964.89,10907.34,,5664.9,6499.7,13.43,8480710100,23940.62,21079.96,3372.79,71368.3,8311.3,102196.85,0.0,0.0,17.6102,0,No issues found on inspection,China
IMP-2023-0203,PO-202306-013,INV-1005-202306-0002,SUP-1005,SKU-139,2023-06-09,2023-07-25,2023-08-22,2023-08-22,2023-08-30,2023-09-03,cosco shipping lines,MAERSK ESSEX 182W,FOB,20GP,Shekou,Manzanillo,1,21407.41,21407.41,5201.33,,1033.8,1143.4,9.15,8428330100,26688.72,47424.25,3793.94,84073.72,7988.81,22722.77,0.0,,17.7694,0,No issues found on inspection,China
IMP-2023-0204,PO-202306-014,INV-1002-202306-0001,SUP-1002,SKU-124,10-06-2023,01-09-2023,07-10-2023,15-10-2023,20-10-2023,21-10-2023,MSC,ONE APUS 357E,FOB,20GP,Shekou,Manzanillo,2,7275.66,"$14,551.32",,62.11,1142.4,1320.9,10.48,8414809900,22306.51,58060.39,3096.55,71716.19,6836.19,34936.49,42646.79,0.0,17.3523,0,No issues found on inspection,China
IMP-2023-0205,PO-202306-015,INV-1007-202306-0002,SUP-1007,SKU-141,12/06/2023,29/07/2023,03/09/2023,03/09/2023,06/09/2023,08/09/2023,MSC,COSCO VEGA 565E,FOB,20GP,Ningbo-Zhoushan,Manzanillo,2,29220.47,58440.94,6753.38,292.67,3791.2,4314.3,8.21,8515310100,65486.99,172985.85,9225.91,213672.12,5617.3,29541.35,0.0,0.0,17.6102,,,China
IMP-2023-0206,PO-202306-016,INV-1007-202306-0003,SUP-1007,SKU-141,06/13/2023,08/13/2023,09/14/2023,09/14/2023,,09/23/2023,Maersk,HAPAG BERLIN EXPRESS 602W,FOB,20GP,Ningbo-Zhoushan,Manzanillo,4,"28,170.81","$112,683.24",9731.33,,7582.4,8241.1,16.43,8515310100,123037.82,325008.09,17333.76,401450.0,7243.39,43165.76,0.0,0.0,17.6102,,,China
IMP-2023-0207,PO-202306-017,INV-1006-202306-0002,SUP-1006,SKU-119,2023-06-13,2023-08-20,2023-09-19,2023-09-19,2023-09-21,2023-09-22,Maersk,COSCO VEGA 440W,FOB,20GP,Ningbo-Zhoushan,Manzanillo,3,"47,771.60","$143,314.80",9617.14,586.17,8077.5,7464.9,11.35,8479500100,153518.11,135174.23,21627.88,457645.88,4232.11,40983.85,0.0,0.0,17.6102,,,China
IMP-2023-0208,PO-202306-018,INV-1011-202306-0003,SUP-1011,SKU-136,06/13/2023,08/04/2023,09/07/2023,09/07/2023,09/25/2023,09/28/2023,Yang Ming Marine Transport,HAPAG BERLIN EXPRESS 863W,FOB,20GP,Shanghai,Manzanillo,3,"$19,797.87",59393.61,8327.59,,5031.3,5779.0,16.23,8480710100,67913.5,59798.52,9567.76,202453.86,9117.45,30223.81,0.0,6752.68,17.6102,,,China
IMP-2023-0209,PO-202306-019,INV-1012-202306-0001,SUP-1012,SKU-122,45090,45190,45227,45227,45229,45230,COSCO Shipping Lines,EVER LIBRA 561E,FOB,20GP,Shanghai,Manzanillo,1,25385.19,25385.19,5252.02,79.45,1294.2,1415.7,4.05,8414809900,30716.66,79950.7,4264.04,98755.11,8971.81,26148.16,0.0,,17.3523,,,China
IMP-2023-0210,PO-202306-020,INV-1007-202306-0004,SUP-1007,SKU-128,06/15/2023,08/27/2023,09/26/2023,09/26/2023,10/14/2023,10/17/2023,Yang Ming Marine Transport,COSCO ARIES 690E,FOB,20GP,Ningbo-Zhoushan,Lázaro Cárdenas,1,"50.911,96","$50,911.96",,,5152.8,5885.2,11.81,8422309900,58858.19,103650.45,8292.04,183751.52,4162.94,38372.6,0.0,11796.79,17.6102,0,No issues found on inspection,China
IMP-2023-0211,PO-202306-021,INV-1001-202306-0002,SUP-1001,SKU-125,2023-06-16,2023-08-23,2023-09-23,2023-09-28,2023-10-05,2023-10-08,Maersk,MSC ANZU 721W,FOB,20GP,Yantian,Manzanillo,1,14839.95,14839.95,6982.63,55.29,3330.5,3681.9,7.11,8414809900,21877.87,57791.05,3082.19,71383.5,6992.3,21318.71,0.0,0.0,17.6102,,,China
IMP-2023-0212,PO-202306-022,INV-1014-202306-0004,SUP-1014,SKU-118,2023-06-16,2023-09-10,2023-10-08,2023-10-09,2023-10-13,2023-10-16,Hapag-Lloyd,HAPAG BERLIN EXPRESS 651W,FOB,40GP,Nantong,Manzanillo,2,29991.40,59982.80,9432.33,326.98,13345.6,14458.9,26.48,8477100100,69742.11,121018.6,9681.49,214541.78,5338.33,26383.0,0.0,0.0,17.3523,,,China
IMP-2023-0213,PO-202306-023,INV-1006-202306-0003,SUP-1006,SKU-101,2023-06-16,2023-08-11,2023-09-10,2023-09-10,2023-09-21,2023-09-24,Hapag-Lloyd,EVER LIBRA 551E,FOB,40HC,Ningbo-Zhoushan,Manzanillo,4,157311.18,629244.72,9381.79,2523.33,34170.0,37062.2,123.53,8457100100,641149.84,1129077.69,90326.22,2001628.93,3706.28,39981.89,0.0,0.0,17.6102,,,China
IMP-2023-0214,PO-202306-024,INV-1004-202306-0001,SUP-1004,SKU-114,2023-06-16,2023-09-05,2023-10-08,2023-10-08,2023-10-17,2023-10-18,MSC,MSC ANZU 890W,CIF,40HC,Yantian,Manzanillo,2,"66,363.84",132727.68,0.0,,26212.4,29362.2,53.71,8477100100,133167.43,231076.12,18486.09,409651.74,8479.85,23498.31,0.0,,17.3523,,,China
IMP-2023-0215,PO-202306-025,INV-1001-202306-0003,SUP-1001,SKU-137,2023-06-18,2023-07-17,2023-08-13,2023-08-13,2023-08-29,2023-09-01,Evergreen Marine,COSCO ARIES 835E,FOB,40GP,Yantian,Manzanillo,2,32696.04,65392.08,6423.34,,10910.6,12481.8,34.45,8428330100,72060.73,128047.59,10243.81,227002.77,4947.45,24072.76,0.0,,17.7694,,,China
IMP-2023-0216,PO-202306-026,INV-1007-202306-0005,SUP-1007,SKU-127,18/06/2023,26/08/2023,28/09/2023,28/09/2023,04/10/2023,08/10/2023,Yang Ming Marine Transport,MAERSK COLUMBUS 452W,DDP,,Ningbo Zhoushan,Manzanillo,1,49505.41,49505.41,6230.34,,5152.8,5926.6,11.71,8422309900,55996.56,98611.06,7888.88,174817.69,5324.81,26640.0,0.0,0.0,17.6102,,,China
IMP-2023-0217,PO-202306-027,INV-1007-202306-0006,SUP-1007,SKU-141,2023-06-20,2023-08-20,2023-09-18,2023-09-18,2023-09-20,2023-09-22,COSCO Shipping Lines,ONE APUS 127E,FOB,20GP,Ningbo-Zhoushan,Manzanillo,1,26693.24,"$26,693.24",7437.55,107.33,1895.6,2074.3,4.13,8515310100,34238.12,"MXN 90,441.02",4823.52,111712.75,4616.03,25638.08,0.0,0.0,17.6102,,,China
IMP-2023-0218,PO-202306-028,INV-1005-202306-0003,SUP-1005,SKU-128,06/21/2023,08/31/2023,10/03/2023,10/03/2023,10/09/2023,10/10/2023,Ocean Network Express,COSCO ARIES 152W,FOB,20GP,Shekou,Manzanillo,1,54276.75,"$54,276.75",7074.32,168.47,5152.8,5723.8,10.66,8422309900,61519.54,106750.55,8540.04,189247.38,4550.73,20469.17,0.0,0.0,17.3523,,,China
IMP-2023-0219,PO-202306-029,INV-1012-202306-0002,SUP-1012,SKU-142,2023-06-21,2023-09-02,2023-10-14,2023-10-14,2023-10-16,2023-10-20,Hapag-Lloyd,MSC ANZU 121W,EXW,20GP,Shanghai,Veracruz,4,6774.95,27099.80,9727.0,,4747.6,5361.7,13.71,8515310100,36826.8,95854.45,5112.24,118399.42,5967.47,94184.74,0.0,,17.3523,,,China
IMP-2023-0220,PO-202306-030,INV-1002-202306-0002,SUP-1002,SKU-107,06/23/2023,08/16/2023,09/14/2023,09/14/2023,09/22/2023,09/25/2023,Yang Ming Marine Transport,MSC ANZU 225W,FOB,40'GP,Shekou,Lázaro Cárdenas,1,46142.40,46142.40,7898.59,,10542.4,11594.2,13.41,8458110100,54182.64,95416.71,7633.34,169154.75,7622.28,27380.13,0.0,0.0,17.6102,,,China
IMP-2023-0221,PO-202306-031,INV-1003-202306-0001,SUP-1003,SKU-123,2023-06-23,2023-09-14,2023-10-24,2023-10-24,2023-10-28,2023-10-29,Maersk,MAERSK ESSEX 116E,EXW,20GP,Nansha,Veracruz,3,18483.74,"$55,451.22",10134.39,0.0,4607.7,5315.8,20.85,8414809900,65585.61,170709.18,9104.49,210859.98,7840.03,110578.73,0.0,0.0,17.3523,,,China
IMP-2023-0222,PO-202306-032,INV-1014-202306-0005,SUP-1014,SKU-116,24/06/2023,14/09/2023,20/10/2023,20/10/2023,27/10/2023,29/10/2023,Hapag-Lloyd,COSCO ARIES 834W,FOB,20GP,Nantong,Manzanillo,1,82354.80,"$82,354.80",8087.49,352.28,6421.4,7079.1,9.7,8477100100,90794.57,157549.46,12603.96,279303.69,7871.03,26241.08,0.0,0.0,17.3523,,,China
IMP-2023-0223,PO-202306-033,INV-1001-202306-0004,SUP-1001,SKU-114,2023-06-24,2023-10-02,2023-11-08,2023-11-26,2023-12-04,2023-12-07,Ocean Network Express,HAPAG BERLIN EXPRESS 138E,CIF,40HC,Yantian,Manzanillo,2,"$70,364.67",140729.34,0.0,,26212.4,30109.2,57.12,8477100100,141403.12,244490.24,19559.22,433432.29,6044.41,34889.95,0.0,,17.2903,0,No issues found on inspection,China
IMP-2023-0224,PO-202306-034,INV-1007-202306-0007,SUP-1007,SKU-129,24/06/2023,04/09/2023,01/10/2023,01/10/2023,21/10/2023,25/10/2023,COSCO Shipping Lines,COSCO VEGA 788W,FOB,40GP,Ningbo-Zhoushan,Manzanillo,3,39327.47,"$117,982.41",6185.84,382.9,23316.0,26126.7,53.64,8422309900,124551.15,216124.89,17289.99,383146.21,7438.38,36517.08,0.0,6802.03,17.3523,,,China
IMP-2023-0225,PO-202306-035,INV-1010-202306-0001,SUP-1010,SKU-110,2023-06-25,2023-08-15,2023-09-11,2023-09-11,2023-09-17,2023-09-18,Yang Ming Marine Transport,MAERSK COLUMBUS 205E,CIF,20GP,Taizhou,Manzanillo,3,19413.90,"$58,241.70",0.0,242.59,14069.7,16214.4,31.64,8456110100,58484.29,102992.0,8239.36,182584.23,5236.66,30644.45,0.0,0.0,17.6102,0,No issues found on inspection,China
IMP-2023-0226,PO-202306-036,INV-1003-202306-0002, SUP-1003,SKU-113,2023-06-25,2023-09-21,2023-10-23,2023-10-23,2023-10-31,2023-11-02,MSC,MAERSK COLUMBUS 713W,FOB,40GP,Nansha,Lázaro Cárdenas,1,62747.12,62747.12,6833.48,,3195.7,3557.1,16.87,8456110100,69876.01,"MXN 121,250.95",9700.08,214953.68,8689.78,31591.83,,,17.3523,,,China
IMP-2023-0227,PO-202306-037,INV-1002-202306-0003,SUP-1002,SKU-124,25/06/2023,17/09/2023,16/10/2023,19/11/2023,25/11/2023,27/11/2023,cosco shipping lines,COSCO VEGA 205E,FOB,20GP,Shekou,Manzanillo,1,8042.47,8042.47,8924.68,25.05,571.2,651.8,4.94,8414809900,16992.2,"MXN 44,070.04",2350.4,54435.31,8324.33,26876.75,,0.0,17.2903,,,China
IMP-2023-0228,PO-202306-038,INV-1003-202306-0003,SUP-1003,SKU-133,26/06/2023,02/09/2023,02/10/2023,02/10/2023,08/10/2023,11/10/2023,MSC,MAERSK ESSEX 457E,DDP,40HC,Nansha,Manzanillo,2,95488.87,190977.74,5874.64,,40544.6,44506.7,57.54,8462910100,197648.81,342966.14,27437.29,608010.38,8741.53,26143.94,0.0,,17.3523,1,Emergency stop tested and passed,China
IMP-2023-0229,PO-202306-039,INV-1012-202306-0003,SUP-1012,SKU-135,27/06/2023,15/08/2023,18/09/2023,18/09/2023,26/09/2023,28/09/2023,Maersk,ONE APUS 651W,CIF,20GP,Shanghai,Manzanillo,1,"4,057.51",4057.51,0.0,,1888.3,2094.2,4.78,8480710100,4071.09,3584.64,573.54,12136.14,7924.13,21208.98,0.0,0.0,17.6102,0,No issues found on inspection,China
IMP-2023-0230,PO-202306-040,INV-1003-202306-0004,SUP-1003,SKU-133,06/27/2023,09/05/2023,10/08/2023,10/08/2023,10/13/2023,10/15/2023,Hapag-Lloyd,ONE APUS 317E,FOB,40HC,Nansha,Manzanillo,1,101011.77,101011.77,5265.64,,20272.3,22959.9,28.81,8462910100,106645.53,185054.52,14804.36,328064.66,4082.43,22640.74,0.0,0.0,17.3523,,,China
IMP-2023-0231,PO-202306-041,INV-1007-202306-0008,SUP-1007,SKU-104,28-06-2023,07-09-2023,05-10-2023,05-10-2023,13-10-2023,16-10-2023,MSC,HAPAG BERLIN EXPRESS 736E,FOB,40HC,Ningbo-Zhoushan,Manzanillo,6,"$146,821.35",880928.10,9764.24,4993.5,51820.2,57626.9,177.34,8457100100,895685.84,1554220.94,124337.68,2755322.88,5031.97,54771.63,0.0,,17.3523,0,Sin observaciones durante la inspección,China
IMP-2023-0232,PO-202307-001,INV-1012-202307-0001,SUP-1012,SKU-114,2023-07-01,2023-09-19,2023-10-24,,2023-11-02,2023-11-04,Yang Ming Marine Transport,MAERSK ESSEX 406W,FOB,40HC,Shanghai,Manzanillo,2,70634.48,"$141,268.96",7478.6,758.88,26212.4,28405.5,51.29,8477100100,149506.44,259428.06,20754.24,459914.06,4008.42,29285.31,0.0,0.0,17.3523,36,Hydraulic leak at fitting,China
IMP-2023-0233,PO-202307-002,INV-1003-202307-0001,SUP-1003,SKU-103,2023-07-02,2023-09-19,2023-10-19,2023-10-19,2023-10-25,2023-10-28,Ocean Network Express,MSC PALOMA 362E,FOB,40GP,Nansha,Manzanillo,3,162990.79,488972.37,7503.37,1808.6,55023.6,60599.1,51.33,8457100100,498284.34,864637.94,69171.03,1532830.13,9065.31,35675.36,0.0,0.0,17.3523,,Faltó el manual en español,China
IMP-2023-0234,PO-202307-003,INV-1013-202307-0001,SUP-1013,SKU-137,03/07/2023,03/08/2023,05/09/2023,05/09/2023,09/09/2023,10/09/2023,Maersk,EVER LIBRA 408E,CIF,40GP,Shanghai,Lázaro Cárdenas,6,34560.35,207362.10,,,32731.8,36365.0,106.49,8428330100,208166.05,366584.58,29326.77,649881.14,6521.74,96209.1,0.0,0.0,17.6102,0,No issues found on inspection,China
IMP-2023-0235,PO-202307-004,INV-1002-202307-0001,SUP-1002,SKU-102,05/07/2023,31/08/2023,27/09/2023,27/09/2023,15/10/2023,17/10/2023,Ocean Network Express,MSC ANZU 506W,CIF,40GP,Shekou,Manzanillo,4,91668.74,"$366,674.96",0.0,,60254.8,65128.6,80.08,8457100100,368678.42,649250.07,51940.01,1150990.53,3673.5,44857.29,0.0,2080.87,17.6102,,,China
IMP-2023-0236,PO-202307-005,INV-1012-202307-0002,SUP-1012,SKU-103,2023-07-05,2023-09-07,2023-10-04,2023-10-07,2023-10-15,2023-10-19,Yang Ming Marine Transport,MAERSK COLUMBUS 846E,FOB,40GP,Shanghai,Manzanillo,1,"162.452,19",162452.19,8121.93,,18341.2,20671.5,16.67,8457100100,171475.15,297548.82,23803.91,527494.56,6927.11,24268.27,,0.0,17.3523,,,China
IMP-2023-0237,PO-202307-006,INV-1009-202307-0001,SUP-1009,SKU-131,2023-07-05,2023-09-04,2023-10-13,2023-10-13,2023-10-15,2023-10-18,Maersk,MAERSK ESSEX 751E,FOB,40HC,Ningbo-Zhoushan,Veracruz,1,80186.60,80186.60,10082.35,365.24,22577.7,24640.0,25.93,8462910100,90634.19,157271.17,12581.69,278810.32,4170.54,44149.51,0.0,0.0,17.3523,,,China
IMP-2023-0238,PO-202307-007,INV-1012-202307-0003,SUP-1012,SKU-107,2023-07-05,2023-08-12,2023-09-13,2023-09-25,2023-09-29,2023-09-30,Hapag-Lloyd,COSCO ARIES 398W,FOB,40GP,Shanghai,Manzanillo,2,43719.51,87439.02,9377.66,439.89,21084.8,24208.5,25.19,8458110100,97256.57,171270.76,13701.66,303628.81,5193.0,28488.16,0.0,0.0,17.6102,0,Sin observaciones durante la inspección,China
IMP-2023-0239,PO-202307-008,INV-1014-202307-0001,SUP-1014,SKU-103,07/07/2023,09/15/2023,10/16/2023,10/24/2023,10/30/2023,11/03/2023,Hapag-Lloyd,MAERSK COLUMBUS 445W,FOB,40GP,Nantong,Manzanillo,1,175462.93,175462.93,7858.58,,18341.2,20294.0,18.36,8457100100,184194.56,319619.93,25569.59,566622.21,6895.53,26335.27,,0.0,17.3523,,,China
IMP-2023-0240,PO-202307-009,INV-1013-202307-0002,SUP-1013,SKU-140,07/06/2023,09/29/2023,10/24/2023,10/24/2023,10/31/2023,11/04/2023,Evergreen Marine,MAERSK COLUMBUS 234W,CIF,20GP,Shanghai,Lázaro Cárdenas,2,26401.71,"$52,803.42",,209.73,3555.4,4091.0,6.49,8515310100,53013.15,137985.01,7359.2,170439.09,6243.62,46511.67,0.0,0.0,17.3523,,,China
IMP-2023-0241,PO-202307-010,INV-1014-202307-0002,SUP-1014,SKU-134,2023-07-07,2023-09-01,2023-10-06,2023-10-06,2023-10-11,2023-10-14,Ocean Network Express,MSC ANZU 239E,CIF,20GP,Nantong,Veracruz,2,7352.87,"$14,705.74",0.0,,2797.0,3061.6,8.94,8480710100,14755.35,12801.96,2048.31,43342.33,3964.27,87390.2,0.0,,17.3523,0,Sin observaciones durante la inspección,China
IMP-2023-0242,PO-202307-011,INV-1014-202307-0003,SUP-1014,SKU-108,07/07/2023,26/08/2023,24/09/2023,24/09/2023,10/10/2023,14/10/2023,cosco shipping lines,EVER LIBRA 638E,CIF,20GP,Nantong,Manzanillo,1,"110,322.44","$110,322.44",0.0,,11219.2,12731.5,11.4,8458110100,110797.99,195117.48,15609.4,345904.26,3852.66,20345.36,0.0,7031.92,,,,China
IMP-2023-0243,PO-202307-012,INV-1007-202307-0001,SUP-1007,SKU-129,07/07/2023,09/27/2023,10/28/2023,10/28/2023,11/03/2023,11/06/2023,Hapag-Lloyd,MSC PALOMA 623E,CIF,40GP,Ningbo-Zhoushan,Manzanillo,1,37936.52,"$37,936.52",0.0,180.38,7772.0,8440.4,17.72,8422309900,38116.9,66141.59,5291.33,117255.81,4883.19,20163.88,0.0,0.0,17.3523,,,China
IMP-2023-0244,PO-202307-013,INV-1008-202307-0001,SUP-1008,SKU-126,2023-07-07,2023-10-05,2023-11-05,2023-11-08,2023-11-12,2023-11-14,MSC,MSC ANZU 598W,FOB,40GP,Wenzhou,Manzanillo,1,31236.37,"$31,236.37",7401.67,140.06,6230.8,6811.9,13.15,8422309900,38778.1,67048.5,5363.88,118863.58,9142.98,20383.42,0.0,0.0,17.2903,,,China
IMP-2023-0245,PO-202307-014,INV-1007-202307-0002,SUP-1007,SKU-129,45116,45196,45224,45224,45231,45235,Evergreen Marine,COSCO ARIES 696E,FOB,40GP,Ningbo-Zhoushan,Lázaro Cárdenas,4,"$41,112.44",164449.76,5777.68,585.08,31088.0,34724.1,67.82,8422309900,170812.52,296399.01,23711.92,525456.16,6619.91,74141.07,0.0,0.0,17.3523,,,China
IMP-2023-0246,PO-202307-015,INV-1011-202307-0001,SUP-1011,SKU-110,10/07/2023,07/09/2023,13/10/2023,13/10/2023,16/10/2023,20/10/2023,Ocean Network Express,COSCO ARIES 832W,FOB,20GP,Shanghai,Manzanillo,4,19129.96,76519.84,8852.81,374.41,18759.6,20579.6,42.91,8456110100,85747.06,148790.87,11903.27,263776.46,5375.17,49765.61,0.0,0.0,17.3523,0,No issues found on inspection,China
IMP-2023-0247,PO-202307-016,INV-1013-202307-0003,SUP-1013,SKU-126,2023-07-11,2023-10-08,2023-11-12,2023-11-12,2023-12-03,2023-12-05,,COSCO VEGA 223E,FOB,40GP,Shanghai,Manzanillo,1,"31,034.89",31034.89,5652.42,141.53,6230.8,7222.4,13.55,8422309900,36828.84,63678.17,5094.25,112888.66,5325.52,18774.44,0.0,0.0,17.2903,,,China
IMP-2023-0248,PO-202307-017,INV-1013-202307-0004,SUP-1013,SKU-117,12/07/2023,30/09/2023,04/11/2023,22/11/2023,27/11/2023,29/11/2023,Ocean Network Express,MSC ANZU 220W,EXW,40GP,Shanghai,Veracruz,2,32835.17,"$65,670.34",8432.58,0.0,23168.0,25240.4,33.52,8477100100,74102.92,128126.17,10250.09,227142.08,6132.45,83256.16,14428.52,,17.2903,0,No issues found on inspection,China
IMP-2023-0249,PO-202307-018,INV-1013-202307-0005,SUP-1013,SKU-115,2023-07-13,2023-09-08,2023-10-09,2023-10-10,2023-10-17,2023-10-19,MSC,MAERSK COLUMBUS 555W,FOB,40GP,Shanghai,Manzanillo,1,"45.215,30","$45,215.30",8905.51,136.2,4563.0,5143.3,18.06,8477100100,54257.01,94148.39,7531.87,166906.27,8667.11,17055.69,0.0,,17.3523,0,Sin observaciones durante la inspección,China
IMP-2023-0250,PO-202307-019,INV-1006-202307-0001,SUP-1006,SKU-101,07/14/2023,09/09/2023,10/09/2023,10/09/2023,10/18/2023,10/20/2023,MSC,EVER LIBRA 559E,FOB,40HC,Ningbo-Zhoushan,Manzanillo,4,"$154,545.38","$618,181.52",7444.57,3304.12,34170.0,38026.3,124.62,8457100100,628930.21,1091338.57,87307.09,1934725.01,6818.77,39119.53,0.0,,17.3523,,,China
IMP-2023-0251,PO-202307-020,INV-1010-202307-0001,SUP-1010,SKU-105,07/15/2023,09/17/2023,10/22/2023,10/27/2023,10/30/2023,11/03/2023,Maersk,COSCO VEGA 499W,FOB,40GP,Taizhou,Manzanillo,3,172550.38,"$517,651.14",8097.21,,42701.7,47024.6,41.94,8457100100,528356.54,916820.12,73345.61,1625338.71,7524.58,42679.88,,0.0,17.3523,,,China
IMP-2023-0252,PO-202307-021,INV-1011-202307-0002,SUP-1011,SKU-136,07/15/2023,09/14/2023,10/18/2023,10/18/2023,10/20/2023,10/21/2023,Yang Ming Marine Transport,COSCO VEGA 758E,FOB,20GP,Shanghai,Lázaro Cárdenas,1,18231.88,18231.88,,,1677.1,1945.3,5.4,8480710100,24225.33,"MXN 21,018.26",3362.92,71159.42,5083.87,29598.09,0.0,0.0,17.3523,,,China
IMP-2023-0253,PO-202307-022,INV-1010-202307-0002,SUP-1010,SKU-110,45124,45186,45221,45221,45235,45238,COSCO Shipping Lines,MSC PALOMA 751E,EXW,20GP,Taizhou,Manzanillo,1,18528.92,18528.92,8735.11,,4689.9,5073.9,10.6,8456110100,27264.03,47309.36,3784.75,83870.04,4609.81,23976.43,0.0,0.0,17.3523,,,China
IMP-2023-0254,PO-202307-023,INV-1013-202307-0006,SUP-1013,SKU-140,45125,45199,45231,45243,45250,45253,Yang Ming Marine Transport,MSC PALOMA 610W,EXW,20GP,Shanghai,Manzanillo,4,25869.94,"$103,479.76",8477.84,0.0,7110.8,8056.2,12.18,8515310100,111957.6,"MXN 290,367.07",15486.24,358661.41,5580.94,48526.55,0.0,0.0,17.2903,,,China
IMP-2023-0255,PO-202307-024,INV-1006-202307-0002,SUP-1006,SKU-101,2023-07-19,2023-08-31,2023-09-28,2023-09-28,2023-10-17,2023-10-21,Yang Ming Marine Transport,MSC PALOMA 222E,CIF,40HC,Ningbo-Zhoushan,Manzanillo,1,149610.05,149610.05,,686.7,8542.5,9296.0,29.11,8457100100,150296.75,264675.58,21174.05,469216.87,9111.35,21040.91,0.0,4691.7,17.6102,0,Sin observaciones durante la inspección,China
IMP-2023-0256,PO-202307-025,INV-1005-202307-0001,SUP-1005,SKU-121,21/07/2023,15/10/2023,13/11/2023,13/11/2023,22/11/2023,25/11/2023,Ocean Network Express,COSCO VEGA 627E,CIF,20GP,Shekou,Lázaro Cárdenas,4,"59,511.28","$238,045.12",0.0,,9463.6,10603.8,31.85,8479500100,239441.71,207000.95,33120.15,700822.42,4939.97,67370.83,0.0,,17.2903,0,Sin observaciones durante la inspección,China
IMP-2023-0257,PO-202307-026,INV-1011-202307-0003,SUP-1011,SKU-107,45129,45173,45206,45206,45215,45218,Hapag-Lloyd,MSC ANZU 269E,CIF,40'HC,Shanghai,Manzanillo,1,44915.95,44915.95,0.0,150.22,10542.4,11752.6,12.49,8458110100,45066.17,78200.17,6256.01,138633.26,7601.3,25755.46,0.0,0.0,17.3523,0,No issues found on inspection,China
IMP-2023-0258,PO-202307-027,INV-1001-202307-0001,SUP-1001,SKU-114,2023-07-22,2023-10-13,2023-11-19,2023-11-24,2023-12-02,2023-12-01,Evergreen Marine,MSC ANZU 572W,FOB,40HC,Yantian,Manzanillo,1,"$66,416.28",66416.28,6671.12,267.02,13106.2,14202.7,26.4,8477100100,73354.42,126831.99,10146.56,224847.76,8921.6,19728.56,0.0,,17.2903,0,Sin observaciones durante la inspección,China
IMP-2023-0259,PO-202307-028,INV-1003-202307-0002,SUP-1003,SKU-107,2023-07-23,2023-09-08,2023-10-12,2023-11-15,2023-12-02,2023-12-03,MSC,MSC PALOMA 493W,FOB,40GP,Nansha,Manzanillo,3,47549.42,"$142,648.26",,439.33,31627.2,34186.6,38.11,8458110100,148541.42,256832.57,20546.61,455312.78,3749.26,36034.24,8884.29,,17.2903,,,China
IMP-2023-0260,PO-202307-029,INV-1007-202307-0003,SUP-1007,SKU-129,2023-07-24,2023-10-24,2023-11-23,2023-11-23,2023-11-29,2023-12-01,Ocean Network Express,MAERSK COLUMBUS 297E,FOB,40GP,NINGBO,Lázaro Cárdenas,4,38567.28,154269.12,9441.82,,31088.0,33918.0,70.77,8422309900,164344.68,284156.88,22732.55,503753.32,8803.77,69530.62,0.0,0.0,17.2903,0,Sin observaciones durante la inspección,China
IMP-2023-0261,PO-202307-030,INV-1014-202307-0004,SUP-1014,SKU-134,24/07/2023,04/09/2023,12/10/2023,12/10/2023,16/10/2023,19/10/2023,COSCO Shipping Lines,COSCO VEGA 730W,FOB,20GP,Nantong,Manzanillo,4,"$7,181.58","$28,726.32",,136.21,5594.0,6423.9,17.67,8480710100,37735.34,"MXN 32,739.75",5238.36,110843.69,6752.56,41319.85,0.0,0.0,17.3523,,,China
IMP-2023-0262,PO-202307-031,INV-1002-202307-0002,SUP-1002,SKU-124,2023-07-24,2023-10-05,2023-11-03,2023-11-03,2023-11-10,2023-11-13,COSCO Shipping Lines,MSC ANZU 600E,FOB,20GP,Shekou,Manzanillo,1,8083.59,8083.59,5849.8,31.96,571.2,654.0,4.85,8414809900,13965.35,36219.76,1931.72,44738.65,3504.02,19229.85,0.0,0.0,17.2903,0,Sin observaciones durante la inspección,China
IMP-2023-0263,PO-202307-032,INV-1007-202307-0004,SUP-1007,SKU-141,45131,45192,45220,45220,45225,45227,Yang Ming Marine Transport,ONE APUS 891E,FOB,20GP,Ningbo-Zhoushan,Lázaro Cárdenas,3,26553.08,"$79,659.24",6235.89,269.11,5686.8,6554.9,12.85,8515310100,86164.24,224272.16,11961.18,277020.97,4951.66,48885.74,,0.0,17.3523,,,China
IMP-2023-0264,PO-202307-033,INV-1014-202307-0005,SUP-1014,SKU-104,2023-07-25,2023-09-28,2023-10-25,2023-10-25,2023-10-31,2023-11-03,COSCO Shipping Lines,MSC ANZU 621E,FOB,40HC,Nantong,manzanillo,6,158848.60,953091.60,8843.29,4941.65,51820.2,59992.4,169.01,8457.10.01.00,966876.54,1677753.18,134220.25,2974320.83,8496.82,64378.7,0.0,0.0,17.3523,,,China
IMP-2023-0265,PO-202307-034,INV-1014-202307-0006,SUP-1014,SKU-122,26/07/2023,04/11/2023,08/12/2023,08/12/2023,28/12/2023,29/12/2023,Yang Ming Marine Transport,HAPAG BERLIN EXPRESS 674W,FOB,20GP,NANTONG,Manzanillo,3,23898.51,"$71,695.53",6989.52,,3882.6,4324.9,12.07,8414809900,79053.75,200064.49,10670.11,247119.65,4942.08,33938.93,0.0,6227.54,16.8716,0,Sin observaciones durante la inspección,China
IMP-2023-0266,PO-202307-035,INV-1014-202307-0007,SUP-1014,SKU-105,26/07/2023,26/09/2023,26/10/2023,26/10/2023,04/11/2023,04/11/2023,Ocean Network Express,MSC PALOMA 418E,DDP,40GP,Nantong,Manzanillo,2,172606.61,345213.22,8702.98,,28467.8,31255.9,29.37,8457100100,354992.68,615993.95,49279.52,1092034.07,4022.47,27973.59,0.0,0.0,17.3523,,,China
IMP-2023-0267,PO-202307-036,INV-1003-202307-0003,SUP-1003,SKU-102,45134,45191,45223,45223,45229,45230,Ocean Network Express,MAERSK ESSEX 769E,EXW,40GP,Nansha,Manzanillo,1,96072.90,96072.90,6918.71,,15063.7,16288.4,20.4,8457100100,102991.61,178714.13,14297.13,316824.41,6671.17,24412.93,0.0,0.0,17.3523,0,Sin observaciones durante la inspección,China
IMP-2023-0268,PO-202307-037,INV-1005-202307-0002,SUP-1005,SKU-113,27/07/2023,25/10/2023,28/11/2023,28/11/2023,01/12/2023,05/12/2023,Evergreen Marine,EVER LIBRA 417E,EXW,40GP,Shekou,Manzanillo,3,"59.596,64",178789.92,6944.27,0.0,9587.1,10787.8,54.84,8456110100,185734.19,321139.99,25691.2,569316.97,7448.68,45751.37,0.0,0.0,17.2903,,Óxido superficial en la carcasa,China
IMP-2023-0269,PO-202307-038,INV-1010-202307-0003,SUP-1010,SKU-110,28/07/2023,13/09/2023,17/10/2023,17/10/2023,31/10/2023,04/11/2023,Yang Ming Marine Transport,YM WELLNESS 690W,FOB,20GP,Taizhou,Veracruz,1,"$18,181.71",18181.71,10430.06,85.87,4689.9,5130.7,11.59,8456110100,28697.64,49797.01,3983.76,88280.13,6318.89,65596.93,0.0,,17.3523,0,Sin observaciones durante la inspección,China
IMP-2023-0270,PO-202307-039,INV-1002-202307-0003,SUP-1002,SKU-107,28-07-2023,07-09-2023,09-10-2023,09-10-2023,23-10-2023,27-10-2023,COSCO Shipping Lines,COSCO ARIES 884E,EXW,40GP,Shekou,Manzanillo,2,47409.18,94818.36,6201.09,0.0,21084.8,23058.9,26.77,8458110100,101019.45,175291.98,14023.36,310757.62,8464.97,29172.2,0.0,0.0,17.3523,,,China
IMP-2023-0271,PO-202308-001,INV-1004-202308-0001,SUP-1004,SKU-130,02/08/2023,04/10/2023,09/11/2023,09/11/2023,11/11/2023,15/11/2023,Yang Ming Marine Transport,MSC ANZU 463E,CIF,,Yantian,Manzanillo,1,"85,165.24",85165.24,0.0,,22799.0,25404.7,31.33,8462910100,85551.61,147921.3,11833.7,262234.88,7243.48,24152.13,,,17.2903,0,No issues found on inspection,China
IMP-2023-0272,PO-202308-002,INV-1010-202308-0001,SUP-1010,SKU-110,45143,45204,45235,45236,45245,45246,Ocean Network Express,YM WELLNESS 114W,EXW,40'HC,TAIZHOU,Lázaro Cárdenas,1,"18,709.14","$18,709.14",5108.15,,4689.9,5190.0,11.69,8456110100,23817.29,41180.81,3294.46,73005.34,3881.09,28478.64,0.0,0.0,17.2903,,,China
IMP-2023-0273,PO-202308-003,INV-1003-202308-0001,SUP-1003,SKU-133,2023-08-06,2023-10-08,2023-11-13,2023-12-17,2023-12-21,2023-12-25,COSCO Shipping Lines,MAERSK ESSEX 341E,CIF,40HC,Nansha,Manzanillo,2,89359.95,"$178,719.90",0.0,777.08,40544.6,45540.3,60.03,8462910100,179496.98,302840.12,24227.21,536874.97,4260.75,29024.58,0.0,0.0,16.8716,,,China
IMP-2023-0274,PO-202308-004,INV-1005-202308-0001,SUP-1005,SKU-140,07-08-2023,26-10-2023,22-11-2023,22-11-2023,25-11-2023,27-11-2023,Hapag-Lloyd,MAERSK COLUMBUS 156E,DDP,20GP,Shekou,Lázaro Cárdenas,3,"24,916.70",74750.10,9084.7,271.49,5333.1,6026.8,10.36,8515310100,84106.29,218133.45,11633.78,269438.43,6328.5,60859.92,0.0,0.0,17.2903,,,China
IMP-2023-0275,PO-202308-005,INV-1005-202308-0002,SUP-1005,SKU-138,08/09/2023,10/17/2023,11/15/2023,11/15/2023,11/20/2023,11/21/2023,Yang Ming Marine Transport,ONE APUS 225W,DDP,40GP,Shekou,Manzanillo,1,10893.40,10893.40,6011.47,48.94,5253.7,6050.0,13.23,8428330100,16953.81,29313.65,2345.09,51967.23,7710.87,17123.24,0.0,0.0,17.2903,0,Sin observaciones durante la inspección,China
IMP-2023-0276,PO-202308-006,INV-1012-202308-0001,SUP-1012,SKU-120,09/08/2023,13/11/2023,11/12/2023,13/12/2023,22/12/2023,23/12/2023,MSC,MAERSK ESSEX 595W,CIF,20GP,Shanghai,Manzanillo,3,60019.61,"$180,058.83",0.0,564.25,6548.4,7208.6,9.68,8479500100,180623.08,152370.02,24379.2,515863.93,8348.06,30967.26,,0.0,16.8716,0,Sin observaciones durante la inspección,China
IMP-2023-0277,PO-202308-007,INV-1001-202308-0001,SUP-1001,SKU-114,08/09/2023,10/31/2023,12/05/2023,12/05/2023,12/14/2023,12/15/2023,Hapag-Lloyd,MSC PALOMA 223W,CIF,40HC,Yantian,Manzanillo,3,"$71,849.42",215548.26,0.0,,39318.6,43037.9,83.66,8477100100,216520.58,365304.86,29224.39,647612.46,5176.46,30252.3,0.0,0.0,16.8716,,,China
IMP-2023-0278,PO-202308-008,INV-1013-202308-0001,SUP-1013,SKU-140,10/08/2023,17/10/2023,18/11/2023,18/11/2023,22/11/2023,25/11/2023,Maersk,MAERSK ESSEX 819W,FOB,20GP,Shanghai,Manzanillo,1,25898.29,"$25,898.29",6263.32,141.36,1777.7,1973.7,3.25,8515310100,32302.97,"MXN 83,779.21",4468.22,103484.08,9083.32,26951.93,,0.0,17.2903,,,China
IMP-2023-0279,PO-202308-009,INV-1002-202308-0001,SUP-1002,SKU-124,2023-08-11,2023-10-24,2023-11-20,2023-11-20,2023-11-24,2023-11-28,COSCO Shipping Lines,MSC ANZU 835E,EXW,20GP,Shekou,Manzanillo,3,7425.72,"$22,277.16",9130.69,0.0,1713.6,1911.4,15.85,8414 80 99 00,31407.85,81457.67,4344.41,100616.52,5367.18,41453.24,0.0,,17.2903,,,China
IMP-2023-0280,PO-202308-010,INV-1006-202308-0001,SUP-1006,SKU-119,2023-08-11,2023-10-26,2023-11-20,2023-11-20,2023-11-26,2023-11-30,Hapag-Lloyd,EVER LIBRA 303W,FOB,20GP,Ningbo-Zhoushan,Lázaro Cárdenas,2,"51,140.66","$102,281.32",6472.48,,4976.6,5687.0,7.1,8479500100,109192.0,94398.12,15103.7,319594.28,7775.9,52570.35,,,17.2903,,,China
IMP-2023-0281,PO-202308-011,INV-1005-202308-0003,SUP-1005,SKU-139,2023-08-12,2023-09-20,2023-10-22,2023-10-22,2023-10-28,2023-10-30,MSC,MSC ANZU 675E,FOB,20GP,Shekou,Manzanillo,2,"21.843,23","$43,686.46",8486.36,,2067.6,2326.9,17.79,,52345.94,90832.25,7266.58,161027.4,6499.13,31153.77,0.0,,17.3523,,,China
IMP-2023-0282,PO-202308-012,INV-1013-202308-0002,SUP-1013,SKU-120,08/12/2023,11/13/2023,12/21/2023,12/21/2023,12/29/2023,01/02/2024,Maersk,MSC ANZU 234W,FOB,20GP,Shanghai,"MANZANILLO, COL",1,60871.42,60871.42,6293.75,351.92,2182.8,2393.0,2.94,8479500100,67517.09,56956.07,9112.97,192830.46,4618.67,20500.11,0.0,0.0,16.8716,0,No issues found on inspection,China
IMP-2023-0283,PO-202308-013,INV-1005-202308-0004,SUP-1005,SKU-138,08/12/2023,10/22/2023,11/26/2023,11/26/2023,12/05/2023,12/09/2023,Yang Ming Marine Transport,EVER LIBRA 406E,FOB,40GP,Shekou,Veracruz,1,11616.18,"$11,616.18",10571.88,,5253.7,5880.3,12.79,8428330100,22231.52,38438.97,3075.12,68144.6,3713.71,51735.86,0.0,0.0,17.2903,,,China
IMP-2023-0284,PO-202308-014,INV-1006-202308-0002,SUP-1006,SKU-115,12/08/2023,17/10/2023,26/11/2023,26/11/2023,03/12/2023,,Yang Ming Marine Transport,MSC ANZU 172E,DDP,40GP,Ningbo-Zhoushan,veracruz,1,"45,128.98","$45,128.98",9178.21,,4563.0,4998.8,17.95,8477100100,54535.76,94293.97,7543.52,167164.34,6931.93,61272.99,0.0,,17.2903,0,Sin observaciones durante la inspección,China
IMP-2023-0285,PO-202308-015,INV-1002-202308-0002,SUP-1002,SKU-125,12/08/2023,04/10/2023,10/11/2023,10/11/2023,15/11/2023,16/11/2023,Hapag-Lloyd,MSC ANZU 769W,FOB,20GP,Shekou,Manzanillo,1,15339.74,15339.74,,73.59,3330.5,3626.2,7.14,8414809900,23448.11,60813.73,3243.4,75117.12,5442.38,24051.59,0.0,0.0,17.2903,,,China
IMP-2023-0286,PO-202308-016,INV-1011-202308-0001,SUP-1011,SKU-127,12/08/2023,09/11/2023,08/12/2023,08/12/2023,17/12/2023,18/12/2023,Ocean Network Express,MAERSK COLUMBUS 763E,FOB,40GP,Shanghai,Manzanillo,1,50930.35,"$50,930.35",,,3825.5,4256.6,19.45,8422309900,56880.54,95966.57,7677.33,170129.54,7613.32,17115.61,0.0,,16.8716,0,Sin observaciones durante la inspección,China
IMP-2023-0287,PO-202308-017,INV-1002-202308-0003,SUP-1002,SKU-125,2023-08-13,2023-10-16,2023-11-20,2023-11-20,2023-11-29,2023-12-03,Ocean Network Express,COSCO ARIES 671W,FOB,20GP,Shekou,Lázaro Cárdenas,2,15160.76,"$30,321.52",5729.32,109.79,6661.0,7456.6,13.16,8414809900,36160.63,93784.22,5001.83,115842.27,5362.5,53624.53,0.0,0.0,17.2903,,,China
IMP-2023-0288,PO-202308-018,INV-1002-202308-0004,SUP-1002,SKU-124,2023-08-13,2023-11-02,2023-12-04,2023-12-04,2023-12-10,2023-12-12,evergreen marine,YM WELLNESS 670E,CIF,20GP,Shekou,Lázaro Cárdenas,4,7211.10,28844.40,0.0,119.74,2284.8,2481.8,21.6,8414809900,28964.14,73300.71,3909.37,90541.03,4150.59,66810.71,,0.0,16.8716,,,China
IMP-2023-0289,PO-202308-019,INV-1003-202308-0002,SUP-1003,SKU-113,14/08/2023,05/11/2023,02/12/2023,02/12/2023,,15/12/2023,Hapag-Lloyd,MSC ANZU 677W,FOB,40GP,NANSHA,Manzanillo,1,62389.23,62389.23,,251.42,3195.7,3483.6,17.99,845611,71503.35,120637.59,9651.01,213866.32,4551.85,18302.56,0.0,0.0,16.8716,,,China
IMP-2023-0290,PO-202308-020,INV-1011-202308-0002,SUP-1011,SKU-115,15/08/2023,24/10/2023,07/12/2023,05/12/2023,13/12/2023,17/12/2023,Hapag-Lloyd,COSCO ARIES 814E,FOB,40GP,Shanghai,Veracruz,2,44799.29,89598.58,,,10036.6,9126.0,39.91,8477100100,97903.66,165179.14,13214.33,292829.58,7913.1,77189.27,0.0,,16.8716,0,Sin observaciones durante la inspección,China
IMP-2023-0291,PO-202308-021,INV-1008-202308-0001,SUP-1008,SKU-139,2023-08-16,2023-09-23,2023-10-26,2023-11-21,2023-11-25,2023-11-28,Maersk,YM WELLNESS 542W,FOB,20GP,Wenzhou,Manzanillo,2,23166.46,46332.92,8119.17,,2067.6,2379.8,18.88,8428330100,54613.91,94429.09,7554.33,167403.89,6389.41,27220.36,0.0,0.0,17.2903,,,China
IMP-2023-0292,PO-202308-022,INV-1014-202308-0001,SUP-1014,SKU-136,16/08/2023,23/09/2023,23/10/2023,18/11/2023,24/11/2023,27/11/2023,MSC,EVER LIBRA 214W,CIF,20GP,Nantong,Lázaro Cárdenas,1,7631.78,7631.78,0.0,,1398.5,1530.2,4.34,8480710100,7670.52,6631.28,1061.0,22450.86,8381.17,28552.01,43989.41,0.0,17.2903,,,China
IMP-2023-0293,PO-202308-023,INV-1007-202308-0001,SUP-1007,SKU-129,2023-08-17,2023-11-06,2023-12-04,2023-12-16,2023-12-23,2023-12-24,Maersk,YM WELLNESS 249E,N/A,40GP,Ningbo-Zhoushan,Lázaro Cárdenas,3,38735.48,"$116,206.44",8921.73,,23316.0,26341.5,56.53,8422309900,125735.79,212136.4,16970.91,376075.4,4436.03,65917.92,29861.67,,16.8716,,,China
IMP-2023-0294,PO-202308-024,INV-1014-202308-0002,SUP-1014,SKU-134,2023-08-18,2023-09-26,2023-10-25,2023-11-02,2023-11-13,2023-11-15,Yang Ming Marine Transport,COSCO VEGA 679E,FOB,20GP,Nantong,Manzanillo,1,"$7,157.52",7157.52,7835.95,,1398.5,1557.0,4.43,8480710100,15033.62,12996.79,2079.49,44001.93,4664.54,20382.0,,0.0,17.2903,2,Tornillería incompleta,China
IMP-2023-0295,PO-202308-025,INV-1004-202308-0002,SUP-1004,SKU-116,2023-08-19,2023-11-13,,2023-12-11,2023-12-18,2023-12-19,Maersk,EVER LIBRA 773E,FOB,20GP,Yantian,Manzanillo,3,"87,607.86","$262,823.58",9740.16,1543.98,19264.2,21318.3,31.53,8477100100,274107.72,462463.58,36997.09,819855.44,8600.77,45188.51,0.0,0.0,16.8716,,,China
IMP-2023-0296,PO-202308-026,INV-1011-202308-0003,sup-1011,SKU-133,08/21/2023,10/29/2023,12/03/2023,12/03/2023,12/07/2023,12/10/2023,Maersk,COSCO ARIES 574E,FOB,40HC,Shanghai,Manzanillo,1,100468.82,100468.82,7361.86,491.44,20272.3,22760.3,31.76,8462.91.01.00,108322.12,182756.75,14620.54,323991.16,8753.57,20490.39,0.0,,16.8716,,,China
IMP-2023-0297,PO-202308-027,INV-1012-202308-0002,SUP-1012,SKU-142,21/08/2023,19/10/2023,20/11/2023,20/11/2023,29/11/2023,01/12/2023,Yang Ming Marine Transport,MSC ANZU 792E,CIF,20GP,Shanghai,Lázaro Cárdenas,2,7152.52,14305.04,0.0,76.91,2373.8,2719.4,6.48,8515.31.01.00,14381.95,37300.23,1989.35,46073.25,9136.36,36642.23,0.0,0.0,17.2903,,Calibration certificate missing,China
IMP-2023-0298,PO-202308-028,INV-1006-202308-0003,SUP-1006,SKU-126,21/08/2023,29/11/2023,27/12/2023,27/12/2023,11/01/2024,15/01/2024,Ocean Network Express,ONE APUS 702E,FOB,40GP,Ningbo-Zhoushan,Manzanillo,1,29359.05,29359.05,5659.44,172.47,7208.6,6230.8,13.8,8422309900,35190.96,59372.78,4749.82,105256.06,6696.36,21853.81,0.0,0.0,16.8716,,,China
IMP-2023-0299,PO-202308-029,INV-1011-202308-0004,SUP-1011,SKU-125,23/08/2023,27/10/2023,24/11/2023,24/11/2023,30/11/2023,04/12/2023,Ocean Network Express,MAERSK COLUMBUS 242W,CIF,20GP,"Shanghai, CN",Lázaro Cárdenas,1,14078.39,"$14,078.39",0.0,,3330.5,3619.8,6.48,8414809900,14136.92,36664.74,1955.45,45288.28,3940.2,32977.36,0.0,0.0,17.2903,,,China
IMP-2023-0300,PO-202308-030,INV-1002-202308-0005,SUP-1002,SKU-999,23/08/2023,02/10/2023,01/11/2023,01/11/2023,05/11/2023,09/11/2023,Hapag-Lloyd,ONE APUS 378W,DDP,40'GP,Shekou,Manzanillo,4,46510.92,186043.68,8512.82,972.77,7424.0,8126.3,58.68,8456110100,195529.27,338075.97,27046.08,599341.09,4055.39,47533.08,0.0,0.0,17.2903,,,China
IMP-2023-0301,PO-202308-031,INV-1001-202308-0002,SUP-1001,SKU-103,23/08/2023,03/11/2023,11/12/2023,11/12/2023,13/12/2023,14/12/2023,Maersk,COSCO VEGA 631W,FOB,40GP,Yantian,Manzanillo,4,166177.06,664708.24,6367.19,,73364.8,81597.0,67.42,8457100100,673623.78,1136511.1,90920.89,2014806.87,4562.27,50691.69,0.0,0.0,16.8716,,,China
IMP-2023-0302,PO-202308-032,INV-1002-202308-0006,SUP-1002,SKU-124,2023-08-24,2023-11-07,2023-12-14,2023-12-17,2023-12-19,2023-12-21,Hapag-Lloyd,MSC ANZU 315E,CIF,20GP,Shekou,Manzanillo,1,"7,843.44","$7,843.44",0.0,24.14,571.2,620.7,5.07,8414809900,7867.58,19910.8,1061.91,24593.82,6944.45,22843.31,0.0,0.0,16.8716,,,China
IMP-2023-0303,PO-202308-033,INV-1006-202308-0004,SUP-1006,SKU-101,24/08/2023,09/10/2023,03/11/2023,03/11/2023,22/11/2023,25/11/2023,Maersk,COSCO VEGA 318W,FOB,40HC,Ningbo-Zhoushan,Lázaro Cárdenas,6,165983.01,"$995,898.06",8132.87,,51255.0,57758.3,186.11,8457100100,1007097.15,1741301.19,139304.09,3086978.74,7516.63,110293.13,0.0,0.0,17.2903,,,China
IMP-2023-0304,PO-202308-034,INV-1012-202308-0003,SUP-1012,SKU-103,2023-08-26,2023-11-09,2023-12-04,2023-12-04,2023-12-11,2023-12-13,Evergreen Marine,HAPAG BERLIN EXPRESS 301E,FOB,40GP,Shanghai,Lázaro Cárdenas,2,"$161,152.80",322305.60,,1542.59,36682.4,39973.7,33.47,8457100100,330066.57,556875.11,44550.01,987228.2,6832.32,47231.22,,0.0,16.8716,,,China
IMP-2023-0305,PO-202308-035,INV-1012-202308-0004,SUP-1012,SKU-103,26/08/2023,04/11/2023,10/12/2023,09/12/2023,18/12/2023,19/12/2023,Maersk,COSCO VEGA 600W,FOB,40GP,Shanghai,Manzanillo,1,178118.25,"$178,118.25",8429.84,,18341.2,20640.7,17.03,8457100100,187351.35,316091.7,25287.34,560367.37,3591.96,17991.67,0.0,,16.8716,,,China
IMP-2023-0306,PO-202308-036,INV-1011-202308-0005, SUP-1011,SKU-127,08/26/2023,11/09/2023,12/08/2023,12/08/2023,12/17/2023,,COSCO Shipping Lines,MAERSK ESSEX 229W,CIF,40GP,Shanghai,Manzanillo,1,55391.42,55391.42,0.0,231.78,3825.5,4411.5,18.43,8422309900,55623.2,93845.24,7507.62,166368.84,3908.84,26168.69,,,16.8716,,,China
IMP-2023-0307,PO-202308-037,INV-1013-202308-0003,SUP-1013,SKU-137,2023-08-27,2023-10-05,2023-11-12,2023-11-12,2023-11-20,2023-11-24,Yang Ming Marine Transport,MAERSK ESSEX 825E,FOB,40GP,Shanghai,Manzanillo,3,33516.97,"$100,550.91",,572.15,16365.9,18492.5,56.21,8428330100,108170.63,187030.26,14962.42,331567.25,5873.25,35819.36,,,17.2903,,,China
IMP-2023-0308,PO-202308-038,INV-1014-202308-0003,SUP-1014,SKU-118,2023-08-28,2023-11-28,2023-12-24,2024-01-11,2024-01-17,2024-01-20,Hapag-Lloyd,ONE APUS 566E,FOB,40GP,Nantong,Lázaro Cárdenas,2,29220.12,58440.24,8823.65,206.42,13345.6,15400.4,25.78,8477100100,67470.31,116843.06,9347.44,207139.37,7582.34,49664.88,0.0,,17.3177,,,China
IMP-2023-0309,PO-202308-039,INV-1010-202308-0002,SUP-1010,SKU-110,2023-08-28,2023-10-23,2023-11-21,2023-11-29,2023-12-04,2023-12-06,COSCO Shipping Lines,MAERSK ESSEX 868E,FOB,20GP,Taizhou,Manzanillo,3,19625.56,"$58,876.68",6354.36,206.34,14069.7,15873.6,32.03,8456110100,65437.38,113143.19,9051.46,200580.25,6282.98,37229.53,10315.88,,17.2903,,,China
IMP-2023-0310,PO-202309-001,INV-1011-202309-0001,SUP-1011,SKU-135,2023-09-01,2023-11-18,2023-12-15,2023-12-23,2023-12-29,2024-01-01,MSC,COSCO ARIES 861E,CIF,20GP,Shanghai,Manzanillo,3,3931.71,11795.13,0.0,65.05,5664.9,6188.9,14.25,8480710100,11860.18,10005.01,1600.8,33872.96,6563.34,30154.94,15695.45,,16.8716,,,China
IMP-2023-0311,PO-202309-002,INV-1010-202309-0001,SUP-1010,SKU-110,2023-09-02,2023-11-11,2023-12-18,2023-12-18,2023-12-22,2023-12-24,MSC,MSC PALOMA 542W,CIF,20GP,Taizhou,Manzanillo,2,18956.20,37912.40,0.0,113.9,9379.8,10428.0,21.75,8456110100,38026.3,64156.45,5132.52,113736.56,3843.76,30307.85,0.0,0.0,16.8716,,,China
IMP-2023-0312,PO-202309-003,INV-1013-202309-0001,SUP-1013,SKU-137,2023-09-02,2023-10-14,2023-11-11,2023-11-11,2023-11-20,2023-11-22,COSCO Shipping Lines,MAERSK COLUMBUS 835E,FOB,40GP,Shanghai,Manzanillo,1,35457.44,35457.44,8053.38,107.11,5455.3,6011.6,18.76,8428330100,43617.93,75416.71,6033.34,133698.74,8287.32,23434.9,0.0,0.0,17.2903,,,China
IMP-2023-0313,PO-202309-004,INV-1011-202309-0002,SUP-1011,SKU-127,45172,45271,45302,45307,45313,45315,Ocean Network Express,COSCO ARIES 791E,FOB,40GP,Shanghai,Manzanillo,2,55860.81,111721.62,7901.46,591.75,7651.0,8729.2,39.28,8422309900,120214.83,208184.44,16654.75,369069.37,7461.69,26823.07,0.0,0.0,17.3177,0,No issues found on inspection,China
IMP-2023-0314,PO-202309-005,INV-1013-202309-0002,SUP-1013,SKU-117,2023-09-03,2023-11-20,2023-12-22,2023-12-23,2023-12-31,2024-01-02,COSCO Shipping Lines,MAERSK COLUMBUS 535E,FOB,40GP,Shanghai,Lázaro Cárdenas,4,"$31,877.52","$127,510.08",8265.47,,46336.0,53338.0,62.37,8477100100,136394.43,230119.23,18409.54,407955.36,6661.63,78810.76,,0.0,16.8716,,,China
IMP-2023-0315,PO-202309-006,INV-1014-202309-0001,SUP-1014,SKU-132,09/05/2023,10/26/2023,11/25/2023,11/25/2023,11/27/2023,11/28/2023,Ocean Network Express,ONE APUS 702W,FOB,20GP,Nantong,Manzanillo,3,7200.91,21602.73,5757.74,,4195.5,4723.1,12.5,8480710100,27489.57,23765.15,3802.42,80459.28,7806.89,35624.63,0.0,0.0,17.2903,,,China
IMP-2023-0316,PO-202309-007,INV-1005-202309-0001,SUP-1005,SKU-128,09/06/2023,11/24/2023,12/27/2023,12/27/2023,12/29/2023,01/01/2024,Ocean Network Express,COSCO ARIES 893E,FOB,40GP,Shekou,Manzanillo,1,"$51,469.87","$51,469.87",8624.15,296.81,5152.8,5824.3,12.12,8422309900,60390.83,101888.99,8151.12,180628.81,3865.75,17304.22,0.0,,16.8716,5,Daño en el panel de control por maniobras,China
IMP-2023-0317,PO-202309-008,INV-1010-202309-0002,SUP-1010,SKU-120,07/09/2023,04/12/2023,02/01/2024,04/01/2024,06/01/2024,07/01/2024,Hapag-Lloyd,MSC PALOMA 758E,FOB,20GP,Taizhou,Manzanillo,2,58757.77,117515.54,7135.39,626.45,4365.6,4849.5,6.04,8479500100,125277.38,108475.8,17356.13,367255.68,9148.3,36060.28,0.0,0.0,17.3177,,,China
IMP-2023-0318,PO-202309-009,INV-1007-202309-0001,SUP-1007,SKU-130,08/09/2023,03/11/2023,07/12/2023,10/01/2024,13/01/2024,15/01/2024,Hapag-Lloyd,ONE APUS 760W,FOB,40HC,Ningbo-Zhoushan,Manzanillo,4,78652.23,"$314,608.92",6436.03,,91196.0,101145.5,133.53,8462910100,322176.27,557935.2,44634.82,989107.52,8749.11,51284.16,40697.13,0.0,17.3177,,,China
IMP-2023-0319,PO-202309-010,INV-1006-202309-0001,SUP-1006,SKU-133,2023-09-09,2023-11-22,,2023-12-27,2024-01-03,2024-01-05,MSC,ONE APUS 710W,FOB,40HC,Ningbo-Zhoushan,Lázaro Cárdenas,1,94192.45,"$94,192.45",6772.65,,20272.3,22949.1,30.76,8462910100,101453.12,171167.65,13693.41,303446.0,4165.29,40861.07,0.0,0.0,16.8716,,,China
IMP-2023-0320,PO-202309-011,INV-1001-202309-0001,SUP-1001,SKU-121,45179,45270,45305,45305,45318,45320,Ocean Network Express,MSC ANZU 534E,CIF,20GP,Yantian,Manzanillo,2,60151.65,120303.30,0.0,478.32,4731.8,5437.7,16.89,8479500100,120781.62,104582.99,16733.28,354076.18,7700.06,26142.18,0.0,0.0,17.3177,,,China
IMP-2023-0321,PO-202309-012,INV-1005-202309-0002,SUP-1005,SKU-138,10-09-2023,14-11-2023,14-12-2023,14-12-2023,31-12-2023,04-01-2024,Yang Ming Marine Transport,MAERSK ESSEX 505W,FOB,40GP,Shekou,Manzanillo,3,"11,624.02","$34,872.06",8668.03,122.38,15761.1,17754.1,36.75,8428330100,43662.47,73665.57,5893.25,130594.33,6482.67,44581.74,0.0,0.0,16.8716,,,China
IMP-2023-0322,PO-202309-013,INV-1007-202309-0002,SUP-1007,SKU-129,2023-09-11,2023-12-22,2024-01-24,2024-01-24,2024-01-30,2024-02-03,Evergreen Marine,COSCO ARIES 421E,FOB,40GP,Ningbo-Zhoushan,Manzanillo,2,36473.51,72947.02,,399.58,15544.0,17246.4,36.65,8422309900,82356.68,"MXN 142,622.83",11409.83,252841.75,5783.21,24668.53,0.0,0.0,17.3177,,,China
IMP-2023-0323,PO-202309-014,INV-1002-202309-0001,SUP-1002,SKU-107,2023-09-11,2023-11-04,2023-12-04,2023-12-04,2023-12-13,2023-12-17,MSC,HAPAG BERLIN EXPRESS 827E,FOB,40GP,Shekou,Manzanillo,2,42538.64,"$85,077.28",6650.88,,21084.8,24002.2,25.5,8458110100,92136.57,"MXN 155,449.14",12435.93,275580.23,4464.86,29444.92,0.0,0.0,16.8716,,,China
IMP-2023-0324,PO-202309-015,INV-1008-202309-0001,SUP-1008,SKU-112,09/11/2023,12/01/2023,01/02/2024,01/02/2024,01/10/2024,01/13/2024,COSCO Shipping Lines,COSCO ARIES 232W,CIF,20GP,Wenzhou,Manzanillo,3,"71.164,59",213493.77,0.0,,6430.8,7136.2,21.17,8456110100,214716.19,371839.06,29747.12,659196.28,7303.79,37997.77,,0.0,17.3177,1,Faltó el manual en español,China
IMP-2023-0325,PO-202309-016,INV-1013-202309-0003,SUP-1013,SKU-109,12/09/2023,26/10/2023,24/11/2023,24/11/2023,28/11/2023,02/12/2023,Ocean Network Express,MAERSK COLUMBUS 631E,FOB,40GP,Shanghai,Manzanillo,1,79750.22,"$79,750.22",8595.07,475.73,13407.2,14755.5,12.56,8458110100,88821.02,153574.21,12285.94,272256.36,6271.42,22612.34,0.0,0.0,17.2903,,,China
IMP-2023-0326,PO-202309-017,INV-1011-202309-0003,SUP-1011,SKU-127,09/12/2023,12/23/2023,01/30/2024,01/30/2024,02/03/2024,02/04/2024,Evergreen Marine,MSC ANZU 409E,FOB,40GP,Shanghai,Manzanillo,2,54259.60,108519.20,8757.64,,7651.0,8414.5,37.07,8422309900,117821.88,204040.4,16323.23,361722.82,8142.12,24867.71,0.0,0.0,17.3177,,,China
IMP-2023-0327,PO-202309-018,INV-1008-202309-0002,SUP-1008,SKU-130,09/13/2023,11/22/2023,12/24/2023,12/24/2023,01/02/2024,01/04/2024,Ocean Network Express,MSC PALOMA 643W,FOB,,Wenzhou,Manzanillo,4,"81,619.01",326476.04,8007.66,,91196.0,102428.4,124.21,8462910100,336358.88,567491.25,45399.3,1006048.48,4599.21,53072.5,0.0,0.0,16.8716,,,China
IMP-2023-0328,PO-202309-019,INV-1007-202309-0003,sup-1007,SKU-115,2023-09-14,2023-12-02,2024-01-04,2024-01-07,2024-01-10,2024-01-11,Maersk,COSCO ARIES 360W,FOB,40GP,Ningbo-Zhoushan,Manzanillo,2,"$40,803.98",81607.96,7560.75,417.33,9126.0,10076.0,39.56,8477100100,89586.04,155142.42,12411.39,275036.48,9170.12,32120.05,0.0,0.0,17.3177,,,China
IMP-2023-0329,PO-202309-020,INV-1006-202309-0002,SUP-1006,SKU-101,14/09/2023,12/11/2023,12/12/2023,30/12/2023,03/01/2024,06/01/2024,Ocean Network Express,EVER LIBRA 395E,FOB,40HC,Ningbo-Zhoushan,Lázaro Cárdenas,3,165385.27,"$496,155.81",7688.9,2374.63,25627.5,28257.9,92.66,8457100100,506219.34,854073.02,68325.84,1514100.65,9035.47,68955.22,0.0,0.0,16.8716,,,China
IMP-2023-0330,PO-202309-021,INV-1014-202309-0002,SUP-1014,SKU-118,2023-09-14,2023-12-06,2024-01-11,2024-01-11,2024-01-14,2024-01-18,MSC,ONE APUS 514W,FOB,40GP,Nantong,Manzanillo,1,"27,756.73",27756.73,8531.43,129.75,6672.8,7324.5,13.1,8477.10.01.00,36417.91,63067.44,5045.4,111805.96,8354.23,26098.91,0.0,,17.3177,0,No issues found on inspection,China
IMP-2023-0331,PO-202309-022,INV-1001-202309-0002,SUP-1001,SKU-105,09/15/2023,11/22/2023,12/24/2023,01/19/2024,01/22/2024,01/26/2024,Ocean Network Express,MAERSK COLUMBUS 653W,FOB ,40GP,Yantian,Lázaro Cárdenas,1,166149.68,166149.68,7553.28,,14233.9,16222.7,15.1,8457100100,174336.12,301910.06,24152.81,535226.16,4205.71,40840.79,9692.05,,17.3177,,,China
IMP-2023-0332,PO-202309-023,INV-1007-202309-0004,SUP-1007,SKU-132,2023-09-15,2023-12-28,2024-01-26,2024-01-26,2024-02-01,2024-02-04,Ocean Network Express,COSCO VEGA 616E,FOB,40GP,Ningbo-Zhoushan,Manzanillo,2,30213.74,60427.48,8418.7,,28879.2,32910.2,26.72,8462910100,69090.21,119648.35,9571.87,212112.6,7620.71,27268.3,0.0,0.0,17.3177,36,Fuga de aceite hidráulico,China
IMP-2023-0333,PO-202309-024,INV-1002-202309-0002,SUP-1002,SKU-107,2023-09-15,2023-11-04,2023-12-01,2023-12-03,2023-12-05,2023-12-09,Hapag-Lloyd,COSCO ARIES 418W,FOB,40GP,Shekou,Manzanillo,3,45032.24,135096.72,5579.08,,31627.2,35803.0,41.93,8458110100,141230.75,238278.87,19062.31,422420.78,4660.52,44624.45,0.0,0.0,16.8716,,,China
IMP-2023-0334,PO-202309-025,INV-1014-202309-0003,SUP-1014,SKU-120,16/09/2023,25/12/2023,23/01/2024,23/01/2024,26/01/2024,28/01/2024,Hapag-Lloyd,MAERSK COLUMBUS 151W,FOB,20GP,Nantong,Lázaro Cárdenas,2,62778.39,125556.78,6334.22,432.86,4365.6,4933.3,6.06,8479500100,132323.86,114577.25,18332.36,387912.72,6368.76,42989.21,0.0,0.0,17.3177,,,China
IMP-2023-0335,PO-202309-026,INV-1005-202309-0003,SUP-1005,SKU-138,2023-09-16,2023-12-07,2024-01-05,2024-01-05,2024-01-09,2024-01-13,COSCO Shipping Lines,MAERSK COLUMBUS 332W,FOB,40GP,Shekou,Manzanillo,1,12009.95,"$12,009.95",7210.77,69.13,5253.7,5690.6,13.35,8428330100,19289.85,33405.58,2672.45,59221.42,4764.69,19025.16,0.0,,17.3177,,,China
IMP-2023-0336,PO-202309-027,INV-1013-202309-0004,SUP-1013,SKU-117,45185,45267,45294,45294,45298,45303,Hapag-Lloyd,EVER LIBRA 397E,FOB,40GP,Shanghai,Manzanillo,1,33512.15,33512.15,6834.35,,11584.0,13424.5,16.18,8477100100,40509.86,70153.76,5612.3,124368.59,4974.17,24927.41,,0.0,17.3177,,,China
IMP-2023-0337,PO-202309-028,INV-1014-202309-0004,SUP-1014,SKU-104,45188,45275,45313,45313,45317,45320,Evergreen Marine,HAPAG BERLIN EXPRESS 191W,FOB,40HC,Nantong,Manzanillo,3,"$148,991.22",446973.66,7056.78,1522.1,25910.1,28354.5,82.8,8457 10 01 00,455552.54,788912.22,63112.98,1398583.59,6373.03,38087.23,0.0,0.0,17.3177,1,Hydraulic leak at fitting,China
IMP-2023-0338,PO-202309-029,INV-1011-202309-0004,SUP-1011,SKU-127,20/09/2023,14/12/2023,20/01/2024,20/01/2024,23/01/2024,24/01/2024,Evergreen Marine,YM WELLNESS 686E,FOB,40GP,Shanghai,Manzanillo,1,"54,317.21",54317.21,5707.15,287.11,3825.5,4412.9,19.56,8422309900,60311.47,104445.59,8355.65,185161.15,5494.08,19880.72,0.0,0.0,17.3177,1,Pallet damaged on arrival,China
IMP-2023-0339,PO-202309-030,INV-1014-202309-0005,SUP-1014,SKU-122,20/09/2023,22/12/2023,22/01/2024,22/01/2024,31/01/2024,03/02/2024,MSC,MSC PALOMA 324W,FOB,20GP,Nantong,Manzanillo,4,"25,371.97","$101,487.88",5989.17,438.43,5176.8,5754.1,16.31,8414809900,107915.48,"MXN 280,327.19",14950.78,346260.14,4100.88,46645.12,0.0,0.0,17.3177,,,China
IMP-2023-0340,PO-202309-031,INV-1011-202309-0005,SUP-1011,SKU-115,2023-09-20,2023-11-29,2024-01-06,2024-01-06,2024-01-15,2024-01-16,Yang Ming Marine Transport,ONE APUS 284E,CIF,40GP,Shanghai,Veracruz,1,40250.52,"$40,250.52",0.0,225.13,4563.0,5112.2,18.87,8477100100,40475.65,70094.52,5607.56,124263.56,6892.85,62643.36,0.0,0.0,17.3177,,,China
IMP-2023-0341,PO-202309-032,INV-1002-202309-0003,SUP-1002,SKU-125,2023-09-20,2023-12-07,2024-01-03,2024-01-03,2024-01-05,2024-01-08,Hapag-Lloyd,MSC PALOMA 578W,CIF,20GP,Shekou,Manzanillo,6,14031.73,"$84,190.38",0.0,372.64,19983.0,22802.1,40.2,8414809900,84563.02,219665.55,11715.5,271330.89,5762.41,55945.76,,0.0,17.3177,,,China
IMP-2023-0342,PO-202309-033,INV-1002-202309-0004,SUP-1002,SKU-102,20/09/2023,01/12/2023,,29/12/2023,04/01/2024,05/01/2024,Maersk,ONE APUS 219E,exw,40GP,Shekou,Lázaro Cárdenas,4,102723.29,"$410,893.16",5858.58,,60254.8,66113.2,82.35,8457100100,416751.74,"MXN 703,126.87",56250.15,1246503.31,4605.02,55388.48,0.0,0.0,16.8716,,,China
IMP-2023-0343,PO-202309-034,INV-1005-202309-0004,SUP-1005,SKU-138,2023-09-21,2023-12-15,2024-01-13,2024-01-25,2024-01-29,2024-01-31,COSCO Shipping Lines,HAPAG BERLIN EXPRESS 374W,FOB,40GP,Shekou,Manzanillo,1,12103.00,12103.00,5374.4,62.47,5253.7,5686.4,12.06,8428330100,17539.87,30375.02,2430.0,53848.84,4288.55,24946.6,,0.0,17.3177,,Wiring harness loose in cabinet,China
IMP-2023-0344,PO-202309-035,INV-1004-202309-0001,SUP-1004,SKU-115,23/09/2023,04/12/2023,08/01/2024,13/01/2024,18/01/2024,21/01/2024,Ocean Network Express,MAERSK COLUMBUS 502E,FOB,40GP,Yantian,Manzanillo,2,"43.186,06","$86,372.12",8803.5,382.77,9126.0,10368.1,39.19,8477100100,95558.39,165485.15,13238.81,293372.08,5683.78,27805.99,0.0,0.0,17.3177,,,China
IMP-2023-0345,PO-202309-036,INV-1014-202309-0006,SUP-1014,SKU-134,09/23/2023,12/01/2023,12/28/2023,12/28/2023,01/01/2024,01/02/2024,YANG MING MARINE TRANSPORT,YM WELLNESS 152W,FOB,20GP,Nantong,Manzanillo,1,7351.39,"$7,351.39",5286.19,,1558.4,1398.5,4.55,8480710100,12670.92,10688.93,1710.23,36188.46,5959.91,20046.68,0.0,0.0,16.8716,,,China
IMP-2023-0346,PO-202309-037,INV-1011-202309-0006,SUP-1011,SKU-115,23/09/2023,22/12/2023,28/01/2024,23/02/2024,25/02/2024,29/02/2024,Maersk,MSC ANZU 252W,FOB,40GP,Shanghai,Veracruz,1,42629.91,42629.91,8751.03,210.47,4563.0,5147.8,18.61,8477100100,51591.41,"MXN 90,161.15",7212.89,159837.68,7515.74,47986.01,0.0,0.0,17.476,,,China
IMP-2023-0347,PO-202309-038,INV-1011-202309-0007,SUP-1011,SKU-127,45193,45291,45323,45323,45329,45332,Ocean Network Express,ONE APUS 169W,EXW,40GP,Shanghai (Waigaoqiao),Manzanillo,3,52075.31,"$156,225.93",8629.75,,11476.5,12777.9,59.41,8422309900,164855.68,288101.79,23048.14,510746.85,5387.86,36060.93,0.0,,17.476,,,China
IMP-2023-0348,PO-202309-039,INV-1001-202309-0003,SUP-1001,SKU-139,09/25/2023,11/14/2023,12/15/2023,12/17/2023,12/17/2023,12/21/2023,Ocean Network Express,EVER LIBRA 561E,CIF,20GP,"Yantian, China",Manzanillo,1,22282.10,22282.10,0.0,95.71,1033.8,1119.9,9.58,8428330100,22377.81,37754.95,3020.4,66931.97,9152.51,21412.26,0.0,0.0,16.8716,,,China
IMP-2023-0349,PO-202309-040,INV-1013-202309-0005,SUP-1013,SKU-137,25/09/2023,19/11/2023,20/12/2023,20/12/2023,26/12/2023,30/12/2023,Maersk,COSCO VEGA 715W,FOB,40GP,"Shanghai, CN",Lázaro Cárdenas,2,"31,834.13","$63,668.26",9095.34,,10910.6,12572.7,36.11,8428330100,73015.72,123189.2,9855.14,218389.82,5658.81,44911.82,,0.0,16.8716,,,China
IMP-2023-0350,PO-202309-041,INV-1009-202309-0001,SUP-1009,SKU-131,26-09-2023,29-12-2023,25-01-2024,25-01-2024,28-01-2024,01-02-2024,COSCO Shipping Lines,HAPAG BERLIN EXPRESS 278E,FOB,40GP,Ningbo-Zhoushan,Lázaro Cárdenas,3,71236.45,"$213,709.35",8440.97,825.7,67733.1,76183.8,71.37,8462910100,222976.02,386143.18,30891.45,684554.63,7212.81,64393.89,0.0,,17.3177,0,Sin observaciones durante la inspección,China
IMP-2023-0351,PO-202309-042,INV-1002-202309-0005,SUP-1002,SKU-107,09/26/2023,11/14/2023,12/22/2023,12/27/2023,01/05/2024,01/08/2024,Ocean Network Express,MAERSK ESSEX 283E,FOB,,Shekou,"MANZANILLO, COL",2,43582.16,"$87,164.32",6376.53,506.68,21084.8,23054.8,28.28,8458110100,94047.53,158673.23,12693.86,281295.9,5808.0,27723.47,0.0,,16.8716,0,Sin observaciones durante la inspección,China
IMP-2023-0352,PO-202309-043,INV-1013-202309-0006,SUP-1013,SKU-124,09/28/2023,12/18/2023,01/18/2024,01/18/2024,02/06/2024,02/08/2024,Maersk,MAERSK COLUMBUS 874E,DDP ,20GP,Shanghai,Manzanillo,6,7549.31,"$45,295.86",9603.89,170.31,3427.2,3947.0,32.11,8414809900,55070.06,143053.02,7629.49,176699.09,7653.44,47204.19,,,17.3177,2,Sin observaciones durante la inspección,China
IMP-2023-0353,PO-202310-001,INV-1002-202310-0001,SUP-1002,SKU-125,10/01/2023,12/09/2023,01/09/2024,01/09/2024,01/14/2024,,Evergreen Marine,EVER LIBRA 377W,FOB,20GP,Shekou,Manzanillo,2,14552.59,29105.18,9003.35,94.41,6661.0,7488.7,14.31,8414809900,38202.94,99238.06,5292.7,122578.85,6023.0,30684.72,0.0,0.0,17.3177,,,China
IMP-2023-0354,PO-202310-002,INV-1008-202310-0001,SUP-1008,SKU-112,2023-10-02,2023-12-03,2023-12-29,2023-12-29,2024-01-03,2024-01-05,COSCO Shipping Lines,HAPAG BERLIN EXPRESS 747E,FOB,20GP,Wenzhou,Lázaro Cárdenas,1,69246.17,69246.17,5583.12,,2143.6,2352.0,7.53,8456110100,75220.79,126909.51,10152.76,224985.18,6602.49,30041.64,0.0,,16.8716,,,China
IMP-2023-0355,PO-202310-003,INV-1007-202310-0001,SUP-1007,SKU-133,2023-10-03,2023-12-15,2024-01-12,2024-01-12,2024-01-15,2024-01-17,COSCO Shipping Lines,ONE APUS 764W,FOB,40GP,Ningbo-Zhoushan,Manzanillo,4,30915.76,123663.04,7884.59,,57758.4,63600.7,52.53,8462910100,132171.05,228889.86,18311.19,405775.94,3754.97,48094.13,,0.0,17.3177,,,China
IMP-2023-0356,PO-202310-004,INV-1003-202310-0001,SUP-1003,SKU-141,03/10/2023,30/11/2023,04/01/2024,04/01/2024,11/01/2024,14/01/2024,COSCO Shipping Lines,MSC PALOMA 339W,FOB,20GP,Nansha,Lázaro Cárdenas,4,28499.62,"$113,998.48",9458.52,666.48,7582.4,8522.7,15.8,8515310100,124123.48,322429.98,17196.27,398265.51,7031.51,77486.42,0.0,0.0,17.3177,,,China
IMP-2023-0357,PO-202310-005,INV-1003-202310-0002,SUP-1003,SKU-133,2023-10-03,2023-12-10,2024-01-17,2024-01-22,2024-02-11,2024-02-13,MSC,YM WELLNESS 773E,FOB,40HC,Nansha,Manzanillo,2,98010.33,"$196,020.66",8938.17,701.69,40544.6,46990.2,57.22,8462910100,205660.52,356156.72,28492.54,631394.63,5585.15,32145.65,0.0,5644.93,17.3177,,,China
IMP-2023-0358,PO-202310-006,INV-1013-202310-0001,SUP-1013,SKU-109,10/03/2023,11/20/2023,12/20/2023,12/19/2023,12/26/2023,12/28/2023,Evergreen Marine,MSC PALOMA 162W,FOB,40GP,Shanghai,manzanillo,1,81854.39,"$81,854.39",7533.27,,13407.2,15468.1,12.32,8458110100,89712.61,"MXN 151,359.53",12108.76,268330.17,5585.73,19701.94,0.0,0.0,16.8716,,,China
IMP-2023-0359,PO-202310-007,INV-1011-202310-0001,SUP-1011,SKU-135,04/10/2023,20/11/2023,17/12/2023,17/12/2023,02/01/2024,03/01/2024,COSCO Shipping Lines,HAPAG BERLIN EXPRESS 859W,FOB,20GP,Shanghai,Manzanillo,1,3981.69,3981.69,6042.98,14.88,1888.3,2043.0,4.24,8480710100,10039.55,8469.16,1355.07,28673.2,8908.03,24606.33,0.0,0.0,16.8716,,Hydraulic leak at fitting,China
IMP-2023-0360,PO-202310-008,INV-1014-202310-0001,SUP-1099,SKU-118,2023-10-04,2024-01-01,2024-02-06,2024-02-06,2024-02-13,2024-02-17,Maersk,MSC PALOMA 811E,FOB,40GP,Nantong,Manzanillo,2,28429.94,56859.88,,192.86,13345.6,14833.2,24.28,8477100100,66449.56,"MXN 116,127.25",9290.18,205870.39,8828.48,30381.76,0.0,0.0,17.476,,,China
IMP-2023-0361,PO-202310-009,INV-1014-202310-0002,SUP-1014,SKU-122,2023-10-04,2023-12-25,2024-01-27,2024-01-27,2024-01-31,2024-02-02,Evergreen Marine,COSCO ARIES 388W,FOB,20GP,Nantong,Manzanillo,2,24745.81,49491.62,7927.99,176.99,2588.4,2893.2,8.29,8414809900,57596.6,149616.1,7979.53,184805.8,8976.18,31212.69,0.0,,17.3177,0,No issues found on inspection,China
IMP-2023-0362,PO-202310-010,INV-1012-202310-0001,SUP-1012,SKU-108,10/06/2023,11/24/2023,12/30/2023,12/30/2023,01/05/2024,01/08/2024,MSC,YM WELLNESS 601W,FOB,20GP,Shanghai,Manzanillo,1,"$111,723.34",111723.34,7152.99,,11219.2,12301.8,11.85,8458110100,119308.04,201291.75,16103.34,356850.02,5061.02,24769.1,,0.0,16.8716,0,No issues found on inspection,China
IMP-2023-0363,PO-202310-011,INV-1002-202310-0002,SUP-1002,SKU-107,06/10/2023,23/11/2023,27/12/2023,27/12/2023,04/01/2024,05/01/2024,Hapag-Lloyd,MAERSK ESSEX 402W,CIF,40GP,Shekou,Manzanillo,1,42895.34,42895.34,0.0,145.95,10542.4,11989.8,12.48,8458110100,43041.29,72617.54,5809.4,128736.38,6908.9,23271.92,0.0,0.0,16.8716,,,China
IMP-2023-0364,PO-202310-012,INV-1013-202310-0002,SUP-1013,SKU-137,2023-10-08,2023-11-12,2023-12-20,2024-01-23,2024-01-25,2024-01-28,Evergreen Marine,COSCO ARIES 728E,FOB,20 GP,Shanghai,Manzanillo,3,"31,765.80",95297.40,5862.25,,16365.9,18390.3,51.68,8428330100,101635.33,"MXN 176,009.02",14080.72,312028.78,4374.78,44100.39,0.0,0.0,17.3177,0,Sin observaciones durante la inspección,China
IMP-2023-0365,PO-202310-013,INV-1011-202310-0002,SUP-1011,SKU-136,2023-10-10,2023-12-01,2023-12-31,2024-01-26,2024-02-13,2024-02-15,Yang Ming Marine Transport,MAERSK COLUMBUS 655E,FOB,20GP,Shanghai,Manzanillo,1,"19.216,98","$19,216.98",,107.06,1677.1,1852.4,6.11,8480710100,25131.51,21761.0,3481.76,73674.03,6330.82,24534.49,28383.53,7310.15,17.3177,,,China
IMP-2023-0366,PO-202310-014,INV-1013-202310-0003,SUP-1013,SKU-137,10/10/2023,10/11/2023,09/12/2023,09/12/2023,17/12/2023,20/12/2023,Ocean Network Express,YM WELLNESS 774E,FOB,40GP,Shanghai,Manzanillo,2,"31,927.73",63855.46,6644.39,255.44,12377.2,10910.6,35.52,8428330100,70755.29,119375.5,9550.04,211628.88,3664.57,26599.46,0.0,0.0,16.8716,0,No issues found on inspection,China
IMP-2023-0367,PO-202310-015,INV-1014-202310-0003,SUP-1014,SKU-122,15/10/2023,08/01/2024,07/02/2024,07/02/2024,16/02/2024,19/02/2024,COSCO,YM WELLNESS 791E,EXW,20GP,Nantong,Manzanillo,1,24568.09,24568.09,,,1294.2,1499.6,4.16,8414809900,32185.9,"MXN 84,372.12",4499.85,104216.44,6470.88,18100.44,0.0,0.0,17.476,,,China
IMP-2023-0368,PO-202310-016,INV-1011-202310-0003,SUP-1011,SKU-112,17/10/2023,20/12/2023,18/01/2024,18/01/2024,26/01/2024,30/01/2024,Yang Ming Marine Transport,COSCO VEGA 517E,FOB,20GP,Shanghai,Lázaro Cárdenas,3,66589.50,"$199,768.50",7300.23,1111.81,6430.8,7140.5,22.54,8456110100,208180.54,360520.81,28841.67,639131.3,5911.19,58623.78,0.0,0.0,17.3177,0,Sin observaciones durante la inspección,China
IMP-2023-0369,PO-202310-017,INV-1011-202310-0004,SUP-1011,SKU-136,2023-10-17,2023-12-09,2024-01-08,2024-01-08,2024-01-25,2024-01-27,Maersk,EVER LIBRA 861W,CIF,20GP,Shanghai,Lázaro Cárdenas,3,"$20,040.83","$60,122.49",0.0,327.4,5031.3,5759.3,18.26,8480710100,60449.89,52342.65,8374.82,177211.29,5830.55,68994.36,0.0,0.0,17.3177,,,China
IMP-2023-0370,PO-202310-018,INV-1008-202310-0002,SUP-1008,SKU-111,10/18/2023,11/24/2023,12/24/2023,12/26/2023,01/03/2024,01/05/2024,MSC,YM WELLNESS 347W,FOB,40GP,Wenzhou,Manzanillo,2,42314.74,"$84,629.48",5429.53,473.65,3712.0,4138.4,30.68,8456110100,90532.66,152743.08,12219.45,270782.94,4533.59,23242.77,0.0,,16.8716,2,Tornillería incompleta,China
IMP-2023-0371,PO-202310-019,INV-1001-202310-0001,SUP-1001,SKU-121,2023-10-18,2024-01-08,2024-02-08,2024-03-05,2024-03-14,2024-03-16,Hapag-Lloyd,COSCO VEGA 227E,FOB,20GP,Yantian,Manzanillo,2,66814.95,133629.90,6156.15,,4731.8,5270.6,16.31,8479500100,140446.27,124051.27,19848.2,419988.0,7837.35,29472.02,0.0,0.0,17.6653,,,China
IMP-2023-0372,PO-202310-020,INV-1005-202310-0001,SUP-1005,SKU-138,18/10/2023,30/12/2023,03/02/2024,03/02/2024,20/02/2024,24/02/2024,Ocean Network Express,MSC ANZU 179W,FOB,40GP,Shekou,Manzanillo,3,11644.19,34932.57,7721.97,204.57,15761.1,17328.7,39.71,8428330100,42859.11,74900.58,5992.05,132783.75,5499.38,44052.1,0.0,,17.476,,,China
IMP-2023-0373,PO-202310-021,INV-1003-202310-0003,SUP-1003,SKU-113,10/18/2023,01/19/2024,02/20/2024,02/20/2024,02/25/2024,02/26/2024,Hapag-Lloyd,COSCO ARIES 783E,FOB,40GP,Nansha,Manzanillo,1,"$60,799.43",60799.43,7131.38,,3195.7,3633.2,18.51,8456110100,68214.11,119210.98,9536.88,211337.22,8548.3,26184.85,0.0,0.0,17.476,,,China
IMP-2023-0374,PO-202310-022,INV-1013-202310-0004,SUP-1099,SKU-126,2023-10-19,2024-01-15,2024-02-13,2024-02-13,2024-02-22,2024-02-25,Hapag-Lloyd,EVER LIBRA 305E,FOB,40GP,Shanghai,Manzanillo,4,"31,991.60","$127,966.40",8109.62,,24923.2,27496.9,53.88,8422309900,136679.5,238861.09,19108.89,423452.95,5333.59,54469.7,,0.0,17.476,,,China
IMP-2023-0375,PO-202310-023,INV-1011-202310-0005,SUP-1011,SKU-135,2023-10-19,2023-12-06,2024-01-04,2024-01-04,2024-01-10,2024-01-14,Yang Ming Marine Transport,MAERSK ESSEX 144W,FOB,20GP,Shanghai,Manzanillo,2,"$4,369.63",8739.26,,,3776.6,4098.0,9.24,8480710100,17788.78,15403.04,2464.49,52148.52,8928.88,31497.72,0.0,,17.3177,0,Sin observaciones durante la inspección,China
IMP-2023-0376,PO-202310-024,INV-1011-202310-0006,SUP-1011,SKU-135,2023-10-20,2023-12-09,2024-01-07,2024-01-19,2024-01-27,2024-01-30,Maersk,MSC PALOMA 388E,FOB,20GP,Shanghai,Manzanillo,3,"4,176.88","$12,530.64",7193.01,,5664.9,6247.7,14.45,8480710100,19796.35,17141.36,2742.62,58033.8,3896.71,40749.38,28155.7,0.0,17.3177,0,No issues found on inspection,China
IMP-2023-0377,PO-202310-025,INV-1011-202310-0007,SUP-1011,SKU-115,45221,45279,45315,45315,45320,45322,Hapag-Lloyd,MAERSK COLUMBUS 751W,CIF,40GP,Shanghai,Manzanillo,2,40535.89,"$81,071.78",0.0,272.83,9126.0,9964.5,39.61,8477 10 01 00,81344.61,140870.16,11269.61,249734.61,3514.01,34686.82,0.0,0.0,17.3177,,,China
IMP-2023-0378,PO-202310-026,INV-1010-202310-0001,SUP-1010,SKU-101,22/10/2023,29/11/2023,04/01/2024,12/01/2024,16/01/2024,15/01/2024,Yang Ming Marine Transport,COSCO VEGA 896W,CIF,40HC,Taizhou,Manzanillo,1,166599.93,166599.93,0.0,575.47,8542.5,9761.5,31.24,8457100100,167175.4,"MXN 289,509.34",23160.75,513242.16,4783.11,21022.59,0.0,0.0,17.3177,,Emergency stop tested and passed,China
IMP-2023-0379,PO-202310-027,INV-1003-202310-0004,SUP-1003,SKU-113,10/24/2023,01/15/2024,02/17/2024,02/17/2024,03/03/2024,03/04/2024,COSCO Shipping Lines,COSCO ARIES 510W,DDP,40GP,Nansha,Manzanillo,6,59888.76,"$359,332.56",9161.84,,19174.2,21194.8,102.83,8456110100,369673.0,646040.53,51683.24,1145300.66,7854.07,64541.99,0.0,0.0,17.476,,,China
IMP-2023-0380,PO-202310-028,INV-1007-202310-0002,SUP-1007,SKU-128,2023-10-25,2024-01-10,2024-02-13,2024-02-13,2024-02-18,2024-02-21,Hapag-Lloyd,MAERSK COLUMBUS 469E,FOB,20GP,Ningbo-Zhoushan,Lázaro Cárdenas,1,51169.55,51169.55,6599.03,,5152.8,5671.8,11.94,8422309900,58045.89,101441.0,8115.28,179834.6,6318.27,37162.27,0.0,0.0,17.476,,,China
IMP-2023-0381,PO-202310-029,INV-1008-202310-0003,SUP-1008,SKU-119,45225,45294,45330,45330,45338,45340,Ocean Network Express,MAERSK ESSEX 885E,FOB,20GP,Wenzhou,Manzanillo,4,"50.635,43",202541.72,7068.21,,9953.2,11095.6,15.07,8479500100,210752.11,184155.19,29464.83,623475.82,5184.81,48461.93,,0.0,17.476,,,China
IMP-2023-0382,PO-202310-030,INV-1014-202310-0004,SUP-1014,SKU-116,10/27/2023,01/15/2024,02/18/2024,02/18/2024,02/24/2024,02/25/2024,MSC,ONE APUS 796E,FOB,20GP,Nantong,Manzanillo,2,"$83,054.91",166109.82,7639.8,710.97,12842.8,14537.5,20.82,8477100100,174460.59,"MXN 304,887.33",24390.99,540504.25,3852.12,25233.57,0.0,,17.476,0,No issues found on inspection,China
IMP-2023-0383,PO-202310-031,INV-1009-202310-0001,SUP-1009,SKU-131,2023-10-27,2024-01-01,2024-02-07,2024-02-07,2024-02-10,2024-02-12,Ocean Network Express,COSCO ARIES 219W,FOB,40HC,Ningbo-Zhoushan,Manzanillo,1,73143.09,"$73,143.09",5952.54,,22577.7,24468.2,24.2,8462910100,79426.68,138806.07,11104.49,246075.39,7532.32,20124.56,0.0,0.0,17.476,,,China
IMP-2023-0384,PO-202311-001,INV-1003-202311-0001,SUP-1003,SKU-106,11/01/2023,01/13/2024,02/12/2024,02/12/2024,02/16/2024,02/19/2024,Hapag-Lloyd,MAERSK COLUMBUS 326W,CIF,40GP,Nansha,"Manzanillo, Colima",2,86400.34,172800.68,0.0,,26654.6,30758.3,33.02,8458110100,173684.1,303530.33,24282.43,538098.57,7092.72,34696.72,0.0,,17.476,,,China
IMP-2023-0385,PO-202311-002,INV-1004-202311-0001,SUP-1004,SKU-122,11/02/2023,02/03/2024,03/08/2024,03/08/2024,03/21/2024,03/25/2024,MSC,MSC PALOMA 893E,FOB,20GP,Yantian,Manzanillo,1,"25.228,81",25228.81,6820.32,81.76,1294.2,1450.0,4.42,8414809900,32130.89,85140.27,4540.81,105165.26,3607.71,21908.94,0.0,7216.23,17.6653,1,Óxido superficial en la carcasa,China
IMP-2023-0386,PO-202311-003,INV-1009-202311-0001,SUP-1009,SKU-131,11/02/2023,01/16/2024,02/17/2024,02/25/2024,03/04/2024,03/05/2024,MSC,ONE APUS 206E,cif,40HC,Ningbo-Zhoushan,Manzanillo,2,"$77,626.97","$155,253.94",0.0,637.2,45155.4,49444.5,52.55,8462 91 01 00,155891.14,272435.36,21794.83,482973.4,8578.55,31096.84,,,17.476,,,China
IMP-2023-0387,PO-202311-004,INV-1003-202311-0002,SUP-1003,SKU-123,11/03/2023,01/24/2024,03/01/2024,03/06/2024,,03/15/2024,Evergreen Marine,YM WELLNESS 798E,FOB,20GP,Nansha,Veracruz,3,18870.99,"$56,612.97",,,4607.7,5128.7,20.51,8414809900,66951.49,177407.72,9461.75,219134.02,9108.43,94215.08,0.0,0.0,17.6653,,,China
IMP-2023-0388,PO-202311-005,INV-1003-202311-0003,SUP-1003,SKU-134,03/11/2023,16/12/2023,28/01/2024,09/02/2024,17/02/2024,,Maersk,YM WELLNESS 343E,FOB,20GP,Nansha,Veracruz,3,7450.65,"$22,351.95",9472.56,,4195.5,4715.1,13.86,8480710100,31909.37,27882.41,4461.19,94398.68,7538.82,92095.67,0.0,,17.476,2,Bearing play detected on spindle,China
IMP-2023-0389,PO-202311-006,INV-1012-202311-0001,SUP-1012,SKU-133,03/11/2023,19/01/2024,29/02/2024,29/02/2024,05/03/2024,09/03/2024,Evergreen Marine,EVER LIBRA 563E,CIF,40HC,Shanghai,Veracruz,1,95320.01,95320.01,0.0,,20272.3,22598.8,30.92,8462910100,95708.73,167260.58,13380.85,296519.55,7715.3,65846.88,0.0,0.0,17.476,,,China
IMP-2023-0390,PO-202311-007,INV-1011-202311-0001,SUP-1011,SKU-135,2023-11-04,2024-01-08,2024-02-09,2024-02-09,2024-02-17,2024-02-18,Maersk,HAPAG BERLIN EXPRESS 347W,CIF,20GP,Shanghai,Manzanillo,2,4051.87,"$8,103.74",0.0,44.13,3776.6,4294.6,8.62,8480710100,8147.87,7119.61,1139.14,24104.15,5948.73,33309.71,0.0,0.0,17.476,,,China
IMP-2023-0391,PO-202311-008,INV-1001-202311-0001,SUP-1001,SKU-114,11/04/2023,01/28/2024,03/02/2024,03/20/2024,04/02/2024,04/04/2024,Ocean Network Express,MSC ANZU 488W,EXW,40HC,Yantian,Manzanillo,1,"69,363.94","$69,363.94",7038.41,0.0,13106.2,15055.2,26.99,8477100100,76402.35,134967.04,10797.36,239269.57,8342.09,23248.63,,,17.6653,,,China
IMP-2023-0392,PO-202311-009,INV-1003-202311-0004,SUP-1003,SKU-113,11/05/2023,02/04/2024,03/02/2024,03/02/2024,03/19/2024,03/22/2024,Evergreen Marine,MSC PALOMA 400W,CIF,40GP,NANSHA,Lázaro Cárdenas,1,62525.23,"$62,525.23",0.0,,3195.7,3692.1,16.87,8456110100,62846.48,111020.19,8881.62,196816.6,7770.48,28304.54,0.0,0.0,17.6653,,,China
IMP-2023-0393,PO-202311-010,INV-1006-202311-0001,SUP-1006,SKU-101,2023-11-05,2023-12-29,2024-01-25,2024-02-28,2024-03-05,2024-03-07,COSCO Shipping Lines,ONE APUS 828E,FOB,40HC,Ningbo-Zhoushan,Manzanillo,2,"$167,264.28",334528.56,6113.85,1219.06,17085.0,19398.5,60.54,8457100100,341861.47,597437.1,47794.97,1059136.5,7021.09,31208.36,,0.0,17.476,,,China
IMP-2023-0394,PO-202311-011,INV-1007-202311-0001,SUP-1007,SKU-129,2023-11-05,2024-01-17,2024-02-24,2024-03-21,2024-03-29,2024-04-01,COSCO Shipping Lines,COSCO ARIES 248E,CIF,40GP,Ningbo-Zhoushan,Manzanillo,1,41086.46,"$41,086.46",0.0,174.98,7772.0,8705.3,16.8,8422309900,41261.44,72889.57,5831.17,129218.63,8361.98,19430.49,22991.59,0.0,17.6653,,,China
IMP-2023-0395,PO-202311-012,INV-1014-202311-0001,SUP-1014,SKU-131,05/11/2023,18/01/2024,16/02/2024,16/02/2024,,26/02/2024,Ocean Network Express,YM WELLNESS 303W,FOB,40HC,Nantong,Lázaro Cárdenas,2,80089.87,160179.74,6526.8,683.48,45155.4,52131.4,52.24,8462910100,167390.02,292530.8,23402.46,518598.6,7726.53,54012.06,0.0,0.0,17.476,3,Vibración excesiva al arranque,China
IMP-2023-0396,PO-202311-013,INV-1003-202311-0005,SUP-1003,SKU-113,11/06/2023,02/01/2024,03/01/2024,03/01/2024,03/10/2024,03/12/2024,COSCO Shipping Lines,MAERSK ESSEX 396E,CIF,40GP,Nansha,Manzanillo,1,60041.08,60041.08,,,3195.7,3665.2,17.64,8456110100,60248.13,106430.13,8514.41,188679.33,4338.73,22105.79,0.0,0.0,17.6653,,,China
IMP-2023-0397,PO-202311-014,INV-1002-202311-0001,SUP-1002,SKU-106,2023-11-06,2024-01-30,2024-03-06,2024-03-14,2024-03-22,2024-03-26,Hapag-Lloyd,COSCO ARIES 494W,CIF,40GP,Shekou,Manzanillo,1,90793.08,90793.08,0.0,,13327.3,14700.8,17.91,8458110100,91090.16,160913.5,12873.08,285267.45,5683.63,26935.84,0.0,0.0,17.6653,,,China
IMP-2023-0398,PO-202311-015,INV-1004-202311-0002,SUP-1004,SKU-106,07/11/2023,28/01/2024,25/02/2024,14/03/2024,23/03/2024,27/03/2024,COSCO Shipping Lines,HAPAG BERLIN EXPRESS 603E,CIF,40GP,Yantian,Manzanillo,2,87601.11,"$175,202.22",0.0,,26654.6,29919.5,32.34,8458110100,175844.27,310634.18,24850.73,550692.27,9064.93,26318.16,14904.09,,17.6653,36,Minor surface rust on housing,China
IMP-2023-0399,PO-202311-016,INV-1013-202311-0001,SUP-1013,SKU-117,07/11/2023,09/01/2024,15/02/2024,18/02/2024,25/02/2024,28/02/2024,MSC,ONE APUS 447W,DDP,40GP,Shanghai,Manzanillo,1,"31,857.43",31857.43,6638.57,,11584.0,13083.3,17.22,8477100100,38624.34,67499.9,5399.99,119663.82,4849.81,22565.94,0.0,0.0,17.476,,,China
IMP-2023-0400,PO-202311-017,INV-1009-202311-0002,SUP-1009,SKU-131,2023-11-08,2024-01-14,2024-02-14,2024-02-14,2024-02-20,2024-02-23,Evergreen Marine,EVER LIBRA 296E,FOB,40HC,Ningbo-Zhoushan,Manzanillo,2,71624.42,143248.84,8725.75,771.84,45155.4,50381.5,50.98,8462 91 01 00,152746.43,266939.66,21355.17,473230.63,7638.2,35607.42,0.0,,17.476,2,Guard cracked during transit,China
IMP-2023-0401,PO-202311-018,INV-1001-202311-0002,SUP-1001,SKU-114,2023-11-08,2024-02-13,2024-03-09,2024-03-09,2024-03-11,2024-03-12,Yang Ming Marine Transport,MAERSK COLUMBUS 677E,FOB,40HC,Yantian,Lázaro Cárdenas,1,68806.26,"$68,806.26",,330.33,13106.2,14305.5,27.81,8477100100,77905.61,137622.6,11009.81,243977.34,6799.01,28388.46,0.0,,17.6653,,,China
IMP-2023-0402,PO-202311-019,INV-1002-202311-0002,SUP-1002,SKU-102,45238,45292,45336,45336,45339,45342,COSCO,MAERSK ESSEX 847W,FOB,40GP,Shekou,Veracruz,6,"91,269.08","$547,614.48",10909.92,,90382.2,104051.8,119.78,8515310100,561083.35,980549.26,78443.94,1738317.73,8599.68,163766.68,0.0,0.0,17.476,,,China
IMP-2023-0403,PO-202311-020,INV-1008-202311-0001,SUP-1008,SKU-110,2023-11-09,2024-01-10,2024-02-14,2024-02-19,2024-02-22,2024-02-23,MSC,EVER LIBRA 260W,FOB,20GP,Wenzhou,Manzanillo,3,20072.30,"$60,216.90",5821.16,326.35,14069.7,15227.6,33.16,8456110100,66364.41,115978.44,9278.28,205606.58,4942.87,45365.68,,0.0,17.476,,,China
IMP-2023-0404,PO-202311-021,INV-1007-202311-0002,SUP-1007,SKU-129,09/11/2023,28/01/2024,04/03/2024,07/03/2024,23/03/2024,,MSC,COSCO ARIES 822W,CIF,40GP,Ningbo-Zhoushan,Manzanillo,3,41002.96,123008.88,0.0,,23316.0,25250.8,57.17,8422309900,123608.29,218357.75,17468.62,387104.62,3807.69,44263.82,0.0,11106.6,17.6653,0,No issues found on inspection,China
IMP-2023-0405,PO-202311-022,INV-1001-202311-0003,SUP-1001,SKU-102,45240,45297,45328,45328,45335,45336,MSC,MAERSK ESSEX 415W,FOB,40GP,Yantian,Manzanillo,3,"$98,683.26","$296,049.78",9154.57,1656.91,45191.1,51243.3,59.78,8457100100,306861.26,536270.74,42901.66,950700.76,6315.4,31848.52,0.0,0.0,17.476,,,China
IMP-2023-0406,PO-202311-023,INV-1007-202311-0003,SUP-1007,SKU-141,2023-11-10,2024-01-03,2024-02-06,2024-02-06,2024-02-11,2024-02-15,MSC,MAERSK ESSEX 735E,FOB,20GP,Ningbo-Zhoushan,Manzanillo,4,29268.91,117075.64,7406.08,420.78,7582.4,8343.4,15.19,8515310100,124902.5,327419.41,17462.37,404428.46,8951.13,47869.79,0.0,0.0,17.476,0,Sin observaciones durante la inspección,China
IMP-2023-0407,PO-202311-024,INV-1002-202311-0003,SUP-1002,SKU-107,2023-11-09,2023-12-26,2024-01-30,2024-01-30,2024-02-19,2024-02-20,MSC,MAERSK COLUMBUS 539E,FOB,40GP,Shekou,Veracruz,2,46446.74,92893.48,,525.15,21084.8,22992.0,24.96,8458110100,103583.86,179383.42,14350.67,318010.93,8426.03,60588.39,0.0,0.0,17.3177,,,China
IMP-2023-0408,PO-202311-025,INV-1009-202311-0003,sup1009,SKU-117,10/11/2023,11/01/2024,17/02/2024,29/02/2024,05/03/2024,06/03/2024,MSC,COSCO ARIES 621W,FOB,40GP,Ningbo-Zhoushan,Manzanillo,6,34249.30,"$205,495.80",8873.0,,69504.0,75462.0,100.59,8477100100,215127.88,"MXN 375,957.48",30076.6,666497.43,8686.96,51750.51,0.0,0.0,17.476,,,China
IMP-2023-0409,PO-202311-026,INV-1005-202311-0001,SUP-05,SKU-102,2023-11-11,2024-01-02,2024-02-01,2024-03-06,2024-03-12,2024-03-16,COSCO Shipping Lines,YM WELLNESS 249E,DDP,40GP,Shekou,Manzanillo,1,97721.88,"$97,721.88",6686.1,543.69,15063.7,17022.0,19.2,8457100100,104951.67,185400.27,14832.02,328677.61,8294.39,19201.88,0.0,0.0,17.6653,3,Control panel door misaligned,China
IMP-2023-0410,PO-202311-027,INV-1007-202311-0004,SUP-1007,SKU-130,2023-11-11,2024-01-08,2024-02-12,2024-02-12,2024-02-19,2024-02-21,COSCO Shipping Lines,HAPAG BERLIN EXPRESS 328E,FOB,40HC,Ningbo-Zhoushan,Manzanillo,2,84974.05,"$169,948.10",8329.19,,45598.0,50990.6,65.89,8462910100,179096.54,312989.11,25039.13,554867.1,5062.28,32963.53,0.0,0.0,17.476,0,Sin observaciones durante la inspección,China
IMP-2023-0411,PO-202311-028,INV-1008-202311-0002,SUP-1008,SKU-126,11/11/2023,02/02/2024,03/07/2024,03/07/2024,03/14/2024,,Maersk,MAERSK COLUMBUS 200W,EXW,40GP,Wenzhou,Lázaro Cárdenas,1,"31,549.86","$31,549.86",6428.0,,6230.8,6831.6,12.93,8422309900,37977.86,67089.03,5367.12,118935.43,7076.44,34393.31,0.0,,17.6653,,,China
IMP-2023-0412,PO-202311-029,INV-1008-202311-0003,SUP-1008,SKU-119,2023-11-13,2024-01-23,2024-02-24,2024-02-24,2024-02-26,2024-02-29,COSCO Shipping Lines,COSCO VEGA 443E,CIF,20GP,Wenzhou,Lázaro Cárdenas,1,46043.32,"$46,043.32",,210.77,2488.3,2880.4,3.67,8479500100,46254.09,40416.82,6466.69,136835.2,6650.31,37650.75,0.0,0.0,17.476,,,China
IMP-2023-0413,PO-202311-030,INV-1001-202311-0004,SUP-1001,SKU-121,13/11/2023,10/02/2024,17/03/2024,17/03/2024,31/03/2024,04/04/2024,COSCO Shipping Lines,YM WELLNESS 870W,FOB,20GP,Yantian,Manzanillo,1,"$63,906.66",63906.66,5766.78,211.29,2365.9,2640.5,8.09,8479500100,69884.73,61726.74,9876.28,208982.04,3996.47,26297.36,0.0,0.0,17.6653,0,Sin observaciones durante la inspección,China
IMP-2023-0414,PO-202311-031,INV-1007-202311-0005,SUP-1007,SKU-130,14/11/2023,21/01/2024,27/02/2024,27/02/2024,02/03/2024,,Hapag-Lloyd,MSC PALOMA 438E,CIF,40HC,Ningbo-Zhoushan,Manzanillo,1,"$81,312.61","$81,312.61",0.0,304.81,22799.0,25858.0,31.97,8462910100,81617.42,"MXN 142,634.60",11410.77,252862.62,3637.53,19480.8,0.0,0.0,17.476,0,No issues found on inspection,China
IMP-2023-0415,PO-202311-032,INV-1001-202311-0005,SUP-1001,SKU-114,11/14/2023,02/12/2024,03/14/2024,03/14/2024,03/16/2024,03/19/2024,,YM WELLNESS 834E,CIF,40HC,Yantian,Manzanillo,3,72057.34,"$216,172.02",0.0,719.95,39318.6,44684.2,84.86,8477100100,216891.97,383146.17,30651.69,679241.53,5020.26,36874.36,0.0,0.0,17.6653,,,China
IMP-2023-0416,PO-202311-033,INV-1001-202311-0006,SUP-1001,SKU-117,15/11/2023,17/01/2024,,14/02/2024,18/02/2024,20/02/2024,Hapag-Lloyd,MAERSK COLUMBUS 271E,FOB,40GP,Yantian,Manzanillo,2,32901.27,"$65,802.54",5425.03,,23168.0,26644.1,32.04,8477100100,71596.15,125121.43,10009.71,221815.27,3836.52,30769.95,0.0,0.0,17.476,0,No issues found on inspection,China
IMP-2023-0417,PO-202311-034,INV-1010-202311-0001,SUP-1010,SKU-134,17/11/2023,10/01/2024,13/02/2024,13/02/2024,,18/02/2024,Maersk,COSCO ARIES 805W,FOB,20GP,Taizhou,Manzanillo,1,"7,473.20",7473.20,6125.26,,1398.5,1571.5,4.25,8480710100,13638.28,11917.13,1906.74,40346.63,8170.68,24068.83,,0.0,17.476,0,Sin observaciones durante la inspección,China
IMP-2023-0418,PO-202311-035,INV-1001-202311-0007,SUP-1001,SKU-101,18-11-2023,30-12-2023,27-01-2024,27-01-2024,04-02-2024,07-02-2024,Maersk,YM WELLNESS 815W,FOB,40HC,Yantian,Manzanillo,6,148128.01,888768.06,6814.64,,51255.0,56531.2,182.73,8457100100,899979.95,1558558.28,124684.66,2763012.12,4392.65,47016.52,0.0,0.0,17.3177,0,Sin observaciones durante la inspección,China
IMP-2023-0419,PO-202311-036,INV-1005-202311-0002,SUP-1005,SKU-121,21/11/2023,06/02/2024,09/03/2024,09/03/2024,15/03/2024,16/03/2024,COSCO Shipping Lines,MSC PALOMA 336W,EXW,20GP,Shekou,Manzanillo,2,66807.74,"$133,615.48",7196.66,,4731.8,5465.5,15.88,8479500100,140812.14,124374.43,19899.91,421082.09,4195.55,30196.38,0.0,0.0,17.6653,0,Sin observaciones durante la inspección,China
IMP-2023-0420,PO-202311-037,INV-1014-202311-0002,SUP-1014,SKU-118,45249,45330,45356,45356,45368,45372,COSCO Shipping Lines,YM WELLNESS 378W,FOB,20GP,Nantong,Lázaro Cárdenas,1,27200.29,27200.29,6909.76,123.41,6672.8,7677.1,11.66,8477100100,34233.46,60474.43,4837.95,107209.08,7990.53,36388.35,0.0,3151.55,17.6653,,,China
IMP-2023-0421,PO-202311-038,INV-1013-202311-0002,SUP-1013,SKU-133,20/11/2023,01/02/2024,03/03/2024,03/03/2024,08/03/2024,11/03/2024,MSC,COSCO VEGA 594W,EXW,40HC,Shanghai,Lázaro Cárdenas,1,"$92,515.83",92515.83,7510.94,0.0,20272.3,22871.5,31.27,8462910100,100026.77,176700.29,14136.02,313254.27,5402.88,39485.43,,0.0,17.6653,0,Sin observaciones durante la inspección,China
IMP-2023-0422,PO-202311-039,INV-1003-202311-0006,SUP-1003,SKU-123,11/20/2023,02/05/2024,03/12/2024,03/12/2024,03/15/2024,03/16/2024,MSC,MSC ANZU 796W,FOB,20GP,Nansha,Manzanillo,3,19508.47,"$58,525.41",9426.0,,4607.7,5103.0,22.48,8414809900,68171.55,"MXN 180,640.63",9634.17,223127.31,4482.4,35126.85,0.0,0.0,17.6653,,,China
IMP-2023-0423,PO-202311-040,INV-1007-202311-0006,SUP-1007,SKU-129,20/11/2023,07/02/2024,05/03/2024,05/03/2024,10/03/2024,14/03/2024,Ocean Network Express,EVER LIBRA 271W,FOB,40'GP,Ningbo-Zhoushan,Lázaro Cárdenas,2,"36,362.44","$72,724.88",6318.71,,15544.0,17256.2,34.0,8422309900,79326.74,140133.07,11210.65,248427.9,5438.03,55053.83,0.0,0.0,17.6653,,,China
IMP-2023-0424,PO-202311-041,INV-1014-202311-0003,SUP-1014,SKU-132,2023-11-21,2024-02-18,2024-03-26,2024-04-29,2024-05-09,2024-05-09,Evergreen Marine,YM WELLNESS 218E,FOB,40GP,Nantong,Manzanillo,1,28753.93,28753.93,5816.68,97.71,14439.6,15963.9,12.31,8462910100,34668.32,62447.35,4995.79,110706.66,6479.38,20265.84,0.0,0.0,18.0128,,,China
IMP-2023-0425,PO-202311-042,INV-1003-202311-0007,SUP-1003,SKU-133,21-11-2023,19-01-2024,15-02-2024,15-02-2024,24-02-2024,27-02-2024,maersk,HAPAG BERLIN EXPRESS 896W,FOB,40HC,Nansha,Manzanillo,2,95563.02,191126.04,5886.35,,40544.6,46455.5,60.73,8462910100,197803.87,345682.04,27654.56,612825.13,7867.72,27378.78,0.0,0.0,17.476,,,China
IMP-2023-0426,PO-202311-043,INV-1003-202311-0008,SUP-1003,SKU-117,2023-11-22,2024-02-03,2024-03-07,2024-03-07,2024-03-16,2024-03-19,Hapag-Lloyd,COSCO VEGA 560W,FOB,40GP,Nansha,Manzanillo,2,32814.99,65629.98,6505.29,,23168.0,26855.0,32.32,8477100100,72387.53,127874.74,10229.98,226696.35,7524.54,28877.83,0.0,0.0,17.6653,0,Sin observaciones durante la inspección,China
IMP-2023-0427,PO-202311-044,INV-1008-202311-0004,SUP-1008,SKU-126,2023-11-22,2024-02-11,2024-03-14,2024-03-14,2024-03-21,,MSC,COSCO VEGA 489E,FOB,40GP,Wenzhou,Lázaro Cárdenas,1,30213.85,"$30,213.85",5309.5,,6230.8,6730.9,13.24,8422309900,35636.37,62952.72,5036.22,111602.58,7069.62,30977.33,0.0,0.0,17.6653,,,China
IMP-2023-0428,PO-202311-045,INV-1011-202311-0002,SUP-1011,SKU-136,2023-11-23,2024-01-12,2024-02-12,2024-02-12,2024-02-20,2024-02-22,Evergreen Marine,MAERSK ESSEX 257E,CIF,20GP,Shanghai,Lázaro Cárdenas,1,17821.12,17821.12,0.0,65.38,1677.1,1833.1,5.49,8480710100,17886.5,15629.22,2500.68,52914.3,8829.57,34963.36,0.0,0.0,17.476,,,China
IMP-2023-0429,PO-202311-046,INV-1013-202311-0003,SUP-1013,SKU-117,2023-11-25,2024-01-27,2024-03-04,2024-03-04,2024-03-08,2024-03-11,Evergreen Marine,MSC PALOMA 622E,DDP,40GP,Shanghai,Manzanillo,2,34977.70,69955.40,6670.75,,23168.0,25852.9,31.56,8477100100,76921.88,135884.81,10870.78,240896.59,9020.15,29837.57,0.0,,17.6653,,,China
IMP-2023-0430,PO-202311-047,INV-1013-202311-0004,SUP-1013,SKU-109,2023-11-25,2024-01-01,2024-01-30,2024-02-01,2024-02-09,2024-02-10,Maersk,ONE APUS 153E,CIF,40GP,Shanghai,Manzanillo,2,"$84,773.25","$169,546.50",0.0,828.18,26814.4,29791.3,26.45,845811,170374.68,297746.79,23819.74,527845.51,8540.37,33018.45,0.0,0.0,17.476,0,Sin observaciones durante la inspección,China
IMP-2023-0431,PO-202311-048,INV-1013-202311-0005,SUP-1013,SKU-109,11/28/2023,01/11/2024,02/13/2024,02/13/2024,02/22/2024,02/25/2024,Evergreen Marine,MAERSK COLUMBUS 282W,CIF,20GP,Shanghai,Manzanillo,3,76764.31,230292.93,0.0,,40221.6,45335.6,35.48,8458110100,231491.84,404555.14,32364.41,717195.35,7368.73,44154.68,0.0,0.0,17.476,,Perforación fuera de tolerancia,China
IMP-2023-0432,PO-202311-049,INV-1009-202311-0004,SUP-1009,SKU-103,2023-11-28,2024-02-02,2024-02-28,2024-02-28,2024-03-02,2024-03-03,Evergreen Marine,COSCO VEGA 413W,DDP,40GP,Ningbo-Zhoushan,Lázaro Cárdenas,1,158889.88,158889.88,7393.93,,18341.2,21220.9,16.92,8457100100,166772.46,291451.55,23316.12,516685.31,6698.57,30411.89,0.0,0.0,17.476,,,China
IMP-2023-0433,PO-202312-001,INV-1002-202312-0001,SUP-1002,SKU-106,2023-12-03,2024-03-12,2024-04-12,2024-04-12,2024-04-19,2024-04-20,Hapag-Lloyd,YM WELLNESS 326W,FOB,40GP,Shekou,Manzanillo,4,83504.30,"$334,017.20",9963.5,1732.62,53309.2,59807.6,66.78,8458110100,345713.32,622726.49,49818.12,1103969.52,7055.16,48080.05,0.0,0.0,18.0128,,,China
IMP-2023-0434,PO-202312-002,INV-1003-202312-0001,SUP-1003,SKU-119,01/12/2023,02/03/2024,04/04/2024,04/04/2024,08/04/2024,10/04/2024,Hapag-Lloyd,COSCO VEGA 291E,FOB,20GP,Nansha,Manzanillo,1,50631.23,50631.23,5565.27,183.63,2488.3,2739.7,3.35,8479500100,56380.13,"MXN 50,778.20",8124.51,171914.67,7254.04,24112.88,0.0,0.0,18.0128,0,No issues found on inspection,China
IMP-2023-0435,PO-202312-003,INV-1002-202312-0002,SUP-1002,SKU-125,2023-12-01,2024-02-20,2024-03-20,2024-03-20,2024-03-25,2024-03-26,MSC,HAPAG BERLIN EXPRESS 452E,FOB,20GP,Shekou,Lázaro Cárdenas,1,"$14,660.94",14660.94,7781.38,,3330.5,3739.3,7.31,8414809900,22486.48,59584.56,3177.84,73598.85,6806.69,37102.54,0.0,0.0,17.6653,,Sin observaciones durante la inspección,China
IMP-2023-0436,PO-202312-004,INV-1013-202312-0001,SUP-1013,SKU-117,01/12/2023,21/02/2024,22/03/2024,22/03/2024,28/03/2024,,COSCO Shipping Lines,COSCO VEGA 239W,CIF,40GP,Shanghai,Manzanillo,1,32498.18,"$32,498.18",0.0,,11584.0,12781.8,17.03,8477 10 01 00,32663.45,57700.96,4616.08,102292.27,4693.37,23195.14,0.0,0.0,17.6653,,,China
IMP-2023-0437,PO-202312-005,INV-1010-202312-0001,SUP-1010,SKU-110,2023-12-01,2024-02-22,2024-03-24,2024-03-24,2024-04-01,2024-04-02,Evergreen Marine,COSCO VEGA 635E,FOB,20GP,Taizhou,Manzanillo,1,19363.85,19363.85,7068.05,,4689.9,5384.9,11.25,8456110100,26535.19,46875.21,3750.02,83100.37,5205.92,24297.42,0.0,0.0,17.6653,0,No issues found on inspection,China
IMP-2023-0438,PO-202312-006,INV-1012-202312-0001,SUP-1012,SKU-108,2023-12-02,2024-02-01,2024-02-28,2024-03-17,2024-03-31,2024-04-02,Yang Ming Marine Transport,MAERSK COLUMBUS 505W,FOB,20GP,Shanghai,Manzanillo,3,115774.07,347322.21,6134.83,,33657.6,36724.6,35.68,8458110100,355231.79,"MXN 627,527.61",50202.21,1112480.95,5890.2,33423.61,23510.61,0.0,17.6653,3,Vibración excesiva al arranque,China
IMP-2023-0439,PO-202312-007,INV-1009-202312-0001,SUP-1009,SKU-131,2023-12-02,2024-02-21,2024-03-19,2024-03-19,2024-04-10,2024-04-14,Evergreen Marine,YM WELLNESS 342E,FOB,40GP,Ningbo-Zhoushan,Lázaro Cárdenas,6,72620.61,"$435,723.66",6221.68,1991.79,135466.2,154337.9,142.42,8462910100,443937.13,784228.26,62738.26,1390279.86,5994.54,74351.53,0.0,0.0,17.6653,,,China
IMP-2023-0440,PO-202312-008,INV-1014-202312-0001,SUP-1014,SKU-134,2023-12-02,2024-01-29,2024-02-25,2024-02-26,2024-03-04,2024-03-08,Hapag-Lloyd,EVER LIBRA 535E,FOB,20GP,"Nantong, CN",Manzanillo,1,7070.04,7070.04,,27.35,1398.5,1593.0,4.52,8480710100,13206.32,11539.68,1846.35,39068.75,6743.74,21244.66,0.0,,17.476,,,China
IMP-2023-0441,PO-202312-009,INV-1009-202312-0002,SUP-1009,SKU-119,2023-12-03,2024-02-28,2024-03-25,2024-03-25,2024-03-29,2024-03-30,Ocean Network Express,MAERSK ESSEX 684W,FOB,20GP,Ningbo-Zhoushan,Lázaro Cárdenas,1,51438.65,51438.65,8347.6,,2488.3,2797.6,3.33,8479500100,60068.57,53056.47,8489.03,179627.97,8287.92,33044.94,0.0,0.0,17.6653,,,China
IMP-2023-0442,PO-202312-010,INV-1003-202312-0002,SUP-1003,SKU-112,12/04/2023,03/01/2024,04/03/2024,04/03/2024,04/11/2024,04/13/2024,Maersk,COSCO VEGA 284E,CIF,20GP,Nansha,Manzanillo,1,64915.93,"$64,915.93",0.0,,2143.6,2414.9,7.3,8456110100,65120.16,117299.64,9383.97,207948.8,7439.62,24855.35,0.0,0.0,18.0128,,Vibración excesiva al arranque,China
IMP-2023-0443,PO-202312-011,INV-1013-202312-0002,SUP-1013,SKU-133,45265,45356,45387,45387,45396,45399,Yang Ming Marine Transport,MSC ANZU 546E,FOB,40HC,Shanghai,Manzanillo,2,94601.10,189202.20,5763.08,825.04,40544.6,44344.7,58.72,8462910100,195790.32,"MXN 352,673.19",28213.86,625219.03,3981.45,25326.66,0.0,0.0,18.0128,,,China
IMP-2023-0444,PO-202312-012,INV-1006-202312-0001,SUP-1006,SKU-105,05/12/2023,10/02/2024,19/03/2024,22/04/2024,26/04/2024,28/04/2024,Evergreen Marine,MSC PALOMA 718W,FOB,40GP,Ningbo-Zhoushan,Manzanillo,1,157894.99,157894.99,6454.3,525.42,14233.9,15812.4,13.64,8457100100,164874.71,296985.52,23758.84,526495.93,5728.43,19957.79,23497.41,0.0,18.0128,,,China
IMP-2023-0445,PO-202312-013,INV-1003-202312-0003,SUP-1003,SKU-107,12/06/2023,02/14/2024,03/25/2024,03/25/2024,04/02/2024,04/03/2024,Evergreen Marine,MSC ANZU 823E,FOB,40GP,Nansha,Veracruz,2,42138.01,"$84,276.02",10136.79,391.69,21084.8,24060.0,25.27,8458110100,94804.5,167474.99,13398.0,296899.67,5477.07,83309.21,0.0,,17.6653,,,China
IMP-2023-0446,PO-202312-014,INV-1011-202312-0001,SUP-1011,SKU-136,07-12-2023,02-02-2024,08-03-2024,08-03-2024,14-03-2024,17-03-2024,Yang Ming Marine Transport,MAERSK ESSEX 680E,DDP,20GP,Shanghai,Manzanillo,6,"19,064.34","$114,386.04",,472.82,10062.6,11671.5,35.2,8480710100,122987.12,108630.22,17380.83,367778.47,5564.92,69397.84,0.0,0.0,17.6653,,,China
IMP-2023-0447,PO-202312-015,INV-1005-202312-0001,SUP-1005,SKU-121,07/12/2023,03/03/2024,10/04/2024,10/04/2024,28/04/2024,02/05/2024,Yang Ming Marine Transport,MSC ANZU 271W,CIF,20GP,Shekou,Manzanillo,4,65119.90,260479.60,0.0,1145.05,9463.6,10715.7,31.72,8479500100,261624.65,235629.62,37700.74,797747.66,6567.35,36950.93,0.0,5061.2,18.0128,,,China
IMP-2023-0448,PO-202312-016,INV-1011-202312-0002,SUP-1011,SKU-136,2023-12-07,2024-02-18,2024-03-23,2024-03-23,2024-03-25,2024-03-27,Evergreen Marine,HAPAG BERLIN EXPRESS 340W,FOB,20GP,Shanghai,Manzanillo,6,"20.015,46","$120,092.76",7093.99,664.49,10062.6,11126.7,34.33,8480710100,127851.24,112926.53,18068.24,382324.04,7310.2,70539.17,,0.0,17.6653,0,No issues found on inspection,China
IMP-2023-0449,PO-202312-017,INV-1014-202312-0002,SUP-1014,SKU-118,08/12/2023,26/03/2024,25/04/2024,25/04/2024,29/04/2024,01/05/2024,MSC,MSC PALOMA 631W,FOB,40GP,Nantong,Manzanillo,1,29584.20,"$29,584.20",5957.47,,6672.8,7626.5,12.3,8477100100,35715.13,64332.95,5146.64,114049.45,8818.92,23740.45,0.0,0.0,18.0128,,,China
IMP-2023-0450,PO-202312-018,INV-1014-202312-0003,SUP-1014,SKU-116,08/12/2023,18/03/2024,16/04/2024,28/04/2024,04/05/2024,05/05/2024,Yang Ming Marine Transport,MSC ANZU 648E,FOB,20GP,Nantong,Lázaro Cárdenas,1,"$85,139.83",85139.83,5222.8,,6421.4,7082.1,10.02,8477100100,90717.03,"MXN 163,406.77",13072.54,289687.53,6316.25,28640.31,0.0,0.0,18.0128,,,China
IMP-2023-0451,PO-202312-019,INV-1014-202312-0004,SUP-1014,SKU-115,12/08/2023,02/25/2024,03/26/2024,03/26/2024,03/29/2024,04/02/2024,Hapag-Lloyd,MAERSK ESSEX 478W,FOB,40GP,Nantong,Lázaro Cárdenas,2,41234.37,82468.74,9472.02,427.67,9126.0,9923.0,38.91,8477100100,92368.43,163171.6,13053.73,289270.62,7086.18,43901.92,,0.0,17.6653,,,China
IMP-2023-0452,PO-202312-020,INV-1002-202312-0003,SUP-1002,SKU-107,09/12/2023,05/02/2024,05/03/2024,03/03/2024,05/03/2024,08/03/2024,Evergreen Marine,MAERSK COLUMBUS 152E,FOB,40GP,Shekou,Manzanillo,3,43844.43,"$131,533.29",9393.81,,31627.2,36017.3,42.66,8458110100,141443.11,249863.5,19989.08,442958.01,7398.59,30272.94,0.0,0.0,17.6653,1,Revisión eléctrica sin hallazgos,China
IMP-2023-0453,PO-202312-021,INV-1001-202312-0001,SUP-1001,SKU-114,2023-12-09,2024-03-25,2024-04-21,2024-04-21,2024-04-26,2024-04-29,COSCO Shipping Lines,MAERSK COLUMBUS 444W,FOB,40HC,Yantian,Manzanillo,4,"69,352.71","$277,410.84",7966.46,919.23,52424.8,58927.3,110.08,8477100100,286296.53,515700.21,41256.02,914233.34,4920.74,55225.35,0.0,0.0,18.0128,0,No issues found on inspection,China
IMP-2023-0454,PO-202312-022,INV-1003-202312-0004,SUP-1003,SKU-123,10/12/2023,17/03/2024,29/04/2024,29/04/2024,04/05/2024,08/05/2024,Hapag-Lloyd,MSC PALOMA 582E,FOB,40'HC,Nansha,veracruz,4,"17.842,44","$71,369.76",8909.09,,6143.6,6699.0,28.4,8414809900,80571.12,217696.72,11610.49,268898.99,6016.36,95087.91,0.0,0.0,18.0128,,,China
IMP-2023-0455,PO-202312-023,INV-1008-202312-0001,SUP-1008,SKU-120,2023-12-11,2024-03-18,2024-04-25,2024-04-25,2024-05-13,2024-05-16,MSC,MSC PALOMA 399W,FOB,20GP,Wenzhou,Manzanillo,2,62128.78,"$124,257.56",9162.59,479.18,4365.6,4824.7,6.42,8479500100,133899.33,120595.09,19295.21,408286.75,6248.71,32067.44,0.0,,18.0128,,,China
IMP-2023-0456,PO-202312-024,INV-1013-202312-0003,SUP-1013,SKU-133,2023-12-11,2024-03-03,2024-04-08,2024-04-08,2024-04-15,2024-04-17,Yang Ming Marine Transport,MSC ANZU 870W,FOB,40HC,Shanghai,Manzanillo,1,100163.84,"$100,163.84",,,20272.3,23071.0,29.04,8462910100,107987.78,194516.23,15561.3,344838.37,5846.37,19755.33,0.0,0.0,18.0128,,,China
IMP-2023-0457,PO-202312-025,INV-1006-202312-0002,SUP-1006,SKU-125,12/12/2023,14/02/2024,21/03/2024,21/03/2024,29/03/2024,01/04/2024,Yang Ming Marine Transport,COSCO ARIES 166W,CIF,20GP,Ningbo-Zhoushan,Manzanillo,1,14269.49,"$14,269.49",0.0,,3330.5,3703.7,6.89,8414809900,14319.14,37942.79,2023.62,46866.93,7195.03,25515.97,0.0,0.0,17.6653,,,China
IMP-2023-0458,PO-202312-026,INV-1010-202312-0002,SUP-1010,SKU-110,2023-12-12,2024-02-17,2024-03-22,2024-03-22,2024-03-31,2024-04-01,Maersk,MAERSK ESSEX 758E,FOB,20GP,Taizhou,Manzanillo,3,19858.09,59574.27,5648.11,339.03,14069.7,16235.5,32.43,8456110100,65561.41,"MXN 115,816.20",9265.3,205318.96,4583.7,40662.94,0.0,0.0,17.6653,,,China
IMP-2023-0459,PO-202312-027,INV-1002-202312-0004,SUP-1002,SKU-106,12/13/2023,03/28/2024,05/03/2024,05/03/2024,05/12/2024,05/13/2024,Hapag-Lloyd,HAPAG BERLIN EXPRESS 354E,FOB,40GP,Shekou,Manzanillo,1,82396.55,"$82,396.55",8797.59,430.53,13327.3,15307.1,18.21,8458110100,91624.67,166225.48,13298.04,294684.52,5520.89,25845.84,0.0,0.0,18.142,,,China
IMP-2023-0460,PO-202312-028,INV-1007-202312-0001,SUP-1007,SKU-118,2023-12-14,2024-03-29,2024-05-03,2024-05-03,2024-05-05,2024-05-06,COSCO Shipping Lines,COSCO ARIES 478E,CIF,40GP,Ningbo-Zhoushan,Manzanillo,6,"$28,541.46",171248.76,0.0,,40036.8,43483.4,73.33,8477100100,172032.26,312100.93,24968.07,553292.52,8189.69,48102.71,0.0,0.0,18.142,,,China
IMP-2023-0461,PO-202312-029,INV-1009-202312-0003,SUP-1009,SKU-131,2023-12-15,2024-03-16,2024-04-21,2024-04-21,2024-04-23,2024-04-24,Ocean Network Express,HAPAG BERLIN EXPRESS 362W,DDP,40HC,Ningbo-Zhoushan,Manzanillo,1,72651.05,72651.05,8671.08,306.18,22577.7,25378.1,24.06,,81628.31,147035.44,11762.84,260664.43,5739.48,25101.96,0.0,0.0,18.0128,,,China
IMP-2023-0462,PO-202312-030,INV-1004-202312-0001,SUP-1004,SKU-136,2023-12-15,2024-02-19,2024-03-19,2024-04-21,2024-05-07,2024-05-11,MSC,COSCO ARIES 145W,FOB,20GP,Yantian,Lázaro Cárdenas,4,"$18,068.82","$72,275.28",,364.1,6708.4,7486.4,22.24,8480710100,82136.77,73975.66,11836.11,250452.0,3719.09,67123.11,,10451.27,18.0128,,,China
IMP-2023-0463,PO-202312-031,INV-1002-202312-0005,SUP-1002,SKU-125,2023-12-17,2024-03-04,2024-04-03,2024-04-04,2024-04-07,2024-04-09,Maersk,HAPAG BERLIN EXPRESS 601E,EXW,20GP,Shekou,Lázaro Cárdenas,2,14877.62,29755.24,7463.95,,7490.8,6661.0,14.14,8414809900,37219.19,100563.27,5363.37,124215.76,4150.32,43974.19,0.0,0.0,18.0128,5,Sello de empaque roto,China
IMP-2023-0464,PO-202312-032,INV-1006-202312-0003,SUP-1006,SKU-101,18/12/2023,19/02/2024,16/03/2024,17/03/2024,24/03/2024,29/03/2024,Evergreen Marine,MSC PALOMA 445W,FOB,40HC,Ningbo-Zhoushan,Manzanillo,1,"$153,635.36","$153,635.36",6324.78,530.97,8542.5,9737.9,31.82,8457100100,160491.11,"MXN 283,512.36",22680.99,502610.71,7024.77,20492.14,0.0,,17.6653,0,Sin observaciones durante la inspección,China
IMP-2023-0465,PO-202312-033,INV-1013-202312-0004,SUP-1013,SKU-140,12/19/2023,03/23/2024,04/29/2024,04/29/2024,05/04/2024,05/07/2024,Ocean Network Express,COSCO VEGA 109W,FOB,20GP,Shanghai,Manzanillo,1,28156.50,28156.50,8527.87,127.59,1777.7,2046.1,3.44,8515310100,36811.96,99462.97,5304.69,122856.66,4508.18,18015.5,,0.0,18.0128,0,Sin observaciones durante la inspección,China
IMP-2023-0466,PO-202312-034,INV-1013-202312-0005,SUP-1013,SKU-117,20/12/2023,01/04/2024,01/05/2024,01/05/2024,23/05/2024,27/05/2024,Evergreen Marine,MSC PALOMA 275W,DDP,40GP,Shanghai,Manzanillo,2,31570.66,63141.32,9417.73,238.66,23168.0,25485.7,31.02,8477100100,72797.71,132069.61,10565.57,234133.0,4907.69,28535.87,0.0,11322.09,18.142,,,China
IMP-2023-0467,PO-202312-035,INV-1012-202312-0002,SUP-1012,SKU-103,21/12/2023,19/03/2024,24/04/2024,23/04/2024,01/05/2024,05/05/2024,COSCO Shipping Lines,YM WELLNESS 720E,CIF,40GP,Shanghai,Manzanillo,3,"$165,701.79",497105.37,0.0,2283.16,55023.6,60305.7,53.54,8457100100,499388.53,899538.57,71963.09,1594701.98,5856.74,32239.58,0.0,0.0,18.0128,,,China
IMP-2023-0468,PO-202312-036,INV-1014-202312-0005,SUP-1014,SKU-132,2023-12-22,2024-03-21,2024-04-21,2024-04-21,2024-04-28,2024-04-29,Hapag-Lloyd,HAPAG BERLIN EXPRESS 273E,DDP,40GP,Nantong,Lázaro Cárdenas,1,"$28,747.74",28747.74,6370.41,,14439.6,15999.7,12.49,8462910100,35230.27,63459.58,5076.77,112501.14,6009.89,37132.07,0.0,,18.0128,,,China
IMP-2023-0469,PO-202312-037,INV-1014-202312-0006,SUP-1014,SKU-118,2023-12-22,2024-04-07,2024-05-08,2024-05-26,2024-06-11,2024-06-12,Yang Ming Marine Transport,MSC ANZU 224W,FOB,40GP,Nantong,Manzanillo,4,29537.30,118149.20,6066.92,,26691.2,30077.7,49.86,8477100100,124738.25,226300.13,18104.01,401184.88,6210.53,49507.38,0.0,3313.71,18.142,,,China
IMP-2023-0470,PO-202312-038,INV-1011-202312-0003,SUP-1011,SKU-135,23-12-2023,25-02-2024,24-03-2024,24-03-2024,30-03-2024,01-04-2024,MSC,ONE APUS 311W,FOB,20GP,Shanghai,Manzanillo,1,4230.61,"$4,230.61",7266.27,19.55,1888.3,2086.4,4.4,8480710100,11516.43,10172.06,1627.53,34438.52,4850.18,23621.81,0.0,0.0,17.6653,,,China
IMP-2023-0471,PO-202312-039,INV-1007-202312-0002,SUP-1007,SKU-129,2023-12-23,2024-03-21,2024-04-27,2024-04-27,2024-05-05,2024-05-08,Hapag-Lloyd,EVER LIBRA 319W,FOB,40GP,Ningbo-Zhoushan,Manzanillo,1,38765.69,"$38,765.69",8682.09,,7772.0,8702.3,18.45,8422309900,47678.42,85882.18,6870.57,152251.94,8077.82,26221.55,0.0,0.0,18.0128,,,China
IMP-2023-0472,PO-202312-040,INV-1007-202312-0003,SUP-1007,SKU-129,23/12/2023,27/03/2024,30/04/2024,30/04/2024,09/05/2024,11/05/2024,COSCO Shipping Lines,ONE APUS 784W,CIF,40GP,Ningbo-Zhoushan,Manzanillo,3,39457.14,"$118,371.42",0.0,,23316.0,25215.4,53.93,8422309900,118778.62,213953.55,17116.28,379296.86,7460.81,38128.86,0.0,0.0,18.0128,0,No issues found on inspection,China
IMP-2023-0473,PO-202312-041,INV-1002-202312-0006,SUP-1002,SKU-120,23/12/2023,30/03/2024,07/05/2024,07/05/2024,11/05/2024,15/05/2024,MSC,MSC ANZU 339E,EXW,20GP,Shekou,Manzanillo,1,62594.16,62594.16,8253.67,0.0,2182.8,2413.8,3.06,8479500100,70847.83,64266.07,10282.57,217579.2,4082.45,17729.85,0.0,,18.142,,,China
IMP-2023-0474,PO-202312-042,INV-1007-202312-0004,SUP-1007,SKU-130,2023-12-23,2024-03-07,2024-04-20,2024-04-20,2024-04-23,2024-04-25,Yang Ming Marine Transport,ONE APUS 791W,FOB,40HC,Ningbo-Zhoushan,Veracruz,2,83537.17,167074.34,10052.93,812.18,45598.0,52551.2,67.78,8462910100,177939.45,320518.77,25641.5,568215.68,6634.77,71848.15,0.0,,18.0128,0,Sin observaciones durante la inspección,China
IMP-2023-0475,PO-202312-043,INV-1004-202312-0002,SUP-1004,SKU-141,2023-12-24,2024-02-29,2024-03-28,2024-03-28,2024-03-30,2024-04-03,Evergreen Marine,MSC PALOMA 465E,FOB,20GP,"Yantian, China",Manzanillo,1,27621.71,"$27,621.71",,124.3,1895.6,2126.9,3.88,8515310100,33581.71,88984.65,4745.85,109913.84,4871.02,23698.03,,,17.6653,,,China
IMP-2023-0476,PO-202312-044,INV-1011-202312-0004,SUP-1011,SKU-135,2023-12-24,2024-03-01,2024-04-05,2024-04-05,2024-04-11,2024-04-14,Yang Ming Marine Transport,MAERSK COLUMBUS 753E,FOB,20GP,Shanghai,Manzanillo,2,4036.25,"$8,072.50",8081.45,41.82,3776.6,4186.1,8.98,8480710100,16195.77,14586.56,2333.85,49384.25,7227.39,32818.1,0.0,0.0,18.0128,,,China
IMP-2023-0477,PO-202312-045,INV-1002-202312-0007,SUP-1002,SKU-124,2023-12-25,2024-03-28,2024-05-01,2024-05-03,2024-05-09,2024-05-10,Maersk,MSC ANZU 676W,FOB,20GP,Shekou,Manzanillo,2,7465.16,14930.32,5409.67,74.38,1142.4,1276.1,10.87,8414809900,20414.37,55553.63,2962.86,68619.84,5816.87,24328.07,0.0,0.0,18.142,,,China
IMP-2023-0478,PO-202312-046,INV-1010-202312-0003,SUP-1010,SKU-110,2023-12-25,2024-02-24,2024-03-31,2024-03-31,2024-04-05,2024-04-07,Hapag-Lloyd,EVER LIBRA 378E,FOB,20GP,Taizhou,Manzanillo,2,"18,947.65",37895.30,5809.26,160.12,9379.8,10765.9,23.37,8456 11 01 00,43864.68,"MXN 77,488.27",6199.06,137371.21,4321.13,23995.16,,0.0,17.6653,,,China
IMP-2023-0479,PO-202312-047,INV-1014-202312-0007,SUP-1014,SKU-114,2023-12-27,2024-04-10,2024-05-16,2024-05-24,2024-06-01,2024-06-05,Evergreen Marine,ONE APUS 541E,FOB,40HC,Nantong,Manzanillo,2,"71,321.86","$142,643.72",,,26212.4,29836.0,54.65,8477100100,150863.56,273696.67,21895.73,485209.46,8489.18,28335.87,,0.0,18.142,2,Faltó el manual en español,China
IMP-2023-0480,PO-202312-048,INV-1009-202312-0004,SUP-1009,SKU-127,28-12-2023,05-04-2024,08-05-2024,08-05-2024,16-05-2024,17-05-2024,COSCO Shipping Lines,YM WELLNESS 736E,FOB,40GP,Ningbo-Zhoushan,Manzanillo,1,"50.714,94","$50,714.94",6244.66,301.0,3825.5,4414.4,20.13,8422309900,57260.6,"MXN 103,882.18",8310.57,184162.33,9156.49,21930.66,0.0,0.0,18.142,,Tornillería incompleta,China
IMP-2023-0481,PO-202312-049,INV-1012-202312-0003,SUP-1012,SKU-108,2023-12-28,2024-02-28,2024-03-27,2024-04-01,2024-04-06,2024-04-08,MSC,ONE APUS 360W,FOB,20GP,Shanghai,Manzanillo,2,"$117,274.30",234548.60,,711.88,22438.4,25366.0,22.12,8458110100,241787.01,435526.11,34842.09,772100.68,6593.92,27749.01,0.0,,18.0128,,,China
IMP-2023-0482,PO-202312-050,INV-1005-202312-0002,SUP-1005,SKU-139,28/12/2023,28/02/2024,03/04/2024,03/04/2024,06/04/2024,11/04/2024,Yang Ming Marine Transport,YM WELLNESS 106W,CIF,20GP,Shekou,Manzanillo,1,21153.76,21153.76,,,1033.8,1124.7,9.05,8428330100,21261.88,38298.6,3063.89,67895.76,7861.38,21963.28,0.0,0.0,18.0128,0,Sin observaciones durante la inspección,China
IMP-2023-0483,PO-202312-051,INV-1013-202312-0006,SUP-1013,SKU-137,2023-12-28,2024-02-19,2024-03-28,2024-03-28,2024-04-06,2024-04-10,Ocean Network Express,HAPAG BERLIN EXPRESS 540W,FOB,40GP,Shanghai,Manzanillo,1,35712.00,35712.00,6070.97,108.9,5455.3,6082.6,18.46,8428330100,41891.87,74003.25,5920.26,131192.95,4133.33,24263.34,0.0,0.0,17.6653,,,China
IMP-2024-0001,PO-202401-001,INV-1013-202401-0001,SUP-1013,SKU-122,02-01-2024,27-04-2024,06-06-2024,13-04-2024,15-06-2024,17-06-2024,Hapag-Lloyd,EVER LIBRA 313W,FOB,20GP,Shanghai,Lázaro Cárdenas,3,25385.93,"$76,157.79",6901.06,,3882.6,4364.3,12.08,8414809900,83456.52,230373.8,12286.6,284557.71,5981.42,53558.55,0.0,0.0,18.4027,,,China
IMP-2024-0002,PO-202401-002,INV-1014-202401-0001,SUP-1014,SKU-104,2024-01-02,2024-03-28,2024-05-10,2024-05-18,2024-06-01,2024-06-05,Yang Ming Marine Transport,MSC PALOMA 263E,FOB,40HC,Nantong,Manzanillo,4,158457.96,"$633,831.84",6868.39,2073.04,34546.8,39149.0,120.67,8457100100,642773.27,1166119.27,93289.54,2067296.24,4008.74,37453.99,0.0,10462.45,18.142,,,China
IMP-2024-0003,PO-202401-003,INV-1002-202401-0001,SUP-1002,SKU-106,2024-01-02,2024-04-04,2024-05-17,2024-05-19,2024-05-27,2024-05-30,Hapag-Lloyd,ONE APUS 560W,FOB,40GP,Shekou,manzanillo,4,89798.22,359192.88,6840.03,2111.98,53309.2,61632.1,67.38,8458110100,368144.89,667888.46,53431.08,1184032.66,8168.54,37175.38,0.0,,18.142,,,China
IMP-2024-0004,PO-202401-004,INV-1012-202401-0001,SUP-1012,SKU-105,08/01/2024,19/03/2024,07/05/2024,07/05/2024,16/05/2024,17/05/2024,COSCO Shipping Lines,MSC PALOMA 827W,FOB,40GP,Shanghai,Manzanillo,3,163791.72,"$491,375.16",7384.1,,42701.7,49195.1,42.96,8457100100,501693.78,910172.86,72813.83,1613554.44,7958.28,36827.66,0.0,0.0,18.142,,,China
IMP-2024-0005,PO-202401-005,INV-1003-202401-0001,SUP-1003,SKU-118,09/01/2024,09/04/2024,22/05/2024,01/06/2024,04/06/2024,08/06/2024,Yang Ming Marine Transport,ONE APUS 733E,FOB,20GP,Nansha,Lázaro Cárdenas,2,"27,445.83","$54,891.66",5616.74,167.92,13345.6,14791.3,23.69,8477100100,60676.32,110078.98,8806.32,195148.02,8208.24,42885.43,0.0,0.0,18.142,,,China
IMP-2024-0006,PO-202401-006,INV-1012-202401-0002,SUP-1012,SKU-136,09/01/2024,25/03/2024,04/05/2024,04/05/2024,07/05/2024,10/05/2024,Yang Ming Marine Transport,MSC PALOMA 162E,CIF,20GP,Shanghai,Veracruz,2,"$20,147.83","$40,295.66",0.0,,3354.2,3684.4,11.03,8480710100,40421.29,36666.15,5866.58,124136.92,6244.74,82486.53,0.0,0.0,18.142,0,No issues found on inspection,China
IMP-2024-0007,PO-202401-007,INV-1012-202401-0003,SUP-1012,SKU-138,01/10/2024,03/25/2024,04/28/2024,04/28/2024,05/06/2024,05/09/2024,Yang Ming Marine Transport,HAPAG BERLIN EXPRESS 588E,CIF,40GP,Shanghai,Manzanillo,1,11261.12,11261.12,0.0,,5253.7,5678.7,13.09,8428330100,11307.49,20367.96,1629.44,36108.31,3981.66,23028.29,0.0,0.0,18.0128,,,China
IMP-2024-0008,PO-202401-008,INV-1014-202401-0002,SUP-1014,SKU-122,2024-01-11,2024-04-11,2024-05-17,2024-05-25,2024-06-02,2024-06-03,Hapag-Lloyd,MSC PALOMA 329W,FOB,20GP,Nantong,Manzanillo,4,23636.70,"$94,546.80",8711.62,,5176.8,5654.0,16.73,8414809900,103680.67,282146.21,15047.8,348507.0,8574.48,49159.74,0.0,0.0,18.142,,,China
IMP-2024-0009,PO-202401-009,INV-1012-202401-0004,SUP-1012,SKU-108,45304,45373,45413,45413,45420,45421,Evergreen Marine,MSC ANZU 704E,CIF,20GP,Shanghai,Manzanillo,1,"117,150.72","$117,150.72",0.0,624.44,11219.2,12611.8,11.7,8458110100,117775.16,213667.7,17093.42,378790.09,8889.41,26503.42,0.0,0.0,18.142,,,China
IMP-2024-0010,PO-202401-010,INV-1002-202401-0002,SUP-1002,SKU-131,14/01/2024,18/04/2024,31/05/2024,31/05/2024,22/06/2024,26/06/2024,COSCO Shipping Lines,MSC PALOMA 249E,CIF,40HC,Shekou,"Manzanillo, Colima",1,71184.19,"$71,184.19",0.0,,22577.7,24658.4,25.72,8462910100,71550.34,129806.63,10384.53,230121.19,5170.94,26509.73,0.0,10764.94,18.142,,,China
IMP-2024-0011,PO-202401-011,INV-1014-202401-0003,SUP-1014,SKU-118,14/01/2024,24/04/2024,31/05/2024,31/05/2024,,12/06/2024,Yang Ming Marine Transport,MSC ANZU 806E,EXW,40GP,Nantong,Manzanillo,3,27078.26,81234.78,8106.61,0.0,20018.4,23074.6,37.25,,89341.39,162083.15,12966.65,287341.01,4086.19,43813.47,0.0,0.0,18.142,,,China
IMP-2024-0012,PO-202401-012,INV-1013-202401-0002,SUP-1013,SKU-103,16/01/2024,13/04/2024,28/05/2024,28/05/2024,06/06/2024,07/06/2024,Maersk,MAERSK ESSEX 289E,FOB,40GP,Shanghai,Manzanillo,6,"$176,550.37",1059302.22,6820.05,5447.61,110047.2,124353.5,100.45,8457100100,1071569.88,1944042.08,155523.37,3446397.79,8785.98,71402.76,0.0,0.0,18.142,2,Daño en el panel de control por maniobras,China
IMP-2024-0013,PO-202401-013,INV-1010-202401-0001,SUP-1010,SKU-110,2024-01-17,2024-03-23,2024-05-10,2024-05-10,2024-05-15,2024-05-18,Maersk,MSC ANZU 467E,FOB,20GP,Taizhou,Manzanillo,2,19370.75,38741.50,9204.48,,9379.8,10489.6,23.44,8456110100,48162.04,87375.57,6990.05,154899.42,9199.89,26428.11,0.0,0.0,18.142,0,Sin observaciones durante la inspección,China
IMP-2024-0014,PO-202401-014,INV-1003-202401-0002,SUP-1003,SKU-103,17-01-2024,02-04-2024,10-05-2024,10-05-2024,16-05-2024,18-05-2024,Ocean Network Express,MAERSK COLUMBUS 174W,EXW,40GP,Nansha,Manzanillo,1,163086.50,163086.50,5488.24,0.0,18341.2,20198.6,18.37,8457100100,168574.74,305828.29,24466.26,542172.4,4222.42,23533.39,0.0,0.0,18.142,,Bearing play detected on spindle,China
IMP-2024-0015,PO-202401-015,INV-1011-202401-0001,SUP-1011,SKU-136,01/18/2024,03/26/2024,05/12/2024,05/12/2024,05/20/2024,05/22/2024,Ocean Network Express,COSCO VEGA 567E,FOB,20GP,Shanghai,Manzanillo,1,19919.72,"$19,919.72",8248.56,82.9,1677.1,1835.9,6.11,8480710100,28251.18,25626.65,4100.26,86761.57,5175.56,19850.97,0.0,,18.142,,,China
IMP-2024-0016,PO-202401-016,INV-1014-202401-0004,SUP-1014,SKU-116,2024-01-18,2024-04-23,2024-05-28,2024-05-28,2024-06-06,2024-06-10,MSC,COSCO ARIES 897W,FOB,20GP,Nantong,Manzanillo,1,85027.38,"$85,027.38",8465.98,,6421.4,7223.8,9.9,8477100100,93912.92,170376.82,13630.15,302044.03,4062.03,21912.5,0.0,,18.142,,,China
IMP-2024-0017,PO-202401-017,INV-1007-202401-0001,sup-1007,SKU-141,2024-01-19,2024-03-29,2024-05-10,2024-05-10,2024-05-12,2024-05-16,MSC,COSCO VEGA 315W,FOB,20GP,Ningbo-Zhoushan,Lázaro Cárdenas,1,"26,819.21","$26,819.21",8026.69,110.73,1895.6,2149.8,3.82,8515310100,34956.63,95127.48,5073.47,117501.46,8359.18,27503.07,0.0,0.0,18.142,,,China
IMP-2024-0018,PO-202401-018,INV-1011-202401-0002,SUP-1011,SKU-136,2024-01-21,2024-03-18,2024-05-02,2024-05-07,2024-05-10,2024-05-13,MSC,MAERSK COLUMBUS 471E,FOB,20GP,Shanghai,Manzanillo,1,20189.67,20189.67,,66.37,1677.1,1931.0,5.97,8480710100,26338.94,23892.05,3822.73,80888.93,7079.69,20260.41,0.0,0.0,18.142,0,Sin observaciones durante la inspección,China
IMP-2024-0019,PO-202401-019,INV-1012-202401-0005,SUP-1012,SKU-142,01/21/2024,04/11/2024,05/25/2024,05/25/2024,05/28/2024,06/01/2024,COSCO Shipping Lines,HAPAG BERLIN EXPRESS 758E,FOB,20GP,Shanghai,Veracruz,2,6884.33,13768.66,7107.88,,2373.8,2679.2,6.7,8515310100,20922.57,56936.59,3036.62,70328.08,5637.07,74590.16,0.0,0.0,18.142,,,China
IMP-2024-0020,PO-202401-020,INV-1012-202401-0006,SUP-1012,SKU-103,2024-01-22,2024-04-13,2024-05-28,2024-07-01,2024-07-10,2024-07-12,Ocean Network Express,MAERSK ESSEX 149E,FOB,40GP,Shanghai,Manzanillo,2,168212.58,336425.16,8374.24,1979.26,36682.4,40097.5,37.66,8457100100,346778.66,646579.21,51726.34,1146255.63,5441.95,28495.3,,0.0,18.6453,,,China
IMP-2024-0021,PO-202401-021,INV-1009-202401-0001,SUP-1009,SKU-104,24/01/2024,23/04/2024,12/06/2024,12/06/2024,19/06/2024,21/06/2024,Evergreen Marine,EVER LIBRA 433W,FOB,40HC,Ningbo-Zhoushan,Manzanillo,1,"$145,241.25","$145,241.25",6766.81,809.54,8636.7,9854.3,27.3,8457100100,152817.6,281225.64,22498.05,498556.82,5209.06,19991.12,0.0,0.0,18.4027,,,China
IMP-2024-0022,PO-202401-022,INV-1011-202401-0003,SUP-1011,SKU-127,25/01/2024,03/05/2024,18/06/2024,18/06/2024,20/06/2024,23/06/2024,Yang Ming Marine Transport,MSC PALOMA 729E,DDP,40GP,Shanghai,Manzanillo,2,55371.41,"$110,742.82",9237.22,500.21,7651.0,8609.4,37.63,8422309900,120480.25,221716.19,17737.3,393058.46,7231.21,30982.6,0.0,0.0,18.4027,0,No issues found on inspection,China
IMP-2024-0023,PO-202401-023,INV-1014-202401-0005,SUP-1014,SKU-134,2024-01-25,2024-03-16,2024-04-21,2024-04-21,2024-04-30,2024-05-03,Evergreen Marine,MAERSK COLUMBUS 184E,EXW,20GP,Nantong,Lázaro Cárdenas,2,6783.49,13566.98,7703.29,,2797.0,3057.9,8.34,8480710100,21270.27,19156.86,3065.1,64857.45,8992.89,48444.22,0.0,0.0,18.0128,1,Perforación fuera de tolerancia,China
IMP-2024-0024,PO-202401-024,INV-1003-202401-0003,SUP-1003,SKU-122,25/01/2024,17/05/2024,04/07/2024,04/07/2024,06/07/2024,08/07/2024,Ocean Network Express,COSCO ARIES 246E,FOB,20GP,NANSHA,Manzanillo,2,25114.52,50229.04,,,2588.4,2997.3,8.77,8414809900,56554.91,158172.49,8435.87,195374.66,4382.95,28967.87,0.0,0.0,18.6453,,,China
IMP-2024-0025,PO-202401-025,INV-1003-202401-0004,sup-1003,SKU-102,2024-01-26,2024-04-03,2024-05-15,2024-05-16,2024-05-24,2024-05-27,Evergreen Marine,MAERSK COLUMBUS 579E,EXW,40GP,Nansha,Manzanillo,1,"$100,982.53",100982.53,7792.71,0.0,15063.7,16294.7,20.63,8457100100,108775.24,197340.04,15787.2,349844.42,7362.33,21883.19,,,18.142,,Daño en el panel de control por maniobras,China
IMP-2024-0026,PO-202401-026,INV-1002-202401-0003,SUP-1002,SKU-107,2024-01-26,2024-03-25,2024-05-12,2024-05-20,2024-05-26,2024-05-29,MSC,COSCO ARIES 546W,FOB,40GP,Shekou,Manzanillo,1,46749.57,46749.57,6186.5,232.34,10542.4,12109.5,13.99,8458110100,53168.41,96458.13,7716.65,171000.97,6877.72,23210.25,0.0,0.0,18.142,,,China
IMP-2024-0027,PO-202401-027,INV-1002-202401-0004,SUP-1002,SKU-106,2024-01-27,2024-04-30,2024-06-11,2024-06-11,2024-06-16,2024-06-20,Hapag-Lloyd,YM WELLNESS 886E,FOB,40GP,Shekou,Manzanillo,3,82350.71,247052.13,6212.88,,39981.9,43335.7,49.03,8458110100,254614.65,468559.7,37484.78,830662.64,4793.59,37712.72,0.0,0.0,18.4027,0,No issues found on inspection,China
IMP-2024-0028,PO-202401-028,INV-1009-202401-0002,SUP-1009,SKU-131,01/28/2024,04/26/2024,06/11/2024,06/19/2024,06/25/2024,06/28/2024,COSCO Shipping Lines,MSC ANZU 408W,CIF,40HC,Ningbo-Zhoushan,Veracruz,1,"73,147.92","$73,147.92",0.0,,22577.7,25534.8,26.31,8462910100,73431.62,135134.01,10810.72,239565.57,3533.91,57634.05,0.0,0.0,18.4027,,,China
IMP-2024-0029,PO-202401-029,INV-1011-202401-0004,SUP-1011,SKU-136,2024-01-28,2024-04-12,2024-05-16,2024-05-16,2024-05-20,2024-05-22,Hapag-Lloyd,YM WELLNESS 731E,CIF,20GP,Shanghai,Lázaro Cárdenas,1,20021.96,"$20,021.96",0.0,,1677.1,1914.9,6.09,8480710100,20119.01,18249.95,2919.99,61787.04,6722.0,34218.86,0.0,,18.142,,,China
IMP-2024-0030,PO-202401-030,INV-1011-202401-0005,SUP-1011,SKU-127,28-01-2024,27-04-2024,04-06-2024,04-06-2024,26-06-2024,27-06-2024,Evergreen Marine,COSCO ARIES 214E,DDP,40GP,Shanghai,Manzanillo,6,56336.90,338021.40,7950.73,,22953.0,25475.5,106.55,8422309900,347763.16,"MXN 639,978.11",51198.25,1134553.19,5364.69,54160.04,0.0,0.0,18.4027,,,China
IMP-2024-0031,PO-202401-031,INV-1001-202401-0001,SUP-1001,SKU-121,28/01/2024,30/04/2024,11/06/2024,16/06/2024,24/06/2024,27/06/2024,Yang Ming Marine Transport,ONE APUS 370W,CIF,20GP,Yantian,Manzanillo,2,60088.94,"$120,177.88",0.0,,4731.8,5199.4,16.38,8479500100,120616.06,"MXN 110,983.06",17757.29,375744.24,8932.08,27998.77,,,18.4027,3,Bearing play detected on spindle,China
IMP-2024-0032,PO-202402-001,INV-1012-202402-0001,SUP-1012,SKU-127,01/02/2024,04/05/2024,11/06/2024,11/06/2024,14/06/2024,15/06/2024,Hapag-Lloyd,MSC ANZU 145E,FOB,40GP,Shanghai,Manzanillo,4,56783.39,227133.56,10351.84,,15302.0,17706.1,78.59,8422309900,238190.74,438335.27,35066.82,777080.77,4878.03,40702.46,0.0,,18.4027,0,No issues found on inspection,China
IMP-2024-0033,PO-202402-002,INV-1002-202402-0001,SUP-1002,SKU-124,2024-02-01,2024-05-13,2024-06-13,2024-06-13,2024-06-17,2024-06-20,Maersk,MSC ANZU 268W,FOB,20GP,Shekou,Manzanillo,1,7743.35,7743.35,7207.51,37.42,571.2,640.7,5.35,8414809900,14988.28,41373.72,2206.6,51104.82,4541.2,23819.68,0.0,0.0,18.4027,,,China
IMP-2024-0034,PO-202402-003,INV-1014-202402-0001,SUP-1014,SKU-105,04-02-2024,10-04-2024,25-05-2024,25-05-2024,31-05-2024,03-06-2024,Maersk,MAERSK ESSEX 720W,FOB,40GP,Nantong,Veracruz,1,157559.90,"$157,559.90",7159.99,677.25,14233.9,15490.0,14.25,8480710100,165397.14,300063.49,24005.08,531952.56,5166.77,58547.64,0.0,0.0,18.142,,No issues found on inspection,China
IMP-2024-0035,PO-202402-004,INV-1007-202402-0001,SUP-1007,SKU-132,04-02-2024,06-05-2024,29-06-2024,29-06-2024,02-07-2024,06-07-2024,COSCO Shipping Lines,ONE APUS 258W,FOB,40GP,Ningbo-Zhoushan,Veracruz,2,29634.15,"$59,268.30",10828.8,,28879.2,31426.7,24.97,8462910100,70278.75,129331.88,10346.55,229279.55,5640.62,85726.6,0.0,,18.4027,,,China
IMP-2024-0036,PO-202402-005,INV-1007-202402-0002,SUP-1007,SKU-128,2024-02-05,2024-04-28,2024-06-10,2024-06-10,2024-06-18,2024-06-21,Ocean Network Express,MSC ANZU 710W,-,20GP,Ningbo-Zhoushan,manzanillo,1,53497.24,53497.24,4983.69,261.41,5152.8,5690.2,11.4,8422309900,58742.34,"MXN 108,101.77",8648.14,191642.81,5362.14,22843.89,0.0,0.0,18.4027,,,China
IMP-2024-0037,PO-202402-006,INV-1010-202402-0001,SUP-1010,SKU-123,2024-02-06,2024-05-07,2024-06-17,2024-06-17,2024-06-25,2024-06-26,MSC,MAERSK ESSEX 832W,FOB,20GP,Taizhou,Manzanillo,3,"18,910.29",56730.87,6647.43,218.66,4607.7,5172.9,21.75,8414809900,63596.96,175553.37,9362.85,216843.52,4077.17,39971.75,0.0,0.0,18.4027,,,China
IMP-2024-0038,PO-202402-007,INV-1014-202402-0002,SUP-1014,SKU-118,2024-02-10,2024-05-15,2024-06-30,2024-06-30,2024-07-08,2024-07-12,MSC,COSCO VEGA 119W,CIF,40GP,Nantong,Lázaro Cárdenas,-4,30153.77,-120615.08,0.0,635.22,26691.2,30829.6,50.87,8477100100,121250.3,223133.29,17850.66,395570.7,8295.39,55691.33,0.0,0.0,18.4027,,,China
IMP-2024-0039,PO-202402-008,INV-1002-202402-0002,SUP-1002,SKU-102,2024-02-11,2024-04-23,2024-05-23,2024-06-26,2024-06-29,2024-07-01,Evergreen Marine,MAERSK COLUMBUS 467E,FOB,40GP,Shekou,Manzanillo,1,"93,076.08","$93,076.08",7559.34,,15063.7,17216.1,21.46,8457100100,100925.41,185730.0,14858.4,329262.15,6527.83,22916.02,0.0,0.0,18.4027,,,China
IMP-2024-0040,PO-202402-009,INV-1013-202402-0001,SUP-1013,SKU-120,02/12/2024,05/25/2024,07/11/2024,07/11/2024,07/20/2024,07/22/2024,MSC,MSC ANZU 789E,FOB,20GP,Shanghai,Manzanillo,3,56758.23,170274.69,5914.34,595.63,6548.4,7163.7,9.21,8479500100,176784.66,164810.15,26369.62,557981.25,5742.76,30824.39,0.0,0.0,18.6453,0,Sin observaciones durante la inspección,China
IMP-2024-0041,PO-202402-010,INV-1010-202402-0002,SUP-1010,SKU-110,02/15/2024,05/09/2024,06/17/2024,06/18/2024,06/27/2024,06/28/2024,Evergreen Marine,MAERSK ESSEX 367E,EXW,20GP,Taizhou,Manzanillo,3,"19,954.50","$59,863.50",7192.23,0.0,14069.7,15317.6,33.79,8456110100,67055.73,123400.65,9872.05,218764.67,8818.24,40482.66,0.0,0.0,18.4027,0,No issues found on inspection,China
IMP-2024-0042,PO-202402-011,INV-1014-202402-0003,SUP-1014,SKU-104,02/16/2024,05/08/2024,06/19/2024,07/01/2024,07/06/2024,07/07/2024,MSC,HAPAG BERLIN EXPRESS 647W,FOB,40HC,Nantong,Manzanillo,1,159840.69,"$159,840.69",7246.13,,8636.7,9851.2,28.69,8457100100,167671.57,312628.67,25010.29,554228.11,5652.68,20366.41,17224.85,0.0,18.6453,,,China
IMP-2024-0043,PO-202402-012,INV-1008-202402-0001,SUP-1008,SKU-135,2024-02-15,2024-04-30,2024-06-07,2024-06-15,2024-06-17,2024-06-19,Yang Ming Marine Transport,MSC PALOMA 210E,FOB,40'GP,WENZHOU,Lázaro Cárdenas,2,"$3,948.96",7897.92,5189.5,,3776.6,4329.0,9.46,8480710100,13123.5,12075.39,1932.06,40882.45,8184.7,46403.41,0.0,0.0,18.4027,1,Calibration certificate missing,China
IMP-2024-0044,PO-202402-013,INV-1012-202402-0002,SUP-1012,SKU-113,2024-02-16,2024-05-28,2024-07-07,2024-07-07,2024-07-09,2024-07-10,Maersk,MAERSK ESSEX 853W,EXW,40GP,Shanghai,Manzanillo,2,64556.06,129112.12,6275.97,0.0,6391.4,7324.3,34.75,8456110100,135388.09,"MXN 252,435.16",20194.81,447517.04,9048.5,35764.89,0.0,0.0,18.6453,1,Emergency stop tested and passed,China
IMP-2024-0045,PO-202402-014,INV-1014-202402-0004,SUP-1014,SKU-105,02/16/2024,05/14/2024,06/24/2024,06/24/2024,06/28/2024,06/30/2024,Maersk,MAERSK COLUMBUS 650E,CIF,40GP,Nantong,Veracruz,4,160741.84,"$642,967.36",,3609.33,56935.6,63349.2,54.21,8457100100,646576.69,1189875.69,95190.05,2109411.61,4041.38,106892.49,0.0,0.0,18.4027,,,China
IMP-2024-0046,PO-202402-015,INV-1014-202402-0005,SUP-1014,SKU-122,20/02/2024,24/05/2024,06/07/2024,06/07/2024,11/07/2024,14/07/2024,Yang Ming Marine Transport,MSC ANZU 123E,EXW,20GP,NANTONG,Manzanillo,3,23743.57,71230.71,5780.23,,3882.6,4193.6,12.19,8414809900,77010.94,215383.81,11487.14,266042.08,3894.52,45389.05,0.0,0.0,18.6453,,,China
IMP-2024-0047,PO-202402-016,INV-1013-202402-0002,SUP-1013,SKU-125,2024-02-20,2024-05-10,2024-06-15,2024-07-03,2024-07-05,2024-07-08,Yang Ming Marine Transport,MAERSK COLUMBUS 470E,FOB,20GP,Shanghai,Manzanillo,1,13679.83,"$13,679.83",6205.87,45.84,3330.5,3623.4,6.87,8414809900,19931.54,55744.43,2973.04,68855.52,5552.57,20652.02,0.0,,18.6453,,,China
IMP-2024-0048,PO-202402-017,INV-1010-202402-0003,SUP-1010,SKU-125,21/02/2024,27/04/2024,27/05/2024,27/05/2024,31/05/2024,04/06/2024,MSC,COSCO VEGA 538E,FOB,20GP,Taizhou,Lázaro Cárdenas,1,14641.04,14641.04,6843.18,67.84,3330.5,3715.7,7.22,8414809900,21552.06,58649.62,3127.98,72444.01,7949.11,34981.66,0.0,0.0,18.142,0,No issues found on inspection,China
IMP-2024-0049,PO-202402-018,INV-1008-202402-0002,SUP-1008,SKU-112,21/02/2024,18/05/2024,29/06/2024,29/06/2024,08/07/2024,09/07/2024,COSCO Shipping Lines,MAERSK ESSEX 620W,FOB,20GP,Wenzhou,Manzanillo,3,71591.83,"$214,775.49",9893.79,816.3,6430.8,7402.1,23.51,8456110100,225485.58,414954.35,33196.35,735631.07,4403.64,29930.4,0.0,0.0,18.4027,,,China
IMP-2024-0050,PO-202402-019,INV-1011-202402-0001,SUP-1011,SKU-136,45344,45415,45451,45454,,45462,Yang Ming Marine Transport,COSCO ARIES 605W,FOB,20GP,Shanghai,Manzanillo,2,18509.76,37019.52,8086.58,,3354.2,3706.9,11.88,8480710100,45312.61,41693.72,6670.99,141158.25,9056.97,27987.88,0.0,0.0,18.4027,0,Sin observaciones durante la inspección,China
IMP-2024-0051,PO-202402-020,INV-1014-202402-0006,SUP-1014,SKU-134,24-02-2024,01-05-2024,10-06-2024,10-06-2024,13-06-2024,17-06-2024,COSCO Shipping Lines,EVER LIBRA 781E, FOB,20GP,Nantong,Manzanillo,2,7299.77,"$14,599.54",7417.68,,2797.0,3048.8,8.27,8480710100,22086.18,"MXN 20,322.27",3251.56,68803.07,8310.68,28879.61,0.0,0.0,18.4027,,,China
IMP-2024-0052,PO-202402-021,INV-1008-202402-0003,SUP-1008,SKU-112,02/24/2024,05/21/2024,07/03/2024,07/03/2024,07/12/2024,07/14/2024,Hapag-Lloyd,MSC PALOMA 838E,FOB,20GP,Wenzhou,Manzanillo,4,68356.01,"$273,424.04",6083.25,,8574.4,9806.8,31.63,8456110100,280680.37,523336.97,41866.96,927771.78,7899.14,49561.58,,0.0,18.6453,,,China
IMP-2024-0053,PO-202402-022,INV-1010-202402-0004,SUP-1010,SKU-110,25/02/2024,08/05/2024,18/06/2024,14/07/2024,21/07/2024,24/07/2024,COSCO Shipping Lines,MSC ANZU 646W,FOB,20GP,Taizhou,Manzanillo,3,"18,771.99","$56,315.97",,218.16,14069.7,15402.3,34.11,8456110100,65115.69,121410.16,9712.81,215235.93,8626.58,38619.27,7860.25,0.0,18.6453,,,China
IMP-2024-0054,PO-202402-023,INV-1013-202402-0003,SUP-1013,SKU-117,02/26/2024,05/22/2024,06/27/2024,06/27/2024,07/05/2024,07/06/2024,Yang Ming Marine Transport,ONE APUS 828W,EXW,40GP,Shanghai,Manzanillo,2,"$32,025.97",64051.94,6615.93,,23168.0,25260.1,32.72,8477100100,70667.87,130047.96,10403.84,230549.03,5095.5,34035.93,0.0,0.0,18.4027,,Guard cracked during transit,China
IMP-2024-0055,PO-202402-024,INV-1007-202402-0003,SUP-1007,SKU-109,02/27/2024,04/21/2024,,05/31/2024,06/07/2024,06/09/2024,Yang Ming Marine Transport,COSCO VEGA 323W,FOB,20GP,Ningbo-Zhoushan,Manzanillo,1,85142.31,"$85,142.31",7931.87,,13407.2,14745.2,11.83,8458110100,93330.62,169320.41,13545.63,300171.22,7561.75,18277.78,0.0,0.0,18.142,,,China
IMP-2024-0056,PO-202403-001,INV-1005-202403-0001,SUP-1005,SKU-138,2024-03-01,2024-04-25,2024-06-01,2024-06-01,2024-06-08,2024-06-09,MSC,MAERSK ESSEX 408E,FOB,40GP,Shekou,Manzanillo,2,11842.99,"$23,685.98",8880.99,,10507.4,11957.5,26.02,8428330100,32686.69,60152.34,4812.19,106638.06,8362.01,32924.77,0.0,0.0,18.4027,,,China
IMP-2024-0057,PO-202403-002,INV-1013-202403-0001,SUP-1013,SKU-120,01/03/2024,17/05/2024,17/06/2024,17/06/2024,22/06/2024,24/06/2024,COSCO Shipping Lines,MAERSK COLUMBUS 813W,FOB,20GP,Shanghai,Manzanillo,2,56959.47,"$113,918.94",8172.0,,4365.6,4971.8,6.25,8479500100,122669.84,112872.81,18059.65,382142.2,6563.92,34564.64,0.0,0.0,18.4027,0,Sin observaciones durante la inspección,China
IMP-2024-0058,PO-202403-003,INV-1008-202403-0001,SUP-1008,SKU-138,2024-03-02,2024-05-13,2024-06-13,2024-06-21,2024-07-09,2024-07-13,MSC,EVER LIBRA 655E,FOB,40GP,Wenzhou,Lázaro Cárdenas,1,11420.22,"$11,420.22",6212.37,,5253.7,5846.0,12.37,8428330100,17693.06,32560.01,2604.8,57722.38,5978.44,39974.71,0.0,0.0,18.4027,,No issues found on inspection,China
IMP-2024-0059,PO-202403-004,INV-1001-202403-0001,SUP-1001,SKU-126,02/03/2024,09/06/2024,10/07/2024,13/08/2024,23/08/2024,23/08/2024,Hapag-Lloyd,YM WELLNESS 686W,FOB,40GP,Yantian,Manzanillo,2,29833.63,59667.26,5224.81,191.07,12461.6,14271.5,27.66,8422309900,65083.14,124000.95,9920.08,219828.89,8165.99,27679.18,0.0,,19.0527,,,China
IMP-2024-0060,PO-202403-005,INV-1004-202403-0001,SUP-1004,SKU-131,2024-03-02,2024-05-14,2024-06-22,2024-06-30,2024-07-03,2024-07-05,Ocean Network Express,MAERSK COLUMBUS 831E,FOB,40HC,Yantian,Veracruz,1,76702.86,76702.86,8427.83,,22577.7,25384.9,24.28,8462910100,85397.66,157154.75,12572.38,278603.94,9042.4,53627.31,0.0,0.0,18.4027,,,China
IMP-2024-0061,PO-202403-006,INV-1011-202403-0001,SUP-1099,SKU-101,2024-03-03,2024-04-21,2024-05-25,2024-06-28,2024-07-07,2024-07-11,Ocean Network Express,HAPAG BERLIN EXPRESS 755W,CIF,40HC,Shanghai,Lázaro Cárdenas,3,"$157,769.10","$473,307.30",0.0,1696.05,25627.5,27995.7,91.5,8457100100,475003.35,874134.41,69930.75,1549665.49,6835.53,63518.26,0.0,0.0,18.4027,,,China
IMP-2024-0062,PO-202403-007,INV-1007-202403-0001,SUP-1007,SKU-132,03/03/2024,05/12/2024,06/19/2024,06/19/2024,06/21/2024,06/24/2024,,MAERSK COLUMBUS 836E,FOB,40hc,Ningbo-Zhoushan,Manzanillo,1,"$30,859.38","$30,859.38",,,14439.6,15966.1,13.81,8462910100,39520.8,72728.94,5818.32,128933.87,7499.34,26326.32,0.0,,18.4027,5,Pallet damaged on arrival,China
IMP-2024-0063,PO-202403-008,INV-1009-202403-0001,SUP-1009,SKU-131,03/03/2024,07/05/2024,09/06/2024,09/06/2024,15/06/2024,17/06/2024,MSC,COSCO ARIES 836E,FOB,40HC,Ningbo-Zhoushan,Manzanillo,1,78930.89,78930.89,6754.25,364.65,22577.7,25596.8,25.44,8462910100,86049.79,158354.85,12668.39,280731.47,7975.68,21921.93,0.0,,18.4027,,,China
IMP-2024-0064,PO-202403-009,INV-1001-202403-0002,SUP-1001,SKU-121,2024-03-03,2024-05-16,,2024-06-18,2024-06-27,2024-06-29,Ocean Network Express,HAPAG BERLIN EXPRESS 764W,CIF,20GP,Yantian,Manzanillo,1,65876.04,"$65,876.04",0.0,361.46,2365.9,2712.5,8.13,8479500100,66237.5,60947.44,9751.59,206343.66,3779.63,17769.42,0.0,,18.4027,0,Sin observaciones durante la inspección,China
IMP-2024-0065,PO-202403-010,INV-1007-202403-0002,SUP-1007,SKU-104,2024-03-04,2024-05-09,2024-06-11,2024-06-11,2024-06-20,2024-06-22,Evergreen Marine,COSCO VEGA 193W,DDP,40HC,Ningbo-Zhoushan,Manzanillo,6,148607.06,891642.36,10919.63,5344.77,51820.2,59051.6,167.48,8457100100,907906.76,"MXN 1,670,793.57",133663.49,2961982.85,6840.28,69106.46,0.0,0.0,18.4027,,,China
IMP-2024-0066,PO-202403-011,INV-1005-202403-0002,SUP-1005,SKU-132,04/03/2024,21/05/2024,24/06/2024,06/07/2024,14/07/2024,16/07/2024,Ocean Network Express,MAERSK ESSEX 334E,EXW,40GP,Shekou,Manzanillo,2,29301.96,"$58,603.92",6576.36,0.0,28879.2,31770.3,26.62,8462910100,65180.28,121530.59,9722.45,215449.43,7422.44,30109.49,0.0,0.0,18.6453,,,China
IMP-2024-0067,PO-202403-012,INV-1011-202403-0002,SUP-1011,SKU-124,45357,45439,45474,45474,45479,45483,Evergreen Marine,ONE APUS 525W,FOB,20GP,Shanghai,Veracruz,2,7395.69,"$14,791.38",7137.02,53.11,1142.4,1251.6,10.5,8414809900,21981.51,61477.78,3278.81,75937.35,7360.82,84644.57,0.0,0.0,18.6453,0,Sin observaciones durante la inspección,China
IMP-2024-0068,PO-202403-013,INV-1008-202403-0002,SUP-1008,SKU-112,2024-03-06,2024-05-19,2024-06-29,2024-07-25,2024-07-31,2024-08-02,Evergreen Marine,MSC ANZU 281W,CIF,20GP,Wenzhou,Veracruz,3,73181.03,"$219,543.09",,,6430.8,7108.4,20.93,8456110100,220363.53,410874.41,32869.95,728398.16,8629.26,78012.74,,0.0,18.6453,1,Etiqueta de seguridad desprendida,China
IMP-2024-0069,PO-202403-014,INV-1014-202403-0001,SUP-1014,SKU-119,08-03-2024,21-05-2024,20-06-2024,20-06-2024,22-06-2024,25-06-2024,Ocean Network Express,MAERSK ESSEX 428E,FOB,20GP,NANTONG,Manzanillo,2,"48,559.22","$97,118.44",8019.77,533.83,4976.6,5731.0,7.47,8479500100,105672.04,97232.54,15557.21,329190.5,5711.46,28745.08,0.0,0.0,18.4027,0,No issues found on inspection,China
IMP-2024-0070,PO-202403-015,INV-1013-202403-0002,SUP-1013,SKU-140,45360,45429,45457,45483,45491,45492,MSC,ONE APUS 587W,FOB,20GP,Shanghai,Manzanillo,3,25072.54,"$75,217.62",7548.09,,5333.1,5912.3,9.77,8515310100,83083.53,232367.6,12392.94,287020.46,5618.23,31287.46,0.0,0.0,18.6453,0,No issues found on inspection,China
IMP-2024-0071,PO-202403-016,INV-1012-202403-0001,SUP-1012,SKU-142,10/03/2024,15/05/2024,16/06/2024,15/06/2024,24/06/2024,25/06/2024,Hapag-Lloyd,YM WELLNESS 377W,EXW,20GP,Shanghai,Lázaro Cárdenas,3,"7.581,94",22745.82,8541.73,,3560.7,4016.8,10.03,8515310100,31287.55,86366.31,4606.2,106679.67,3581.17,49749.14,0.0,0.0,18.4027,1,Sello de empaque roto,China
IMP-2024-0072,PO-202403-017,INV-1002-202403-0001,SUP-1002,SKU-102,03/10/2024,04/29/2024,,06/06/2024,06/15/2024,06/18/2024,Hapag-Lloyd,MAERSK ESSEX 835W,FOB,40GP,Shekou,Manzanillo,2,"96.420,25",192840.50,8063.95,1075.52,30127.4,33764.3,40.81,8457100100,201979.97,371697.68,29735.81,658945.65,5482.83,27231.29,0.0,0.0,18.4027,0,Sin observaciones durante la inspección,China
IMP-2024-0073,PO-202403-018,INV-1008-202403-0003,SUP-1008,SKU-126,2024-03-11,2024-06-02,2024-07-06,2024-07-06,2024-07-08,2024-07-11,Maersk,MSC PALOMA 312W,FOB,40GP,Wenzhou,Lázaro Cárdenas,1,30800.90,30800.90,6642.92,,6230.8,6962.5,13.52,8422309900,37566.77,70044.37,5603.55,124174.66,4597.01,32699.07,0.0,0.0,18.6453,,,China
IMP-2024-0074,PO-202403-019,INV-1006-202403-0001,SUP-1006,SKU-101,03/12/2024,04/26/2024,06/05/2024,06/17/2024,06/26/2024,06/30/2024,Ocean Network Express,MSC PALOMA 891E,FOB,40HC,Ningbo-Zhoushan,"VERACRUZ, VER",3,151238.03,453714.09,7688.14,1995.03,25627.5,29596.2,87.74,8457100100,463397.26,852776.08,68222.09,1511801.43,4560.06,84761.8,0.0,,18.4027,,,China
IMP-2024-0075,PO-202403-020,INV-1006-202403-0002,SUP-1006,SKU-101,2024-03-13,2024-04-26,2024-05-22,2024-05-22,2024-05-27,2024-05-31,Yang Ming Marine Transport,MAERSK ESSEX 105E,EXW,40HC,Ningbo-Zhoushan,Lázaro Cárdenas,3,159479.14,478437.42,6634.94,,25627.5,29218.8,91.62,8457100100,485072.36,880018.28,70401.46,1560096.4,3921.64,51486.0,0.0,0.0,18.142,,,China
IMP-2024-0076,PO-202403-021,INV-1013-202403-0003,SUP-1013,SKU-117,45365,45433,45462,45462,45471,45474,MSC,MSC PALOMA 791E,FOB,40GP,Shanghai,Manzanillo,6,"34,976.44",209858.64,7582.95,,69504.0,79055.7,104.66,8477100100,218204.9,"MXN 401,555.93",32124.47,711878.36,9101.45,55018.84,0.0,0.0,18.4027,,,China
IMP-2024-0077,PO-202403-022,INV-1014-202403-0002,SUP-1014,SKU-118,2024-03-15,2024-06-11,2024-07-14,2024-07-14,2024-07-27,2024-07-30,Yang Ming Marine Transport,YM WELLNESS 636W,CIF,40GP,Nantong,Veracruz,1,"$28,285.55","$28,285.55",0.0,100.97,6672.8,7694.3,13.1,8477100100,28386.52,52927.52,4234.2,93829.9,7594.23,65624.93,0.0,,18.6453,,,China
IMP-2024-0078,PO-202403-023,INV-1002-202403-0002,SUP-1002,SKU-124,2024-03-16,2024-06-02,2024-07-10,2024-07-10,2024-07-18,2024-07-19,Hapag-Lloyd,YM WELLNESS 423W,FOB,20GP,Shekou,Manzanillo,1,7520.15,7520.15,5089.95,28.12,571.2,635.8,5.31,8414809900,12638.22,35346.51,1885.15,43660.01,8393.74,24954.57,0.0,,18.6453,,,China
IMP-2024-0079,PO-202403-024,INV-1001-202403-0003,SUP-1001,SKU-114,2024-03-17,2024-06-15,2024-07-21,2024-07-21,2024-07-27,,Ocean Network Express,MSC PALOMA 470W,EXW,40HC,Yantian,Manzanillo,4,"67,522.53",270090.12,7103.63,0.0,52424.8,59190.8,107.96,8477100100,277193.75,516836.06,41346.89,916246.97,9176.35,51191.71,0.0,,18.6453,,,China
IMP-2024-0080,PO-202403-025,INV-1003-202403-0001,SUP-1003,SKU-102,2024-03-17,2024-05-10,2024-06-09,2024-06-09,2024-06-14,2024-06-18,Evergreen Marine,MSC PALOMA 821W,FOB,40GP,Nansha,Manzanillo,2,"$99,861.51",199723.02,5491.05,,30127.4,32634.5,42.39,8457100100,205838.44,378798.31,30303.86,671533.64,4420.25,30498.4,0.0,0.0,18.4027,,,China
IMP-2024-0081,PO-202403-026,INV-1002-202403-0003,SUP-1002,SKU-124,03/17/2024,06/06/2024,07/03/2024,07/03/2024,07/08/2024,07/10/2024,COSCO Shipping Lines,HAPAG BERLIN EXPRESS 304W,FOB,20GP,Shekou,Manzanillo,1,7529.24,"$7,529.24",6656.65,25.35,571.2,654.5,5.36,8414809900,14211.24,39745.92,2119.78,49094.17,7896.97,22490.31,0.0,0.0,18.6453,,,China
IMP-2024-0082,PO-202403-027,INV-1007-202403-0003,SUP-1007,SKU-128,2024-03-17,2024-05-25,2024-06-29,2024-06-29,2024-07-03,2024-07-05,Hapag-Lloyd,YM WELLNESS 166E,FOB,20GP,Ningbo-Zhoushan,Manzanillo,3,51501.94,"$154,505.82",8082.01,,15458.4,17490.4,34.37,8422309900,163069.57,300092.04,24007.36,532003.16,4915.63,33983.52,0.0,0.0,18.4027,,,China
IMP-2024-0083,PO-202403-028,INV-1003-202403-0002,SUP-1003,SKU-133,2024-03-17,2024-06-03,2024-07-03,2024-07-08,2024-07-10,2024-07-12,Yang Ming Marine Transport,EVER LIBRA 806W,FOB,40HC,Nansha,Lázaro Cárdenas,3,99735.43,"$299,206.29",9100.64,1427.56,60816.9,66252.9,84.29,8462910100,309734.49,577509.25,46200.74,1023808.4,5897.16,69539.49,0.0,0.0,18.6453,,,China
IMP-2024-0084,PO-202403-029,INV-1014-202403-0003,SUP-1014,SKU-134,2024-03-19,2024-05-12,2024-06-13,2024-06-13,2024-06-22,2024-06-23,MSC,MAERSK ESSEX 383W,FOB,20GP,Nantong,Lázaro Cárdenas,1,"7,505.82","$7,505.82",8478.58,42.58,1398.5,1602.2,4.33,8480710100,16026.98,14746.99,2359.52,49927.39,6591.99,28913.42,0.0,0.0,18.4027,0,No issues found on inspection,China
IMP-2024-0085,PO-202403-030,INV-1014-202403-0004,SUP-1014,SKU-116,2024-03-19,2024-06-07,2024-07-17,2024-07-17,2024-07-25,2024-07-29,Maersk,COSCO ARIES 698E,EXW,20GP,Nantong,Veracruz,3,78890.65,236671.95,8143.05,0.0,19264.2,21462.3,31.19,8477100100,244815.0,456464.91,36517.19,809221.0,4076.74,99890.8,0.0,0.0,18.6453,,,China
IMP-2024-0086,PO-202403-031,INV-1006-202403-0003,SUP-1006,SKU-107,19-03-2024,26-04-2024,03-06-2024,03-06-2024,08-06-2024,11-06-2024,Maersk,EVER LIBRA 344W,FOB,40GP,Ningbo-Zhoushan,Manzanillo,2,"$43,145.27","$86,290.54",8890.35,327.68,21084.8,23793.4,25.68,8458110100,95508.57,175761.56,14060.92,311590.09,5205.36,35239.59,0.0,0.0,18.4027,,,China
IMP-2024-0087,PO-202403-032,INV-1014-202403-0005,SUP-1014,SKU-134,03/20/2024,05/16/2024,06/20/2024,06/20/2024,06/23/2024,06/26/2024,Evergreen Marine,COSCO ARIES 551E,CIF,20GP,Nantong,Manzanillo,1,"7,462.42","$7,462.42",0.0,31.2,1398.5,1622.1,4.55,8480 71 01 00,7493.62,6895.14,1103.22,23344.19,7104.85,23001.38,0.0,0.0,18.4027,,Paint chipping on enclosure,China
IMP-2024-0088,PO-202403-033,INV-1014-202403-0006,SUP-1014,SKU-104,21/03/2024,04/06/2024,12/07/2024,12/07/2024,14/07/2024,15/07/2024,Evergreen Marine,MAERSK COLUMBUS 803W,FOB,40HC,Nantong,Veracruz,1,"$154,193.76","$154,193.76",,,8636.7,9365.9,28.48,8457100100,161375.59,300889.63,24071.17,533417.13,7193.26,46140.15,0.0,0.0,18.6453,0,No issues found on inspection,China
IMP-2024-0089,PO-202403-034,INV-1013-202403-0004,SUP-1013,SKU-104,03/21/2024,05/23/2024,06/20/2024,06/20/2024,06/25/2024,06/27/2024,MSC,MAERSK COLUMBUS 543E,FOB,40HC,Shanghai,Manzanillo,6,"157,604.94",945629.64,8158.42,3250.19,51820.2,56498.3,182.66,8457100100,957038.25,1761208.78,140896.7,3122270.93,5763.37,73124.34,0.0,0.0,18.4027,,,China
IMP-2024-0090,PO-202403-035,INV-1013-202403-0005,SUP-1013,SKU-117,22/03/2024,27/05/2024,,02/07/2024,09/07/2024,12/07/2024,Yang Ming Marine Transport,COSCO VEGA 344E,CIF,40GP,Shanghai (Waigaoqiao),Manzanillo,4,33406.73,"$133,626.92",0.0,,46336.0,51375.8,63.29,8477.10.01.00,134388.54,250571.46,20045.72,444213.09,6720.0,38863.58,,,18.6453,5,Bearing play detected on spindle,China
IMP-2024-0091,PO-202403-036,INV-1013-202403-0006,SUP-1013,SKU-140,22/03/2024,30/05/2024,03/07/2024,03/07/2024,11/07/2024,13/07/2024,Hapag-Lloyd,COSCO ARIES 331E,FOB,20GP,Shanghai,Manzanillo,1,27966.46,27966.46,7780.89,,1777.7,2056.3,3.42,8515310100,35869.49,"MXN 100,319.61",5350.38,123914.78,7249.86,19920.2,0.0,,18.6453,0,Sin observaciones durante la inspección,China
IMP-2024-0092,PO-202403-037,INV-1014-202403-0007,SUP-1014,SKU-104,2024-03-22,2024-06-02,2024-07-02,2024-07-02,2024-07-08,2024-07-10,MSC,MSC PALOMA 199E,FOB,40HC,Nantong,Manzanillo,3,159336.36,"$478,009.08",7909.61,2800.83,25910.1,29851.8,90.94,8457100100,488719.52,911232.21,72898.58,1615432.46,4309.76,34719.26,0.0,,18.6453,,,China
IMP-2024-0093,PO-202403-038,INV-1007-202403-0004,SUP-1007,SKU-141,2024-03-23,2024-05-11,2024-06-08,2024-06-11,2024-06-16,2024-06-18,Ocean Network Express,MAERSK ESSEX 569E,EXW,20GP,Ningbo-Zhoushan,Manzanillo,2,26811.42,53622.84,7940.14,0.0,3791.2,4240.9,8.11,8515310100,61562.98,169938.76,9063.4,209908.35,7396.38,25020.06,0.0,0.0,18.4027,,,China
IMP-2024-0094,PO-202403-039,INV-1013-202403-0007,SUP-1013,SKU-116,2024-03-23,2024-06-04,2024-07-03,2024-07-03,2024-07-05,2024-07-09,Maersk,COSCO ARIES 558E,CIF,20GP,Shanghai,Manzanillo,2,85524.39,"$171,048.78",0.0,563.52,12842.8,13871.9,21.38,8477100100,171612.3,319976.28,25598.1,567253.95,5884.45,33868.87,0.0,0.0,18.6453,,,China
IMP-2024-0095,PO-202403-040,INV-1007-202403-0005,SUP-1007,SKU-141,2024-03-23,2024-05-03,2024-06-01,2024-06-01,2024-06-06,2024-06-08,MSC,MSC PALOMA 214E,FOB,20GP,Ningbo-Zhoushan,Manzanillo,1,"$27,167.02","$27,167.02",7332.32,144.34,1895.6,2079.2,3.95,8515310100,34643.68,95630.59,5100.3,118122.9,4276.54,22659.48,0.0,0.0,18.4027,,,China
IMP-2024-0096,PO-202403-041,INV-1001-202403-0004,SUP-1001,SKU-121,2024-03-24,2024-06-16,2024-07-24,2024-07-24,2024-08-01,2024-08-02,MSC,MSC PALOMA 338E,FOB,20GP,Yantian,Manzanillo,2,61589.43,123178.86,6194.9,464.4,4731.8,5202.1,17.48,8479500100,129838.16,121043.57,19366.97,409805.12,5575.31,35262.25,,0.0,18.6453,,,China
IMP-2024-0097,PO-202403-042,INV-1014-202403-0008,SUP-1014,SKU-118,2024-03-25,2024-06-05,2024-07-14,2024-07-26,2024-08-10,2024-08-14,Ocean Network Express,MAERSK ESSEX 255W,FOB,40GP,Nantong,Manzanillo,6,28440.94,"$170,645.64",9007.7,,40036.8,45026.9,79.47,8477100100,180495.96,336540.13,26923.21,596618.35,5920.96,58631.56,17443.5,0.0,18.6453,,,China
IMP-2024-0098,PO-202403-043,INV-1008-202403-0004,SUP-1008,SKU-126,03/25/2024,06/23/2024,07/20/2024,07/20/2024,07/27/2024,07/28/2024,Maersk,COSCO ARIES 402W,FOB,40GP,"Wenzhou, CN",Manzanillo,2,"31,831.15",63662.30,6428.67,,12461.6,14236.8,26.9,8422309900,70404.05,"MXN 131,270.46",10501.64,232716.28,7985.36,32759.79,0.0,0.0,18.6453,,,China
IMP-2024-0099,PO-202403-044,INV-1002-202403-0004,SUP-1002,SKU-124,26-03-2024,22-06-2024,21-07-2024,21-07-2024,01-08-2024,04-08-2024,Maersk,ONE APUS 775E,DDP,20GP,Shekou,"Manzanillo, Colima",1,8119.16,8119.16,4823.89,,571.2,639.1,5.12,8414809900,12990.41,36331.51,1937.68,44876.69,5723.03,20387.48,0.0,,18.6453,,Daño en el panel de control por maniobras,China
IMP-2024-0100,PO-202403-045,INV-1001-202403-0005,SUP-1001,SKU-121,03/28/2024,06/12/2024,07/13/2024,07/13/2024,07/17/2024,07/18/2024,Maersk,HAPAG BERLIN EXPRESS 164E,FOB,20GP,Yantian,Manzanillo,6,59566.47,"$357,398.82",8177.51,2019.47,14195.4,15649.1,47.28,8479500100,367595.8,342696.7,54831.47,1160233.94,5778.64,71682.53,,0.0,18.6453,,,China
IMP-2024-0101,PO-202403-046,INV-1013-202403-0008,SUP-1013,SKU-137,28-03-2024,11-05-2024,10-06-2024,10-06-2024,15-06-2024,19-06-2024,COSCO Shipping Lines,MSC ANZU 739W,FOB,40GP,Shanghai,Manzanillo,4,34589.21,"$138,356.84",9333.15,716.43,21821.2,25139.4,70.97,8428330100,148406.42,273107.88,21848.63,484165.65,9027.96,37212.08,0.0,,18.4027,,,China
IMP-2024-0102,PO-202403-047,INV-1013-202403-0009,SUP-1013,SKU-137,27/03/2024,12/05/2024,24/06/2024,06/07/2024,10/07/2024,14/07/2024,Ocean Network Express,MSC PALOMA 638W,FOB,40GP,SHANGHAI,Veracruz,3,35246.29,"$105,738.87",10456.82,,16365.9,17700.4,54.74,8428330100,116591.72,217388.76,17391.1,385386.79,8086.19,98836.09,6720.38,,18.6453,0,No issues found on inspection,China
IMP-2024-0103,PO-202404-001,INV-1002-202404-0001,SUP-1002,SKU-133,45383,45444,45469,45469,45471,45472,MSC,HAPAG BERLIN EXPRESS 180W,FOB,40HC,Shekou,Lázaro Cárdenas,2,92200.40,184400.80,7750.19,,40544.6,44831.9,60.11,8462910100,193242.31,355618.03,28449.44,630439.64,9019.42,48109.46,0.0,,18.4027,1,Tornillería incompleta,China
IMP-2024-0104,PO-202404-002,INV-1014-202404-0001,SUP-1014,SKU-105,2024-04-01,2024-06-08,2024-07-19,2024-07-19,2024-07-25,2024-07-26,Maersk,EVER LIBRA 168E,DDP,40GP,Nantong,Veracruz,6,"156.814,80","$940,888.80",11609.79,,85403.4,93681.8,90.97,8457100100,955844.79,1782201.29,142576.1,3159486.44,7150.13,164996.42,0.0,0.0,18.6453,0,Sin observaciones durante la inspección,China
IMP-2024-0105,PO-202404-003,INV-1001-202404-0001,SUP-1001,SKU-128,2024-04-02,2024-06-11,2024-07-16,2024-07-16,2024-07-21,2024-07-23,Yang Ming Marine Transport,MSC ANZU 799E,FOB,20GP,"Yantian, China",Manzanillo,4,50137.17,"$200,548.68",,1027.95,20611.2,23854.4,45.35,8422309900,209696.89,390986.14,31278.89,693140.23,7119.85,52975.67,,,18.6453,0,No issues found on inspection,China
IMP-2024-0106,PO-202404-004,INV-1001-202404-0002,SUP-1001,SKU-133,04/02/2024,06/18/2024,07/23/2024,07/25/2024,08/01/2024,08/02/2024,Evergreen Marine,HAPAG BERLIN EXPRESS 253W,FOB,40HC,Yantian,Manzanillo,3,96915.53,"$290,746.59",8389.45,,60816.9,70241.5,87.22,8462910100,300162.29,559661.59,44772.93,992168.07,8290.95,44498.86,0.0,0.0,18.6453,,,China
IMP-2024-0107,PO-202404-005,INV-1011-202404-0001,SUP-1011,SKU-127,2024-04-02,2024-06-27,2024-07-31,2024-08-01,2024-08-09,2024-08-11,Maersk,YM WELLNESS 651E,FOB,40GP,Shanghai,Manzanillo,1,56931.13,56931.13,6647.26,,3825.5,4279.1,19.14,8422309900,63876.91,121702.76,9736.22,215754.65,6049.32,21771.43,0.0,,19.0527,,,China
IMP-2024-0108,PO-202404-006,INV-1004-202404-0001,SUP-1004,SKU-142,03-04-2024,27-05-2024,04-07-2024,04-07-2024,06-07-2024,10-07-2024,Evergreen Marine,YM WELLNESS 743E,FOB,20GP,Yantian,Manzanillo,1,"7,681.39","$7,681.39",,45.64,1186.9,1371.0 kg,3.49,8515310100,14250.4,39855.45,2125.62,49229.45,6882.24,25355.53,0.0,0.0,18.6453,,,China
IMP-2024-0109,PO-202404-007,INV-1007-202404-0001,SUP-1007,SKU-135,45386,45435,45468,45468,45480,45484,MSC,COSCO ARIES 147W,FOB,20GP,Ningbo-Zhoushan,Veracruz,6,4087.52,"$24,525.12",8726.98,93.01,11329.8,12671.8,26.48,8480710100,33345.11,30682.0,4909.12,103876.99,4143.33,131129.94,0.0,9871.5,18.4027,2,Paint chipping on enclosure,China
IMP-2024-0110,PO-202404-008,INV-1012-202404-0001,SUP-1012,SKU-138,04/05/2024,06/12/2024,07/27/2024,07/27/2024,08/05/2024,08/08/2024,COSCO Shipping Lines,HAPAG BERLIN EXPRESS 252E,FOB,40GP,Shanghai,Veracruz,2,12023.22,"$24,046.44",,112.59,10507.4,11514.1,26.76,8428330100,34768.52,64826.95,5186.16,114925.21,6765.37,66421.78,0.0,0.0,18.6453,0,No issues found on inspection,China
IMP-2024-0111,PO-202404-009,INV-1013-202404-0001,SUP-1013,SKU-109,05-04-2024,20-05-2024,21-06-2024,21-06-2024,27-06-2024,29-06-2024,Evergreen Marine,MSC PALOMA 412W,EXW,40GP,Shanghai,Manzanillo,1,"$83,195.21",83195.21,5512.01,,13407.2,14963.3,12.73,8414809900,88707.22,163245.24,13059.62,289401.15,6264.69,17688.0,0.0,,18.4027,0,Sin observaciones durante la inspección,China
IMP-2024-0112,PO-202404-010,INV-1011-202404-0002,SUP-1011,SKU-115,04/07/2024,06/11/2024,07/17/2024,07/17/2024,07/24/2024,07/28/2024,Hapag-Lloyd,ONE APUS 486E,CIF,40GP,Shanghai,Manzanillo,2,42195.28,"$84,390.56",0.0,367.21,9126.0,10266.2,36.61,8477100100,84757.77,158033.4,12642.67,280161.62,8545.28,33701.91,,0.0,18.6453,0,Sin observaciones durante la inspección,China
IMP-2024-0113,PO-202404-011,INV-1003-202404-0001,SUP-1003,SKU-136,08/04/2024,06/06/2024,05/07/2024,05/07/2024,14/07/2024,17/07/2024,COSCO Shipping Lines,MSC PALOMA 547E,CIF,20GP,Nansha,Manzanillo,4,19351.41,"$77,405.64",0.0,,6708.4,7381.3,22.45,8480710100,77860.79,72586.89,11613.9,245750.17,7566.89,44441.96,0.0,0.0,18.6453,,,China
IMP-2024-0114,PO-202404-012,INV-1005-202404-0001,SUP-1005,SKU-139,09/04/2024,19/05/2024,20/06/2024,21/06/2024,29/06/2024,01/07/2024,Ocean Network Express,MAERSK COLUMBUS 633W,FOB,20GP,Shekou,Lázaro Cárdenas,3,"21.799,61",65398.83,10046.21,249.24,3101.4,3453.7,29.14,8428330100,75694.28,139297.91,11143.83,246947.34,8374.02,48753.68,,0.0,18.4027,0,Sin observaciones durante la inspección,China
IMP-2024-0115,PO-202404-013,INV-1014-202404-0002,SUP-1014,SKU-134,04/09/2024,05/30/2024,07/03/2024,07/29/2024,08/03/2024,08/05/2024,Hapag-Lloyd,HAPAG BERLIN EXPRESS 106W,FOB,20GP,Nantong,Manzanillo,2,6851.14,"$13,702.28",5184.98,,2797.0,3026.4,9.15,8480710100,18949.44,17665.9,2826.54,59809.67,8104.55,34832.57,42868.53,,18.6453,,,China
IMP-2024-0116,PO-202404-014,INV-1001-202404-0003,SUP-1001,SKU-121,11/04/2024,03/07/2024,06/08/2024,06/08/2024,09/08/2024,13/08/2024,MSC,MAERSK COLUMBUS 669W,CIF,20GP,Yantian,Manzanillo,1,"$62,561.95","$62,561.95",0.0,,2365.9,2612.8,8.69,8479500100,62866.4,59888.73,9582.2,202759.29,8507.14,19359.11,0.0,0.0,1.0,,,China
IMP-2024-0117,PO-202404-015,INV-1006-202404-0001,SUP-1006,SKU-117,11/04/2024,01/07/2024,06/08/2024,07/08/2024,09/08/2024,13/08/2024,MSC,ONE APUS 841E,EXW,20GP,Ningbo-Zhoushan,Manzanillo,1,51365.00,51365.00,,,2488.3,2835.7,3.61,,56979.24,"MXN 54,280.42",8684.87,183771.78,7815.59,23899.49,,0.0,19.0527,0,No issues found on inspection,China
IMP-2024-0118,PO-202404-016,INV-1014-202404-0003,SUP-1014,SKU-117,11/04/2024,28/06/2024,01/08/2024,09/08/2024,16/08/2024,19/08/2024,Yang Ming Marine Transport,MAERSK ESSEX 346W,FOB,40GP,Nantong,Manzanillo,2,30079.38,60158.76,6768.47,,13345.6,15174.6,24.21,8477100100,67253.85,128136.74,10250.94,227160.82,8386.19,23284.29,16173.56,0.0,19.0527,,,China
IMP-2024-0119,PO-202404-017,INV-1010-202404-0001,SUP-1010,SKU-110,45393,45459,45489,45489,45496,45500,Hapag-Lloyd,ONE APUS 647E,FOB,20GP,Taizhou,Manzanillo,3,"$18,374.46",55123.38,8093.12,,14069.7,16211.8,34.96,8456110100,63392.65,118197.5,9455.8,209540.52,6297.14,33016.42,0.0,,18.6453,,,China
IMP-2024-0120,PO-202404-018,INV-1002-202404-0002,SUP-1002,SKU-125,2024-04-13,2024-06-12,2024-07-20,2024-07-20,2024-07-25,,Hapag-Lloyd,COSCO ARIES 796W,FOB,20GP,Shekou,Manzanillo,2,14918.25,"$29,836.50",7464.51,156.56,6661.0,7639.6,14.64,8414809900,37457.57,104761.14,5587.26,129400.97,6689.25,24341.66,,0.0,18.6453,,,China
IMP-2024-0121,PO-202404-019,INV-1003-202404-0002,SUP-1003,SKU-123,13/04/2024,12/07/2024,12/08/2024,12/08/2024,,17/08/2024,COSCO Shipping Lines,ONE APUS 794W,EXW,20GP,Nansha,Lázaro Cárdenas,2,17413.81,"$34,827.62",7419.01,,3071.8,3553.1,14.49,8414809900,42246.63,120736.86,6439.3,149134.16,9043.67,37454.12,0.0,,19.0527,3,Paint chipping on enclosure,China
IMP-2024-0122,PO-202404-020,INV-1013-202404-0002,SUP-1013,SKU-120,14/04/2024,06/07/2024,08/08/2024,08/08/2024,11/08/2024,12/08/2024,Maersk,COSCO ARIES 755W,FOB,20GP,Shanghai,Manzanillo,1,61508.61,61508.61,5231.78,255.13,2182.8,2418.7,3.0,8479500100,66995.52,63822.28,10211.56,216076.7,5254.64,24627.55,0.0,0.0,19.0527,,,China
IMP-2024-0123,PO-202404-021,INV-1001-202404-0004,SUP-1001,SKU-114,2024-04-16,2024-07-21,2024-08-15,2024-08-15,2024-08-23,2024-08-26,Hapag-Lloyd,YM WELLNESS 152W,FOB,40HC,Yantian,Manzanillo,1,67332.40,67332.40,8206.4,202.26,13106.2,14259.6,26.95,8477100100,75741.06,144307.17,11544.57,255827.75,5831.07,20440.18,0.0,0.0,19.0527,,Perforación fuera de tolerancia,China
IMP-2024-0124,PO-202404-022,INV-1005-202404-0002,SUP-1005,SKU-138,2024-04-16,2024-06-25,2024-07-22,2024-07-22,2024-07-31,2024-08-03,Evergreen Marine,COSCO ARIES 501E,FOB,40GP,Shekou,Lázaro Cárdenas,1,11797.99,11797.99,7288.6,,5253.7,5756.5,12.07,8428330100,19149.67,35705.13,2856.41,63298.06,7984.77,30075.02,0.0,0.0,18.6453,5,Tornillería incompleta,China
IMP-2024-0125,PO-202404-023,INV-1013-202404-0003,SUP-1013,SKU-140,2024-04-17,2024-06-26,2024-07-29,2024-07-31,2024-08-05,2024-08-06,Hapag-Lloyd,COSCO VEGA 443W,FOB,20GP,Shanghai,Manzanillo,1,"25,270.01",25270.01,,151.58,1777.7,2024.6,3.24,8515310100,30420.68,85080.41,4537.62,105091.32,5545.0,22651.79,0.0,0.0,18.6453,0,No issues found on inspection,China
IMP-2024-0126,PO-202404-024,INV-1012-202404-0002,SUP-1012,SKU-128,04/17/2024,07/01/2024,08/09/2024,08/09/2024,08/13/2024,08/14/2024,Yang Ming Marine Transport,COSCO VEGA 457E,FOB,20GP,Shanghai,Veracruz,4,51217.14,"$204,868.56",11874.34,,20611.2,23103.0,42.69,8422309900,217625.14,414634.65,33170.77,735064.31,3700.17,90429.11,0.0,0.0,19.0527,0,No issues found on inspection,China
IMP-2024-0127,PO-202404-025,INV-1008-202404-0001,SUP-1008,SKU-132,45399,45479,45510,45510,45517,,Evergreen Marine,COSCO ARIES 757W,DDP,40GP,Wenzhou,Manzanillo,4,31137.67,124550.68,7810.4,542.79,57758.4,65917.5,49.86,8462910100,132903.87,253217.76,20257.42,448904.44,5695.65,39704.56,0.0,0.0,19.0527,1,No issues found on inspection,China
IMP-2024-0128,PO-202404-026,INV-1013-202404-0004,SUP-1013,SKU-109,04/17/2024,05/30/2024,07/06/2024,07/06/2024,07/12/2024,07/14/2024,Hapag-Lloyd,MAERSK ESSEX 657E,EXW,40GP,Shanghai,Veracruz,2,"81,760.83",163521.66,,,26814.4,30313.3,25.61,8456110100,173702.89,323874.25,25909.94,574164.27,4167.68,61474.75,0.0,0.0,18.6453,,,China
IMP-2024-0129,PO-202404-027,INV-1005-202404-0003,SUP-1005,SKU-125,2024-04-18,2024-06-14,,2024-07-25,2024-07-29,2024-08-02,MSC,MAERSK COLUMBUS 294E,FOB,20GP,Shekou,Manzanillo,3,14382.34,43147.02,5666.18,175.96,9991.5,11391.1,19.98,8414809900,48989.16,137012.64,7307.34,169238.01,7062.49,37470.47,14716.16,,18.6453,,,China
IMP-2024-0130,PO-202404-028,INV-1006-202404-0002,SUP-1006,SKU-101,2024-04-18,2024-06-08,2024-07-16,2024-07-18,,2024-08-01,yang ming marine transport,MSC PALOMA 214E,EXW,40HC,Ningbo-Zhoushan,Manzanillo,2,154744.00,"$309,488.00",,0.0,17085.0,18678.2,57.42,8457100100,315936.07,589072.28,47125.78,1044307.34,8973.6,35577.78,0.0,0.0,18.6453,,,China
IMP-2024-0131,PO-202404-029,INV-1006-202404-0003,SUP-1006,SKU-119,18/04/2024,01/07/2024,07/08/2024,07/08/2024,16/08/2024,20/08/2024,MSC,MSC PALOMA 834W,EXW,20GP,Ningbo-Zhoushan,Veracruz,6,47914.85,287489.10,8281.15,,14929.8,16323.1,21.93,8479500100,295770.25,"MXN 281,761.09",45081.77,953930.35,7179.52,129248.64,0.0,0.0,19.0527,,Paint chipping on enclosure,China
IMP-2024-0132,PO-202404-030,INV-1001-202404-0005,SUP-1001,SKU-121,2024-04-18,2024-07-06,2024-08-08,2024-08-08,2024-08-12,2024-08-14,Evergreen Marine,COSCO ARIES 158W,FOB,20GP,Yantian,Manzanillo,3,66866.91,"$200,600.73",8843.64,1068.57,7097.7,8121.7,24.62,8479500100,210512.94,200541.99,32086.72,678954.98,3617.2,33413.59,0.0,0.0,19.0527,0,No issues found on inspection,China
IMP-2024-0133,PO-202404-031,INV-1003-202404-0003,SUP-1003,SKU-133,2024-04-19,2024-07-06,2024-08-09,2024-08-09,2024-08-12,2024-08-13,Evergreen Marine,COSCO ARIES 194W,FOB,40HC,Nansha,Lázaro Cárdenas,2,"$98,786.77",197573.54,6143.11,,40544.6,45979.9,56.2,8462910100,204556.2,389734.79,31178.78,690921.84,6098.76,46206.63,0.0,0.0,19.0527,,,China
IMP-2024-0134,PO-202404-032,INV-1013-202404-0005,SUP-1013,SKU-140,04/20/2024,06/27/2024,07/30/2024,07/30/2024,08/05/2024,,MSC,HAPAG BERLIN EXPRESS 618W,FOB,20GP,Shanghai,Lázaro Cárdenas,2,26423.04,"$52,846.08",8849.56,305.16,3555.4,3969.3,6.72,8515310100,62000.8,173403.53,9248.19,214188.04,5358.85,42696.98,0.0,0.0,18.6453,0,Sin observaciones durante la inspección,China
IMP-2024-0135,PO-202404-033,INV-1014-202404-0004,SUP-1014,SKU-118,2024-04-20,2024-07-01,,2024-09-02,2024-09-09,,Ocean Network Express,YM WELLNESS 405E,FOB ,40GP,Nantong,Manzanillo,6,"29,470.79",176824.74,6631.08,727.1,40036.8,46405.3,76.5,8477100100,184182.92,356893.09,28551.45,632700.06,6877.98,68642.81,,,19.3771,0,No issues found on inspection,China
IMP-2024-0136,PO-202404-034,INV-1009-202404-0001,SUP-1009,SKU-108,04/21/2024,06/04/2024,07/07/2024,07/07/2024,07/12/2024,07/15/2024,MSC,MAERSK COLUMBUS 114E,FOB,20GP,Ningbo-Zhoushan,Manzanillo,1,111463.43,111463.43,,502.96,11219.2,12449.7,11.09,8458110100,119283.58,"MXN 222,407.81",17792.63,394284.57,8374.46,23528.36,0.0,,18.6453,,,China
IMP-2024-0137,PO-202404-035,INV-1013-202404-0006,SUP-1013,SKU-116,2024-04-21,2024-07-04,2024-08-11,2024-08-11,2024-08-20,2024-08-22,Evergreen Marine,EVER LIBRA 457E,FOB,20GP,Shanghai,Manzanillo,2,82066.19,"$164,132.38",8412.33,,12842.8,14608.2,20.28,8477 10 01 00,173258.83,330104.85,26408.39,585209.88,8429.67,26273.08,0.0,0.0,19.0527,,,China
IMP-2024-0138,PO-202404-036,INV-1007-202404-0002,SUP-1007,SKU-129,21/04/2024,22/07/2024,29/08/2024,29/08/2024,12/09/2024,14/09/2024,Maersk,MAERSK ESSEX 271E,FOB,40GP,Ningbo-Zhoushan,Manzanillo,4,38277.20,"$153,108.80",8889.76,,31088.0,35735.6,70.67,8422309900,162741.16,310065.85,24805.27,549684.74,7827.16,53558.99,0.0,4937.45,19.0527,0,Sin observaciones durante la inspección,China
IMP-2024-0139,PO-202404-037,INV-1005-202404-0004,SUP-1005,SKU-139,2024-04-22,2024-06-09,2024-07-14,2024-07-14,2024-07-17,2024-07-21,Maersk,MSC PALOMA 691E,FOB,20GP,Shekou,Manzanillo,6,22849.37,"$137,096.22",6944.71,510.48,6202.8,7124.6,58.27,8428330100,144551.41,269520.44,21561.64,477805.84,5389.12,60702.56,0.0,0.0,18.6453,0,Sin observaciones durante la inspección,China
IMP-2024-0140,PO-202404-038,INV-1009-202404-0002,SUP-1009,SKU-131,04/24/2024,06/30/2024,07/28/2024,07/28/2024,08/01/2024,08/05/2024,Ocean Network Express,MAERSK COLUMBUS 394W,EXW,40HC,Ningbo-Zhoushan,Manzanillo,3,"78,925.91","$236,777.73",9244.5,0.0,67733.1,76590.1,73.11,8462910100,246022.23,458715.83,36697.27,813211.42,8774.33,42597.98,0.0,0.0,18.6453,,,China
IMP-2024-0141,PO-202404-039,INV-1001-202404-0006,SUP-1001,SKU-121,04/24/2024,07/18/2024,08/23/2024,08/23/2024,09/06/2024,09/09/2024,Evergreen Marine,YM WELLNESS 216E,FOB,20GP,Yantian,Manzanillo,2,64312.03,"$128,624.06",8453.43,,4731.8,5138.6,15.83,8479500100,137584.98,131068.27,20970.92,443744.73,7929.42,30929.61,0.0,8295.29,19.0527,,,China
IMP-2024-0142,PO-202404-040,INV-1014-202404-0005,SUP-1014,SKU-122,24/04/2024,17/07/2024,23/08/2024,26/08/2024,01/09/2024,04/09/2024,Yang Ming Marine Transport,HAPAG BERLIN EXPRESS 845W,FOB,20GP,Nantong,Veracruz,1,25070.29,"$25,070.29",,,1294.2,1479.5,4.34,8414809900,35824.65,102383.45,5460.45,126464.03,5045.31,55683.63,,0.0,19.0527,0,Sin observaciones durante la inspección,China
IMP-2024-0143,PO-202404-041,INV-1013-202404-0007,SUP-1013,SKU-120,24/04/2024,10/07/2024,06/08/2024,06/08/2024,10/08/2024,13/08/2024,Hapag-Lloyd,ONE APUS 719E,FOB,20GP,Shanghai,Lázaro Cárdenas,4,"62,492.94",249971.76,7909.94,810.11,8731.2,9840.7,12.57,8479500100,258691.81,246438.87,39430.22,834343.45,3579.25,62437.83,0.0,,19.0527,,,China
IMP-2024-0144,PO-202404-042,INV-1007-202404-0003,SUP-1007,SKU-130,25/04/2024,30/06/2024,04/08/2024,04/08/2024,20/08/2024,21/08/2024,COSCO Shipping Lines,MSC ANZU 194W,FOB,40HC,Ningbo-Zhoushan,Lázaro Cárdenas,4,"76,420.55","$305,682.20",,1530.19,91196.0,104137.1,132.27,8462910100,316462.95,602947.36,48235.79,1068905.09,7455.91,69449.14,,1527.35,19.0527,,,China
IMP-2024-0145,PO-202404-043,INV-1006-202404-0004,SUP-1006,SKU-106,2024-04-26,2024-07-11,2024-08-25,2024-08-25,2024-08-31,2024-09-02,Yang Ming Marine Transport,MSC PALOMA 599W,FOB,40GP,Ningbo-Zhoushan,Veracruz,1,91942.90,91942.90,6775.55,303.78,13327.3,14574.4,17.48,8458110100,99022.23,188664.08,15093.13,334463.69,7874.49,55691.49,0.0,0.0,19.0527,,,China
IMP-2024-0146,PO-202404-044,INV-1014-202404-0006,SUP-1014,SKU-134,2024-04-27,2024-06-11,2024-07-09,2024-07-10,2024-07-22,2024-07-23,Maersk,ONE APUS 811E,FOB,20GP,"Nantong, CN",Manzanillo,1,6903.16,"$6,903.16",6224.72,23.26,1398.5,1526.7,4.19,8480710100,13151.14,12260.35,1961.66,41508.63,8373.28,20526.35,0.0,0.0,18.6453,,,China
IMP-2024-0147,PO-202404-045,INV-1008-202404-0002,SUP-1008,SKU-126,27/04/2024,03/08/2024,04/09/2024,04/09/2024,06/09/2024,07/09/2024,Yang Ming Marine Transport,YM WELLNESS 614E,DDP,40GP,Wenzhou,Lázaro Cárdenas,3,"31,437.58","$94,312.74",5493.78,491.07,18692.4,21182.5,41.54,8422309900,100297.59,194347.64,15547.81,344539.5,5598.66,67384.36,,0.0,19.3771,,,China
IMP-2024-0148,PO-202405-001,INV-1011-202405-0001,SUP-1011,SKU-135,2024-05-02,2024-06-24,2024-07-29,2024-08-01,2024-08-08,2024-08-09,Hapag-Lloyd,MSC PALOMA 338W,FOB,20GP,Shanghai,Manzanillo,1,4314.38,"$4,314.38",5962.27,,1888.3,2081.4,4.66,8480710100,10293.08,"MXN 9,805.55",1568.89,33197.66,4142.94,22688.05,0.0,,19.0527,,,China
IMP-2024-0149,PO-202405-002,INV-1013-202405-0001,SUP-1013,SKU-109,2024-05-03,2024-06-17,2024-07-21,2024-07-21,2024-07-27,2024-07-29,Hapag-Lloyd,MSC PALOMA 379W,CIF,40GP,Shanghai,Lázaro Cárdenas,1,78243.12,78243.12,0.0,255.23,13407.2,15207.4,13.4,8458110100,78498.35,146362.53,11709.0,259471.49,8985.44,30939.39,0.0,,18.6453,,,China
IMP-2024-0150,PO-202405-003,INV-1003-202405-0001,SUP-1003,SKU-123,05/04/2024,08/01/2024,09/05/2024,09/05/2024,09/10/2024,09/12/2024,MSC,YM WELLNESS 741E,CIF,20GP,Nansha,Manzanillo,1,19174.73,"$19,174.73",0.0,107.73,1535.9,1747.5,7.56,8414809900,19282.46,56045.72,2989.11,69227.68,4913.11,18338.38,0.0,0.0,19.3771,,,China
IMP-2024-0151,PO-202405-004,INV-1008-202405-0001,SUP-1008,SKU-108,2024-05-05,2024-06-20,2024-07-28,2024-07-28,2024-08-04,2024-08-06,COSCO Shipping Lines,EVER LIBRA 887E,FOB,20GP,Wenzhou,Veracruz,1,110098.40,"$110,098.40",10318.64,510.49,11219.2,12438.0,11.25,8458110100,120927.53,225473.01,18037.84,399718.55,6373.82,65130.56,0.0,0.0,18.6453,0,No issues found on inspection,China
IMP-2024-0152,PO-202405-005,INV-1008-202405-0002,SUP-1008,SKU-126,05/05/2024,04/08/2024,05/09/2024,05/09/2024,11/09/2024,15/09/2024,Yang Ming Marine Transport,ONE APUS 301W,FOB,40GP,Wenzhou,Lázaro Cárdenas,2,29490.08,"$58,980.16",8196.44,307.83,12461.6,13795.1,24.92,8422309900,67484.43,130765.25,10461.22,231820.64,5181.89,48426.27,0.0,0.0,19.3771,,,China
IMP-2024-0153,PO-202405-006,INV-1012-202405-0001,SUP-1012,SKU-138,05/05/2024,07/07/2024,03/08/2024,03/08/2024,09/08/2024,09/08/2024,COSCO Shipping Lines,MSC ANZU 294E,CIF,40GP,"Shanghai, CN",Manzanillo,2,10825.15,21650.30,0.0,104.07,10507.4,11468.5,24.82,8428330100,21754.37,41447.95,3315.84,73478.92,8292.62,26629.47,0.0,0.0,19.0527,,,China
IMP-2024-0154,PO-202405-007,INV-1011-202405-0002,SUP-1011,SKU-135,06-05-2024,22-06-2024,17-07-2024,17-07-2024,01-08-2024,02-08-2024,Yang Ming Marine Transport,YM WELLNESS 465W,FOB,20GP,Shanghai,Lázaro Cárdenas,1,3934.70,3934.70,8216.99,19.26,1888.3,2171.5,4.74,8480.71.01.00,12170.95,11346.55,1815.45,38414.88,6858.68,30635.13,0.0,6755.78,18.6453,,,China
IMP-2024-0155,PO-202405-008,INV-1002-202405-0001,SUP-1002,SKU-106,45419,45495,45527,45527,45535,45538,COSCO Shipping Lines,MSC ANZU 490E,CIF,40GP,Shekou,Manzanillo,6,82421.52,"$494,529.12",,,79963.8,90686.6,108.53,8458110100,496678.85,946307.31,75704.59,1677613.6,8070.42,52181.03,0.0,0.0,19.0527,,,China
IMP-2024-0156,PO-202405-009,INV-1002-202405-0002,SUP-1002,SKU-102,09/05/2024,25/06/2024,01/08/2024,01/08/2024,07/08/2024,10/08/2024,Maersk,MAERSK COLUMBUS 639W,FOB,40GP,Shekou,Manzanillo,4,96503.46,386013.84,8671.08,1469.25,60254.8,65469.1 kg,85.04,8457100100,396154.17,754780.66,60382.45,1338075.15,4715.69,42291.43,0.0,0.0,19.0527,,,China
IMP-2024-0157,PO-202405-010,INV-1010-202405-0001,SUP-1010,SKU-110,2024-05-09,2024-07-11,2024-08-15,2024-08-15,2024-08-17,2024-08-20,COSCO Shipping Lines,MSC PALOMA 129W,FOB,20GP,Taizhou,Manzanillo,2,17900.16,"$35,800.32",8130.58,179.73,9379.8,10866.0,21.27,8456110100,44110.63,84042.66,6723.41,148990.83,3736.82,23660.3,0.0,0.0,19.0527,36,Vibración excesiva al arranque,China
IMP-2024-0158,PO-202405-011,INV-1014-202405-0001,SUP-1014,SKU-104,2024-05-09,2024-07-12,2024-08-13,2024-08-13,2024-08-19,2024-08-22,Evergreen Marine,MAERSK COLUMBUS 408W,FOB,,Nantong,Manzanillo,3,161270.60,"$483,811.80",7711.49,1759.57,25910.1,29514.3,80.59,8457100100,493282.86,939837.03,75186.96,1666143.1,8679.45,38896.32,0.0,0.0,19.0527,0,Sin observaciones durante la inspección,China
IMP-2024-0159,PO-202405-012,INV-1014-202405-0002,SUP-1014,SKU-116,2024-05-10,2024-07-27,2024-08-26,2024-09-13,2024-09-22,2024-09-24,Hapag-Lloyd,EVER LIBRA 805E,CIF,20GP,Nantong,Manzanillo,2,81676.31,163352.62,0.0,724.88,12842.8,14443.1,19.57,8477100100,164077.5,317934.61,25434.77,563634.48,5448.37,28778.54,30051.52,0.0,19.3771,,,China
IMP-2024-0160,PO-202405-013,INV-1014-202405-0003,SUP-1014,SKU-122,10/05/2024,17/08/2024,21/09/2024,21/09/2024,24/09/2024,25/09/2024,Ocean Network Express,MSC ANZU 666E,CIF,20GP,Nantong,Manzanillo,3,24440.33,73320.99,0.0,,3882.6,4198.2,12.45,8414809900,73589.3,"MXN 213,892.08",11407.58,264199.5,6804.39,42466.95,0.0,0.0,19.3771,,,China
IMP-2024-0161,PO-202405-014,INV-1013-202405-0002,SUP-1013,SKU-142,12/05/2024,05/07/2024,04/08/2024,05/08/2024,13/08/2024,17/08/2024,COSCO Shipping Lines,COSCO ARIES 726E,CIF,20GP,Shanghai,Manzanillo,2,"7,292.55",14585.10,0.0,67.9,2373.8,2700.0,6.69,8515310100,14653.0,41876.88,2233.43,51726.32,8332.73,28474.0,0.0,,19.0527,,,China
IMP-2024-0162,PO-202405-015,INV-1012-202405-0002,SUP-1012,SKU-142,12-05-2024,14-07-2024,16-08-2024,16-08-2024,21-08-2024,26-08-2024,Hapag-Lloyd,MSC PALOMA 494E,FOB,20GP,Shanghai,Lázaro Cárdenas,4,6958.84,"$27,835.36",8529.53,85.7,4747.6,5356.9,14.22,8515310100,36450.59,104172.32,5555.86,128673.65,7895.98,79137.64,0.0,0.0,19.0527,,,China
IMP-2024-0163,PO-202405-016,INV-1001-202405-0001,SUP-1001,SKU-121,2024-05-13,2024-08-05,2024-09-03,2024-09-03,2024-09-11,2024-09-14,Evergreen Marine,COSCO VEGA 154E,FOB,20GP,Yantian,Lázaro Cárdenas,1,62696.55,62696.55,,,2365.9,2618.1,8.57,8479500100,68593.36,66457.02,10633.12,224996.89,3662.03,40583.57,0.0,,19.3771,,,China
IMP-2024-0164,PO-202405-017,INV-1007-202405-0001,SUP-1007,SKU-129,14-05-2024,02-08-2024,03-09-2024,03-09-2024,11-09-2024,13-09-2024,MSC,EVER LIBRA 620E,FOB,40GP,Ningbo-Zhoushan,Manzanillo,1,"39,799.49","$39,799.49",5547.01,,7772.0,8602.1,17.81,8422309900,45479.32,88125.73,7050.06,156229.3,3826.24,23403.94,0.0,0.0,19.3771,,,China
IMP-2024-0165,PO-202405-018,INV-1006-202405-0001,SUP-1006,SKU-114,13/05/2024,15/08/2024,14/09/2024,14/09/2024,20/09/2024,23/09/2024,Ocean Network Express,MAERSK COLUMBUS 415E,FOB,40HC,Ningbo-Zhoushan,Manzanillo,2,"67,548.80","$135,097.60",7685.74,676.35,26212.4,30134.8,52.4,8477100100,143459.69,277983.28,22238.66,492808.75,8217.43,25312.89,0.0,,19.3771,,,China
IMP-2024-0166,PO-202405-019,INV-1014-202405-0004,SUP-1014,SKU-134,05/14/2024,07/05/2024,08/10/2024,08/10/2024,08/17/2024,08/21/2024,Hapag-Lloyd,EVER LIBRA 133E,EXW,20GP,Nantong,Manzanillo,3,7531.79,22595.37,6901.03,0.0,4195.5,4601.5,13.24,8480710100,29496.4,28099.3,4495.89,95133.0,7389.96,41697.21,0.0,0.0,19.0527,,,China
IMP-2024-0167,PO-202405-020,INV-1013-202405-0003,SUP-1013,SKU-117,2024-05-15,2024-08-03,2024-09-03,2024-09-03,2024-09-10,2024-09-12,Yang Ming Marine Transport,MSC PALOMA 762E,EXW,40GP,Shanghai,manzanillo,1,33301.55,"$33,301.55",7917.09,,11584.0,13026.9,15.94,847710,41218.64,79869.77,6389.58,141593.13,5128.87,17141.08,0.0,0.0,19.3771,0,Sin observaciones durante la inspección,China
IMP-2024-0168,PO-202405-021,INV-1001-202405-0002,SUP-1001,SKU-121,2024-05-16,2024-08-16,2024-09-17,2024-09-17,2024-09-20,2024-09-24,Evergreen Marine,EVER LIBRA 885W,FOB,20GP,Yantian,Manzanillo,1,66766.12,"$66,766.12",8242.57,257.92,2365.9,2593.5,8.59,8479500100,75266.61,72922.43,11667.59,246886.18,8841.85,17227.9,,0.0,19.3771,,,China
IMP-2024-0169,PO-202405-022,INV-1007-202405-0002,SUP-1007,SKU-136,2024-05-16,2024-07-09,2024-08-07,2024-08-07,2024-08-27,2024-08-30,Ocean Network Express,MSC ANZU 570W,FOB,20GP,Ningbo-Zhoushan,manzanillo,1,19331.46,"$19,331.46",5769.02,,1677.1,1850.8,5.81,8480710100,25187.9,"MXN 23,994.88",3839.18,81237.05,7887.47,17172.38,0.0,4708.99,19.0527,,,China
IMP-2024-0170,PO-202405-023,INV-1005-202405-0001,SUP-1005,SKU-139,16-05-2024,06-07-2024,03-08-2024,03-08-2024,09-08-2024,12-08-2024,Hapag-Lloyd,COSCO ARIES 870W,FOB,20GP,Shekou,Lázaro Cárdenas,3,21997.90,65993.70,9207.45,337.75,3101.4,3365.1,28.8,8428330100,75538.9,143922.0,11513.76,255144.92,3666.71,52211.51,0.0,,19.0527,,Faltó el manual en español,China
IMP-2024-0171,PO-202405-024,INV-1012-202405-0003,SUP-1012,SKU-142,16/05/2024,15/07/2024,22/08/2024,25/09/2024,30/09/2024,02/10/2024,COSCO Shipping Lines,EVER LIBRA 661W,EXW,20GP,Shanghai,Manzanillo,3,7403.54,22210.62,6482.17,0.0,3560.7,4082.4,11.07,8515310100,28692.79,83397.46,4447.86,103012.54,4070.27,36787.59,34229.78,,19.3771,0,No issues found on inspection,China
IMP-2024-0172,PO-202405-025,INV-1002-202405-0003,SUP-1002,SKU-124,17/05/2024,16/08/2024,19/09/2024,19/09/2024,26/09/2024,29/09/2024,MSC,COSCO ARIES 295E,FOB,20GP,Shekou,Manzanillo,4,7484.38,"$29,937.52",,98.65,2284.8,2508.2,20.55,8414809900,39786.57,115642.25,6167.59,142841.31,3755.93,43986.9,0.0,,19.3771,,Calibration certificate missing,China
IMP-2024-0173,PO-202405-026,INV-1002-202405-0004,SUP-1002,SKU-102,18/05/2024,06/07/2024,10/08/2024,10/08/2024,14/08/2024,15/08/2024,Ocean Network Express,YM WELLNESS 217E,N/A,40GP,Shekou,Manzanillo,3,100187.52,"$300,562.56",7940.72,1286.74,45191.1,49853.4,61.86,,309790.02,590233.63,47218.69,1046366.18,6907.98,37282.22,0.0,0.0,19.0527,,,China
IMP-2024-0174,PO-202405-027,INV-1001-202405-0003,SUP-1001,SKU-114,45430,45510,45551,45569,45590,45592,Ocean Network Express,COSCO ARIES 335W,CIF,40HC,Shenzhen (Yantian),Veracruz,3,64861.68,194585.04,0.0,,39318.6,44348.7,77.52,8477100100,195305.56,386798.76,30943.9,685716.83,7915.08,93849.09,0.0,,19.8048,,,China
IMP-2024-0175,PO-202405-028,INV-1007-202405-0003,SUP-1007,SKU-129,2024-05-19,2024-08-15,2024-09-18,2024-09-18,2024-09-25,2024-09-28,MSC,COSCO VEGA 453W,FOB,40GP,Ningbo-Zhoushan,Manzanillo,4,37810.71,"$151,242.84",7855.62,,31088.0,35561.6,71.88,8422309900,159956.09,309948.52,24795.88,549476.73,6376.17,44051.89,0.0,0.0,19.3771,,,China
IMP-2024-0176,PO-202405-029,INV-1008-202405-0003,SUP-1008,SKU-112,2024-05-19,2024-08-03,2024-09-11,2024-09-11,2024-09-15,2024-09-17,Maersk,MAERSK COLUMBUS 474W,CIF,20GP,Wenzhou,Veracruz,1,69725.05,"$69,725.05",0.0,,2143.6,2335.5,7.65,8456110100,70109.33,135851.55,10868.12,240837.63,5435.39,48890.85,0.0,0.0,19.3771,1,Daño en el panel de control por maniobras,China
IMP-2024-0177,PO-202405-030,INV-1014-202405-0005,SUP-04,SKU-134,2024-05-20,2024-06-28,2024-07-29,2024-07-29,2024-08-05,2024-08-09,MSC,MSC PALOMA 698W,DDP,20GP,Nantong,Lázaro Cárdenas,3,7043.63,21130.89,9407.09,,4195.5,4726.1,13.31,8480710100,30648.62,28572.64,4571.62,96735.52,8371.07,68081.68,0.0,0.0,18.6453,,Óxido superficial en la carcasa,China
IMP-2024-0178,PO-202405-031,INV-1005-202405-0002,SUP-1005,SKU-106,2024-05-20,2024-08-11,2024-09-18,2024-09-18,2024-09-20,2024-09-21,Maersk,COSCO VEGA 154W,FOB,40GP,Shenzhen (Shekou),Manzanillo,2,85950.73,"$171,901.46",8442.53,,26654.6,30121.6,34.14,8458110100,181324.36,351354.03,28108.32,622880.42,3652.05,29376.67,,0.0,19.3771,0,Sin observaciones durante la inspección,China
IMP-2024-0179,PO-202405-032,INV-1006-202405-0002,SUP-1006,SKU-139,22/05/2024,01/07/2024,06/08/2024,08/08/2024,11/08/2024,15/08/2024,Ocean Network Express,MSC PALOMA 413E,FOB,20GP,Ningbo-Zhoushan,Manzanillo,2,22260.80,"$44,521.60",7900.73,,2067.6,2265.0,17.63,8428330100,52665.97,100342.89,8027.43,177887.88,8449.91,35566.7,0.0,0.0,19.0527,0,No issues found on inspection,China
IMP-2024-0180,PO-202405-033,INV-1013-202405-0004,sup-1013,SKU-109,22/05/2024,10/07/2024,11/08/2024,11/08/2024,17/08/2024,19/08/2024,Yang Ming Marine Transport,YM WELLNESS 686E,CIF,40GP,Shanghai,Manzanillo,1,76101.41,"$76,101.41",0.0,,13407.2,14504.8,13.28,8458110100,76529.05,145808.5,11664.68,258489.31,8051.4,20539.72,0.0,0.0,19.0527,,,China
IMP-2024-0181,PO-202405-034,INV-1013-202405-0005,SUP-1013,SKU-140,22/05/2024,10/08/2024,06/09/2024,03/08/2024,09/10/2024,13/10/2024,COSCO Shipping Lines,HAPAG BERLIN EXPRESS 764E,FOB,20GP,Shanghai,Lázaro Cárdenas,2,26919.02,53838.04,5436.72,189.3,3555.4,4022.7,6.13,8515310100,59464.06,176651.07,9421.39,218199.4,7570.88,37370.78,29571.65,0.0,19.8048,,,China
IMP-2024-0182,PO-202405-035,INV-1014-202405-0006,SUP-1014,SKU-134,23-05-2024,09-07-2024,04-08-2024,22-08-2024,30-08-2024,31-08-2024,Ocean Network Express,COSCO VEGA 799E,FOB,20GP,Nantong,Lázaro Cárdenas,-1,7325.85,-7325.85,8720.49,30.78,1398.5,1607.3,4.17,8480710100,16077.12,15315.63,2450.5,51852.59,6003.53,40666.05,33948.05,0.0,19.0527,,,China
IMP-2024-0183,PO-202405-036,INV-1002-202405-0005,SUP-1002,SKU-132,05/25/2024,08/09/2024,09/05/2024,09/05/2024,09/14/2024,09/16/2024,Ocean Network Express,YM WELLNESS 770E,FOB,40GP,Shekou,Manzanillo,4,30016.36,120065.44,6684.4,416.62,57758.4,65579.6,50.04,8462910100,127166.46,"MXN 246,411.72",19712.94,436838.7,7982.19,42857.81,0.0,,19.3771,,,China
IMP-2024-0184,PO-202405-037,INV-1007-202405-0004,SUP-1007,SKU-128,24-05-2024,26-07-2024,08-09-2024,08-09-2024,11-09-2024,,Maersk,YM WELLNESS 326E,FOB,20GP,Ningbo-Zhoushan,Veracruz,4,"50,488.21",201952.84,7982.17,869.7,20611.2,23627.6,45.94,8422309900,210804.71,408478.39,32678.27,724150.5,7837.09,103252.65,0.0,0.0,19.3771,,,China
IMP-2024-0185,PO-202405-038,INV-1006-202405-0003,SUP-1006,SKU-119,05/26/2024,08/17/2024,09/16/2024,09/16/2024,09/24/2024,,Maersk,ONE APUS 264W,EXW ,20GP,Ningbo-Zhoushan,Manzanillo,2,50024.74,"$100,049.48",8926.51,,4976.6,5699.8,7.41,8479500100,108975.99,105581.93,16893.11,357458.19,3739.65,23484.31,0.0,0.0,19.3771,,,China
IMP-2024-0186,PO-202405-039,INV-1006-202405-0004,SUP-1006,SKU-101,2024-05-26,2024-07-08,2024-08-07,2024-09-10,,2024-09-27,MSC,HAPAG BERLIN EXPRESS 284E,FOB,40HC,Ningbo-Zhoushan,Lázaro Cárdenas,6,164277.59,"$985,665.54",8141.37,,51255.0,56556.1,185.82,8457100100,997717.25,1933286.69,154662.94,3427330.65,5486.7,82688.6,18923.11,,19.3771,1,Control panel door misaligned,China
IMP-2024-0187,PO-202405-040,INV-1006-202405-0005,SUP-1006,SKU-116,05/27/2024,08/23/2024,09/18/2024,10/22/2024,10/24/2024,10/27/2024,Ocean Network Express,MSC PALOMA 372E,FOB,20GP,Ningbo-Zhoushan,Lázaro Cárdenas,3,"86,448.01",259344.03,6454.34,1444.07,19264.2,21565.6,30.22,8477100100,267242.44,529268.31,42341.46,938286.86,4813.49,54384.85,,0.0,19.8048,,,China
IMP-2024-0188,PO-202405-041,INV-1011-202405-0003,SUP-1011,SKU-136,05/27/2024,07/31/2024,09/12/2024,09/12/2024,09/14/2024,09/18/2024,Hapag-Lloyd,MAERSK ESSEX 816E,FOB,20GP,Shanghai,veracruz,2,"19,635.34","$39,270.68",7247.97,,3354.2,3761.4,12.23,8480710100,46732.26,45276.78,7244.29,153289.08,8164.11,66241.32,0.0,,19.3771,2,Accessory kit incomplete,China
IMP-2024-0189,PO-202405-042,INV-1009-202405-0001,SUP-1009,SKU-115,28/05/2024,31/07/2024,29/08/2024,29/08/2024,14/09/2024,15/09/2024,MSC,YM WELLNESS 416W,FOB,40GP,Ningbo-Zhoushan,Manzanillo,1,"$45,190.17",45190.17,8971.2,258.99,4563.0,5231.7,18.85,8477100100,54420.36,103685.48,8294.84,183813.62,6083.3,22384.33,0.0,,19.0527,,,China
IMP-2024-0190,PO-202405-043,INV-1002-202405-0006,SUP-1002,SKU-102,2024-05-28,2024-07-13,2024-08-11,2024-08-12,2024-08-15,2024-08-16,Maersk,HAPAG BERLIN EXPRESS 714E,FOB,40GP,Shenzhen (Shekou),Manzanillo,2,92401.61,184803.22,8109.0,,30127.4,34565.2,42.6,845710,193712.5,369074.61,29525.97,654295.48,5327.43,34590.83,0.0,0.0,19.0527,,Minor surface rust on housing,China
IMP-2024-0191,PO-202406-001,INV-1006-202406-0001,SUP-1006,SKU-999,06/01/2024,07/14/2024,08/19/2024,08/19/2024,08/23/2024,08/25/2024,MSC,MAERSK ESSEX 365W,FOB,40HC,Ningbo-Zhoushan,Manzanillo,2,158208.00,316416.00,9127.26,1877.94,17085.0,19677.8,61.55,8457100100,327421.2,623825.79,49906.06,1105918.36,4901.95,25794.53,,0.0,19.0527,0,Sin observaciones durante la inspección,China
IMP-2024-0192,PO-202406-002,INV-1012-202406-0001,SUP-1012,SKU-103,2024-06-01,2024-08-22,2024-09-29,2024-09-30,2024-10-03,2024-10-06,cosco shipping lines,COSCO VEGA 524W,FOB,40GP,Shanghai,Manzanillo,1,"178,222.54","$178,222.54",7483.26,920.48,18341.2,20855.0,18.77,845710,186626.28,361627.61,28930.21,641093.43,5791.89,26253.22,0.0,0.0,19.3771,,,China
IMP-2024-0193,PO-202406-003,INV-1007-202406-0001,SUP-1007,SKU-141,06/01/2024,07/22/2024,08/25/2024,08/30/2024,09/06/2024,09/10/2024,Hapag-Lloyd,EVER LIBRA 773W,FOB,20GP,Ningbo-Zhoushan,Lázaro Cárdenas,2,26629.10,53258.20,7219.86,,3791.2,4370.5,7.67,8515310100,60729.57,173559.34,9256.5,214380.5,4426.71,51652.08,0.0,0.0,19.0527,,Bearing play detected on spindle,China
IMP-2024-0194,PO-202406-004,INV-1002-202406-0001,SUP-1002,SKU-106,06/02/2024,08/08/2024,09/06/2024,09/07/2024,09/15/2024,09/19/2024,COSCO Shipping Lines,HAPAG BERLIN EXPRESS 131W,FOB,40GP,Shekou,Manzanillo,6,85178.64,"$511,071.84",8202.92,1717.16,79963.8,92544.9,104.09,8458110100,520991.92,1009531.25,80762.5,1789697.01,3664.17,65635.74,0.0,0.0,19.3771,,,China
IMP-2024-0195,PO-202406-005,INV-1006-202406-0002,SUP-1006,SKU-101,2024-06-02,2024-07-23,2024-08-20,2024-09-15,2024-09-20,2024-09-22,Hapag-Lloyd,YM WELLNESS 217W,CIF,40HC,Ningbo-Zhoushan,Manzanillo,6,164107.80,984646.80,0.0,,51255.0,58803.7,172.2,8457100100,988536.79,1915497.62,153239.81,3395794.19,4893.57,52628.68,,0.0,19.3771,,,China
IMP-2024-0196,PO-202406-006,INV-1014-202406-0001,SUP-1014,SKU-131,2024-06-02,2024-08-03,2024-08-31,2024-08-31,2024-09-05,2024-09-07,COSCO,COSCO VEGA 535W,FOB,40HC,Nantong,Manzanillo,3,76269.95,"$228,809.85",9674.74,,67733.1,73328.2,78.75,8462910100,239354.94,"MXN 456,035.79",36482.86,808460.24,4024.26,35877.78,0.0,,19.0527,,,China
IMP-2024-0197,PO-202406-007,INV-1003-202406-0001,SUP-1003,SKU-110,45445,45497,45528,45528,45531,45535,Hapag-Lloyd,MAERSK ESSEX 783W,FOB,20GP,Nansha,Manzanillo,1,"19,286.22",19286.22,,103.83,4689.9,5358.0,11.45,8456110100,26218.11,49952.58,3996.21,88555.93,5070.75,18824.96,,0.0,19.0527,,Hydraulic leak at fitting,China
IMP-2024-0198,PO-202406-008,INV-1013-202406-0001,SUP-1013,SKU-120,06/03/2024,08/22/2024,09/18/2024,09/18/2024,09/27/2024,09/28/2024,Ocean Network Express,MAERSK COLUMBUS 779W,CIF,20GP,Shanghai,Manzanillo,4,61739.49,246957.96,,,8731.2,9892.1,12.98,8479500100,248211.22,240480.68,38476.91,814171.4,9174.01,51211.82,0.0,0.0,19.3771,1,Vibración excesiva al arranque,China
IMP-2024-0199,PO-202406-009,INV-1009-202406-0001,SUP-1009,SKU-140,2024-06-06,2024-08-13,2024-09-12,2024-09-12,2024-09-15,2024-09-18,Evergreen Marine,EVER LIBRA 624W,FOB,20GP,Ningbo-Zhoushan,Lázaro Cárdenas,4,26929.21,"$107,716.84",7127.74,,7110.8,8055.1,12.95,8515310100,115470.57,335622.72,17899.88,414561.18,5859.08,57250.83,0.0,,19.3771,2,Pallet damaged on arrival,China
IMP-2024-0200,PO-202406-010,INV-1004-202406-0001,SUP-1004,SKU-135,07/06/2024,13/08/2024,,17/09/2024,23/09/2024,26/09/2024,,YM WELLNESS 643W,FOB,20GP,Yantian,Manzanillo,1,"19.297,84","$19,297.84",7838.76,58.94,1677.1,1863.6,5.45,8480710100,27195.54,26348.53,4215.77,89205.6,4982.31,19988.57,0.0,0.0,19.3771,,,China
IMP-2024-0201,PO-202406-011,INV-1002-202406-0002,SUP-1002,SKU-130,09/06/2024,28/07/2024,02/09/2024,04/09/2024,06/09/2024,09/09/2024,Hapag-Lloyd,MAERSK ESSEX 688W,CIF,40HC,Shekou,Manzanillo,2,83689.71,"$167,379.42",0.0,555.54,45598.0,52654.0,69.14,8462910100,167934.96,325409.25,26032.74,576885.52,8741.95,29841.68,0.0,0.0,19.3771,,,China
IMP-2024-0202,PO-202406-012,INV-1008-202406-0001,SUP-1008,SKU-126,06/10/2024,09/17/2024,10/22/2024,10/22/2024,10/26/2024,10/27/2024,,MAERSK COLUMBUS 620E,FOB,40GP,"Wenzhou, CN",Veracruz,2,28894.23,"$57,788.46",7343.25,254.67,12461.6,13796.8 kg,24.57,8422309900,65386.38,129496.42,10359.71,229571.25,7950.31,76489.64,0.0,,19.8048,,,China
IMP-2024-0203,PO-202406-013,INV-1008-202406-0002,SUP-1008,SKU-137,45456,45503,45534,45534,45538,,Yang Ming Marine Transport,HAPAG BERLIN EXPRESS 609W,FOB,40GP,Wenzhou,Manzanillo,6,"36,071.86",216431.16,8040.25,709.87,32731.8,36152.1,107.73,8428330100,225181.28,429031.14,34322.49,760586.4,7924.48,47003.32,0.0,0.0,19.0527,0,No issues found on inspection,China
IMP-2024-0204,PO-202406-014,INV-1012-202406-0002,SUP-1012,SKU-108,13/06/2024,22/07/2024,18/08/2024,18/08/2024,07/09/2024,09/09/2024,MSC,YM WELLNESS 762E,FOB,20GP,Shanghai,Manzanillo,1,116805.06,"$116,805.06",,530.45,11219.2,12823.6,11.92,8458110100,126217.3,240478.04,19238.24,426319.46,8136.66,17884.77,,0.0,19.0527,,,China
IMP-2024-0205,PO-202406-015,INV-1009-202406-0002,SUP-1009,SKU-131,06/14/2024,08/18/2024,09/19/2024,09/20/2024,09/24/2024,09/26/2024,Yang Ming Marine Transport,YM WELLNESS 429W,CIF,40HC,Ningbo-Zhoushan,Manzanillo,3,79493.30,238479.90,0.0,,67733.1,76728.8,72.49,8462910100,239829.46,464719.94,37177.6,823855.51,5753.7,38493.81,,,19.3771,,,China
IMP-2024-0206,PO-202406-016,INV-1013-202406-0002,SUP-1013,SKU-121,14/06/2024,10/09/2024,05/10/2024,07/10/2024,18/10/2024,19/10/2024,COSCO Shipping Lines,ONE APUS 747E,DDP,20GP,Shanghai (Waigaoqiao),Lázaro Cárdenas,1,"64.871,37",64871.37,9002.53,263.92,2365.9,2601.1,8.58,8479500100,74137.82,73414.23,11746.28,248551.23,4532.14,38921.74,0.0,,19.8048,,,China
IMP-2024-0207,PO-202406-017,INV-1013-202406-0003,SUP-1013,SKU-117,2024-06-14,2024-09-01,2024-10-08,2024-10-08,2024-10-17,2024-10-18,Maersk,MSC PALOMA 366E,FOB,40GP,Shanghai,Manzanillo,1,34107.06,"$34,107.06",8264.83,,11584.0,13144.6,15.72,8477100100,42517.08,84204.23,6736.34,149277.25,6736.19,17631.42,,,19.8048,,,China
IMP-2024-0208,PO-202406-018,INV-1001-202406-0001,SUP-1001,SKU-111,14/06/2024,23/07/2024,21/08/2024,21/08/2024,30/08/2024,03/09/2024,Evergreen Marine,HAPAG BERLIN EXPRESS 782W,FOB,40GP,Yantian,Manzanillo,4,43926.75,"$175,707.00",9554.02,953.64,7424.0,8074.4,64.91,8456110100,186214.66,354789.21,28383.14,628970.3,4906.99,42254.38,,0.0,19.0527,,,China
IMP-2024-0209,PO-202406-019,INV-1007-202406-0002,SUP-1007,SKU-129,14/06/2024,26/08/2024,01/10/2024,04/11/2024,11/11/2024,13/11/2024,Maersk,YM WELLNESS 567W,FOB,40GP,Ningbo-Zhoushan,Manzanillo,1,39211.28,"$39,211.28",8284.84,,7772.0,8597.3,18.88,8422309900,47711.4,95498.66,7639.89,169300.03,7334.22,22626.55,0.0,0.0,20.0159,0,Sin observaciones durante la inspección,China
IMP-2024-0210,PO-202406-020,INV-1007-202406-0003,SUP-1007,SKU-128,2024-06-14,2024-08-20,2024-09-19,2024-09-19,2024-09-21,2024-09-25,MSC,COSCO VEGA 899E,cif,20GP,Ningbo-Zhoushan,Manzanillo,1,"$54,030.61","$54,030.61",0.0,223.16,5152.8,5771.7,10.72,8422309900,54253.77,105128.07,8410.25,186371.05,3619.83,22986.71,0.0,0.0,19.3771,,,China
IMP-2024-0211,PO-202406-021,INV-1007-202406-0004,SUP-1007,SKU-132,2024-06-15,2024-09-04,2024-10-09,2024-11-12,2024-11-15,2024-11-18,MSC,HAPAG BERLIN EXPRESS 506W,FOB,40GP,Ningbo-Zhoushan,Manzanillo,0,"28,614.27",114457.08,6725.96,468.6,57758.4,62417.4,51.74,8462910100,121651.64,"MXN 243,496.71",19479.74,431670.96,4134.32,40472.63,,0.0,20.0159,,,China
IMP-2024-0212,PO-202406-022,INV-1012-202406-0003,SUP-1012,SKU-103,16/06/2024,20/08/2024,16/09/2024,16/09/2024,01/10/2024,04/10/2024,Hapag-Lloyd,MAERSK COLUMBUS 602W,DDP,40GP,Shanghai,Manzanillo,1,"166,305.50",166305.50,8862.22,512.75,18341.2,21208.5,17.36,8457100100,175680.47,340417.8,27233.42,603492.68,7322.69,22461.68,0.0,3721.59,19.3771,,,China
IMP-2024-0213,PO-202406-023,INV-1002-202406-0003,SUP-1002,SKU-125,2024-06-17,2024-08-20,2024-09-16,2024-09-16,2024-09-18,2024-09-22,Hapag-Lloyd,HAPAG BERLIN EXPRESS 432W,FOB,20GP,Shekou,Manzanillo,1,15068.17,15068.17,7709.14,85.93,3330.5,3779.6,7.16,8414809900,22863.24,66453.49,3544.19,82083.35,7285.02,21418.7,0.0,0.0,19.3771,0,Sin observaciones durante la inspección,China
IMP-2024-0214,PO-202406-024,INV-1005-202406-0001,SUP-1005,SKU-130,17/06/2024,24/08/2024,25/09/2024,25/09/2024,30/09/2024,04/10/2024,MSC,MAERSK ESSEX 200W,CIF,40HC,Shekou,Manzanillo,2,82116.02,"$164,232.04",0.0,831.47,45598.0,50462.0,64.59,8462910100,165063.51,"MXN 319,845.21",25587.62,567021.6,"4.832,13",32840.18,0.0,0.0,19.3771,36,Paint chipping on enclosure,China
IMP-2024-0215,PO-202406-025,INV-1014-202406-0002,SUP-1014,SKU-116,2024-06-17,2024-09-05,2024-10-08,2024-10-20,2024-10-29,2024-11-01,Maersk,MSC PALOMA 135E,FOB,20GP,Nantong,Manzanillo,2,"87.802,13",175604.26,6263.5,1034.11,12842.8,14486.5,21.07,8477100100,182901.87,362233.5,28978.68,642167.54,4420.44,28732.63,13459.88,0.0,19.8048,0,No issues found on inspection,China
IMP-2024-0216,PO-202406-026,INV-1003-202406-0002,SUP-1003,SKU-133,45461,45523,45554,45554,45560,45564,MSC,EVER LIBRA 745E,FOB,40'GP,Nansha,Lázaro Cárdenas,2,96265.95,192531.90,7824.67,,40544.6,44668.4,59.13,8462910100,201207.27,389881.34,31190.51,691181.64,8577.35,43293.05,0.0,0.0,19.3771,,,China
IMP-2024-0217,PO-202406-027,INV-1007-202406-0005,SUP-1007,SKU-134,06/18/2024,09/12/2024,10/17/2024,10/22/2024,10/25/2024,10/27/2024,Evergreen Marine,YM WELLNESS 503W,DDP,40GP,Ningbo-Zhoushan,Manzanillo,4,29440.78,"$117,763.12",5482.71,605.91,57758.4,64735.4,48.56,8462910100,123851.74,245285.89,19622.87,434842.83,7051.84,35874.43,0.0,0.0,19.8048,,,China
IMP-2024-0218,PO-202406-028,INV-1005-202406-0002,SUP-1005,SKU-138,19/06/2024,26/08/2024,23/09/2024,23/09/2024,26/09/2024,30/09/2024,COSCO Shipping Lines,COSCO ARIES 272W,DDP,40GP,Shekou,"Manzanillo, Colima",3,11745.38,35236.14,8039.2,202.3,15761.1,18165.8,36.9,8428330100,43477.64,84247.06,6739.76,149353.18,6032.45,35971.93,0.0,0.0,19.3771,,,China
IMP-2024-0219,PO-202406-029,INV-1005-202406-0003,SUP-1005,SKU-133,19/06/2024,16/08/2024,,20/09/2024,27/09/2024,28/09/2024,COSCO Shipping Lines,YM WELLNESS 441W,FOB,40HC,Shekou,Manzanillo,2,91546.77,183093.54,7966.58,735.63,40544.6,46039.0,60.73,8462910100,191795.75,371644.54,29731.56,658851.45,6927.27,34998.26,,0.0,19.3771,,,China
IMP-2024-0220,PO-202406-030,INV-1005-202406-0004,SUP-1005,SKU-122,06/20/2024,09/19/2024,10/18/2024,10/18/2024,10/22/2024,10/23/2024,Hapag-Lloyd,YM WELLNESS 235W,FOB,20GP,Shekou,Manzanillo,-2,24342.38,-48684.76,8113.07,,2588.4,2906.7,8.43,8414809900,57060.54,169510.89,9040.58,209379.85,8657.91,35933.22,0.0,0.0,19.8048,3,Control panel door misaligned,China
IMP-2024-0221,PO-202406-031,INV-1011-202406-0001,SUP-1011,SKU-115,20/06/2024,01/09/2024,08/10/2024,08/10/2024,13/10/2024,16/10/2024,COSCO Shipping Lines,COSCO ARIES 440E,FOB,40GP,Shanghai,Manzanillo,1,41942.19,41942.19,7518.42,227.89,4563.0,5011.8,18.96,8477100100,49688.5,98407.08,7872.57,174456.07,5102.67,24938.85,0.0,0.0,19.8048,,,China
IMP-2024-0222,PO-202406-032,INV-1003-202406-0003,SUP-1003,SKU-123,06/20/2024,09/06/2024,10/13/2024,10/13/2024,10/19/2024,10/21/2024,Ocean Network Express,COSCO VEGA 457W,FOB,20GP,Nansha,Manzanillo,1,"18.248,61","$18,248.61",7607.26,90.62,1535.9,1676.4,7.33,8414809900,25946.49,77079.76,4110.92,95208.92,4115.13,20166.33,0.0,0.0,19.8048,,,China
IMP-2024-0223,PO-202406-033,INV-1014-202406-0003,SUP-1014,SKU-104,2024-06-20,2024-08-26,2024-10-01,2024-10-01,2024-10-05,2024-10-06,Maersk,YM WELLNESS 366E,FOB,40HC,Nantong,Manzanillo,2,156105.26,312210.52,7039.05,,17273.4,19607.6,55.24,8457100100,320484.73,634713.6,50777.09,1125220.27,5286.36,32888.25,0.0,0.0,19.8048,,,China
IMP-2024-0224,PO-202406-034,INV-1003-202406-0004,SUP-1003,SKU-133,20/06/2024,28/08/2024,29/09/2024,29/09/2024,07/10/2024,07/10/2024,COSCO Shipping Lines,MAERSK COLUMBUS 509E,FOB,40HC,Nansha,Lázaro Cárdenas,4,99853.43,399413.72,10056.13,,81089.2,90909.8,114.77,8462910100,411710.66,797775.86,63822.07,1414297.05,7434.39,58854.46,0.0,0.0,19.3771,,Perforación fuera de tolerancia,China
IMP-2024-0225,PO-202406-035,INV-1009-202406-0003,SUP-1009,SKU-120,2024-06-21,2024-09-18,2024-10-21,2024-10-21,2024-10-27,2024-10-30,Evergreen Marine,COSCO ARIES 485W,FOB,20GP,Ningbo-Zhoushan,Lázaro Cárdenas,6,61699.64,"$370,197.84",7341.63,1657.31,13096.8,14358.1,19.09,8479500100,379196.78,375495.82,60079.33,1271278.65,8259.23,98720.65,0.0,,19.8048,0,No issues found on inspection,China
IMP-2024-0226,PO-202406-036,INV-1005-202406-0005,SUP-1005,SKU-138,23/06/2024,01/09/2024,26/09/2024,26/09/2024,02/10/2024,,Yang Ming Marine Transport,MSC ANZU 679E,FOB,40GP,Shekou,Lázaro Cárdenas,1,11205.16,"$11,205.16",6953.85,,5253.7,5865.3,12.46,8428330100,18206.58,35279.07,2822.33,62542.74,4232.11,34231.52,0.0,,19.3771,,,China
IMP-2024-0227,PO-202406-037,INV-1014-202406-0004,SUP-1014,SKU-122,2024-06-24,2024-09-27,2024-11-01,2024-11-01,,2024-11-10,Yang Ming Marine Transport,COSCO VEGA 719E,FOB,20GP,Nantong,Lázaro Cárdenas,2,23254.96,46509.92,6004.74,,2588.4,2959.0,8.58,8414809900,52706.42,158244.96,8439.73,195464.18,6745.04,50242.38,0.0,0.0,20.0159,0,Sin observaciones durante la inspección,China
IMP-2024-0228,PO-202406-038,INV-1014-202406-0005,SUP-1014,SKU-122,2024-06-25,2024-09-21,2024-10-23,2024-10-23,2024-10-26,2024-10-29,MSC,MAERSK ESSEX 126E,EXW,20GP,Nantong,Manzanillo,3,"25.255,17",75765.51,5415.27,0.0,3882.6,4450.3,12.83,8414809900,81180.78,241165.37,12862.15,297887.46,5985.74,45671.78,0.0,0.0,19.8048,0,No issues found on inspection,China
IMP-2024-0229,PO-202406-039,INV-1014-202406-0006,SUP-1014,SKU-118,2024-06-26,2024-09-16,2024-10-13,2024-10-13,2024-10-18,2024-10-20,Ocean Network Express,ONE APUS 676E,FOB,40GP,Nantong,Manzanillo,4,29435.31,"$117,741.24",6988.03,,26691.2,29418.8,52.61,8477100100,125252.46,248059.99,19844.8,439760.75,3978.15,49235.31,0.0,0.0,19.8048,,,China
IMP-2024-0230,PO-202406-040,INV-1014-202406-0007,SUP-1014,SKU-118,45471,45542,45571,45579,45581,45584,Hapag-Lloyd,MSC ANZU 469E,CIF,20GP,Nantong,Lázaro Cárdenas,1,28062.72,28062.72,0.0,125.39,6672.8,7347.8,11.95,8477100100,28188.11,55825.99,4466.08,98968.31,6967.21,39536.55,0.0,0.0,19.8048,,,China
IMP-2024-0231,PO-202406-041,INV-1013-202406-0004,SUP-1013,SKU-117,2024-06-28,2024-09-12,2024-10-15,2024-10-15,2024-10-18,2024-10-19,Hapag-Lloyd,HAPAG BERLIN EXPRESS 260W,FOB,40GP,Shanghai,Manzanillo,1,31057.96,"$31,057.96",5971.62,,11584.0,13181.5,15.99,8414809900,37180.24,73634.72,5890.78,130539.63,8547.22,19225.62,0.0,0.0,19.8048,,,China
IMP-2024-0232,PO-202407-001,INV-1007-202407-0001,SUP-1007,SKU-132,2024-07-01,2024-09-26,2024-11-03,2024-11-03,,2024-11-07,MSC,MSC ANZU 702W,FOB,40GP,Ningbo-Zhoushan,Manzanillo,1,"$28,921.66","$28,921.66",7254.29,99.85,14439.6,16596.6,12.3,8462910100,36275.8,72609.28,5808.74,128721.73,"6.345,02",22720.73,0.0,,20.0159,0,Sin observaciones durante la inspección,China
IMP-2024-0233,PO-202407-002,INV-1013-202407-0001,SUP-1013,SKU-137,02/07/2024,13/08/2024,09/09/2024,09/09/2024,30/09/2024,04/10/2024,Hapag-Lloyd,EVER LIBRA 698W,FOB,40GP,Shanghai,Manzanillo,1,"36,015.24",36015.24,7705.59,,5455.3,5971.2,17.38,8428330100,43883.13,85032.78,6802.62,150746.11,9056.71,26615.92,0.0,2823.38,19.3771,,,China
IMP-2024-0234,PO-202407-003,INV-1004-202407-0001,SUP-1004,SKU-128,03/07/2024,17/09/2024,12/10/2024,12/10/2024,19/10/2024,21/10/2024,MSC,HAPAG BERLIN EXPRESS 199E,EXW,20GP,Yantian,Lázaro Cárdenas,3,51979.64,155938.92,6734.22,0.0,15458.4,17691.8,33.21,8422309900,162673.14,322170.9,25773.67,571144.57,7402.5,57204.95,0.0,,19.8048,,,China
IMP-2024-0235,PO-202407-004,INV-1012-202407-0001,SUP-1012,SKU-108,05/07/2024,01/09/2024,02/10/2024,20/10/2024,29/10/2024,30/10/2024,Evergreen Marine,COSCO VEGA 126W,FOB,40GP,Shanghai,Lázaro Cárdenas,1,108796.80,108796.80,6710.55,,11219.2,12588.2,12.2,8458110100,115870.32,229478.85,18358.31,406820.11,6587.89,33966.75,0.0,0.0,19.8048,,,China
IMP-2024-0236,PO-202407-005,INV-1013-202407-0002,SUP-1013,SKU-120,07/07/2024,08/10/2024,22/11/2024,22/11/2024,26/11/2024,30/11/2024,COSCO Shipping Lines,COSCO VEGA 473W,FOB,20GP,Shanghai,Veracruz,2,58384.87,"$116,769.74",8729.26,,4365.6,5045.9,5.98,8479500100,125924.54,126024.65,20163.94,426669.06,4707.69,67310.74,0.0,0.0,20.0159,,,China
IMP-2024-0237,PO-202407-006,INV-1007-202407-0002,SUP-1007,SKU-132,07/07/2024,01/10/2024,28/10/2024,28/10/2024,04/11/2024,06/11/2024,Hapag-Lloyd,COSCO ARIES 497W,FOB,40GP,Ningbo-Zhoushan,Manzanillo,2,31128.84,62257.68,8505.09,,28879.2,33279.8,27.42,8462 91 01 00,70973.33,140561.26,11244.9,249187.0,3704.11,32616.31,0.0,0.0,19.8048,0,Sin observaciones durante la inspección,China
IMP-2024-0238,PO-202407-007,INV-1002-202407-0001,SUP-1002,SKU-131,10/07/2024,10/09/2024,09/10/2024,14/10/2024,17/10/2024,20/10/2024,Evergreen Marine,MSC ANZU 515W,CIF,40HC,Shekou,Manzanillo,4,74152.24,"$296,608.96",,1505.19,90310.8,103679.1,104.73,8462910100,298114.15,590409.11,47232.73,1046677.27,8434.56,37034.93,,0.0,19.8048,,,China
IMP-2024-0239,PO-202407-008,INV-1007-202407-0003,SUP-1007,SKU-141,10/07/2024,03/09/2024,07/10/2024,07/10/2024,20/10/2024,,Ocean Network Express,COSCO VEGA 603E,FOB,20GP,Ningbo-Zhoushan,Veracruz,4,"$26,858.27",107433.08,9344.04,,7582.4,8257.4,15.91,8515310100,117329.49,348553.06,18589.5,430532.74,4377.46,93118.68,0.0,2008.65,19.8048,0,Sin observaciones durante la inspección,China
IMP-2024-0240,PO-202407-009,INV-1014-202407-0001,SUP-1014,SKU-122,2024-07-11,2024-10-04,2024-11-11,,2024-12-13,2024-12-14,Hapag-Lloyd,COSCO VEGA 852E,CIF,20GP,Nantong,Manzanillo,1,23201.59,"$23,201.59",,123.52,1294.2,1464.6,4.14,8414809900,23325.11,71529.83,3814.92,88353.65,7048.65,18244.66,0.0,0.0,20.4443,,,China
IMP-2024-0241,PO-202407-010,INV-1011-202407-0001,SUP-1011,SKU-136,2024-07-11,2024-09-08,2024-10-03,2024-10-03,2024-10-11,2024-10-15,Maersk,YM WELLNESS 734E,FOB,20GP,Shanghai,Lázaro Cárdenas,1,18310.44,18310.44,8345.53,,1853.1,1677.1,5.84,8480710100,26728.74,26467.87,4234.86,89609.61,5022.88,34208.78,0.0,,19.8048,1,Calibration certificate missing,China
IMP-2024-0242,PO-202407-011,INV-1007-202407-0004,SUP-1007,SKU-139,2024-07-14,2024-08-31,2024-09-28,2024-09-28,2024-09-30,2024-10-02,Ocean Network Express,MSC ANZU 160E,DDP,20GP,Ningbo-Zhoushan,Manzanillo,3,23579.85,70739.55,7670.62,,3101.4,3518.5,28.98,8428330100,78677.34,152453.87,12196.31,270270.22,4728.35,31082.93,0.0,0.0,19.3771,,,China
IMP-2024-0243,PO-202407-012,INV-1008-202407-0001,sup1008,SKU-112,45487,45558,45596,45622,45638,45641,Hapag-Lloyd,MAERSK ESSEX 329W,FOB,20GP,Wenzhou,Manzanillo,1,"$69,818.23","$69,818.23",,,2143.6,2336.3,7.49,8456110100,78497.99,157120.79,12569.66,278543.74,7179.08,24293.95,0.0,0.0,20.0159,,,China
IMP-2024-0244,PO-202407-013,INV-1010-202407-0001,SUP-1010,SKU-110,2024-07-14,2024-09-12,2024-10-14,2024-10-14,2024-10-27,2024-10-29,COSCO Shipping Lines,MSC ANZU 569E,FOB,20GP,Taizhou,Manzanillo,1,17857.63,"$17,857.63",5573.13,82.92,4689.9,5110.4,11.46,8456110100,23513.68,46568.37,3725.47,82556.41,5371.65,21576.72,0.0,0.0,19.8048,,,China
IMP-2024-0245,PO-202407-014,INV-1008-202407-0002,SUP-1008,SKU-112,2024-07-14,2024-09-12,2024-10-13,2024-10-13,2024-10-22,2024-10-24,COSCO Shipping Lines,EVER LIBRA 228W,FOB,20GP,Wenzhou,Manzanillo,1,"$67,392.75",67392.75,5787.54,,2143.6,2473.2,7.78,8456110100,73421.71,145410.23,11632.82,257783.25,6752.01,18843.75,0.0,0.0,19.8048,,,China
IMP-2024-0246,PO-202407-015,INV-1011-202407-0002,SUP-1011,SKU-115,2024-07-14,2024-09-24,2024-10-29,2024-11-10,2024-11-17,2024-11-21,Yang Ming Marine Transport,MAERSK COLUMBUS 204E,FOB,40GP,Shanghai,Lázaro Cárdenas,1,44908.85,44908.85,6460.04,206.64,4563.0,5004.2,18.11,8477100100,51575.53,103233.07,8258.65,183011.58,6995.97,36478.13,0.0,0.0,20.0159,,,China
IMP-2024-0247,PO-202407-016,INV-1001-202407-0001,SUP-1001,SKU-114,14-07-2024,04-10-2024,05-11-2024,05-11-2024,18-11-2024,22-11-2024,Yang Ming Marine Transport,MAERSK COLUMBUS 324W,FOB,40HC,Yantian,Manzanillo,1,69190.24,"$69,190.24",6329.75,363.06,13106.2,14781.3,27.68,8477100100,75883.05,151886.75,12150.94,269264.84,6016.07,18957.41,,4723.88,20.0159,,,China
IMP-2024-0248,PO-202407-017,INV-1001-202407-0002,SUP-1001,SKU-110,15/07/2024,09/09/2024,11/10/2024,11/10/2024,20/10/2024,23/10/2024,Evergreen Marine,MSC ANZU 268E,FOB,40GP,Yantian,Manzanillo,1,47721.73,"$47,721.73",5427.13,180.0,1856.0,2115.5,15.57,8456110100,53328.86,105616.74,8449.34,187237.36,8338.79,23036.78,0.0,0.0,19.8048,,,China
IMP-2024-0249,PO-202407-018,INV-1007-202407-0005,SUP-1007,SKU-129,07/16/2024,10/10/2024,11/12/2024,11/14/2024,11/26/2024,11/29/2024,Hapag-Lloyd,COSCO VEGA 291E,CIF,40GP,Ningbo-Zhoushan,Manzanillo,2,"37,569.19",75138.38,0.0,,15544.0,17983.1,37.46,8422309900,75496.58,151113.2,12089.06,267893.48,6918.04,24569.56,0.0,0.0,20.0159,,,China
IMP-2024-0250,PO-202407-019,INV-1014-202407-0002,SUP-1014,SKU-134,2024-07-16,2024-09-05,2024-10-12,2024-10-12,2024-10-25,2024-10-26,COSCO Shipping Lines,MAERSK ESSEX 147W,FOB,20GP,Nantong,Manzanillo,2,7545.50,"$15,091.00",6850.6,47.6,2797.0,3024.0,9.14,8480710100,21989.2,21774.59,3483.93,73720.04,4333.61,34703.52,0.0,5067.82,19.8048,,,China
IMP-2024-0251,PO-202407-020,INV-1011-202407-0003,SUP-1011,SKU-127,17/07/2024,10/10/2024,12/11/2024,24/11/2024,28/11/2024,02/12/2024,MSC,YM WELLNESS 140E,FOB,40GP,Shanghai,Manzanillo,1,56370.85,"$56,370.85",5529.82,305.16,3825.5,4277.2,19.05,8422309900,62205.83,124510.57,9960.85,220732.33,3946.16,20121.47,10601.66,0.0,20.0159,0,No issues found on inspection,China
IMP-2024-0252,PO-202407-021,INV-1014-202407-0003,SUP-1014,SKU-104,17/07/2024,26/09/2024,01/11/2024,13/11/2024,15/11/2024,19/11/2024,Yang Ming Marine Transport,COSCO ARIES 787W,FOB,40HC,Nantong,Manzanillo,3,"160,934.82",482804.46,8287.99,1611.55,25910.1,28174.7,88.67,8457100100,492704.0,986191.4,78895.31,1748320.11,8426.19,44047.75,0.0,0.0,20.0159,,,China
IMP-2024-0253,PO-202407-022,INV-1002-202407-0002,SUP-1002,SKU-107,2024-07-17,2024-08-26,2024-09-22,2024-10-10,,2024-10-18,Hapag-Lloyd,MSC PALOMA 648E,FOB,40GP,Shekou,Manzanillo,1,46443.88,"$46,443.88",6169.43,276.42,10542.4,12141.8,13.49,8458110100,52889.73,104747.05,8379.76,185695.57,7696.25,17445.7,0.0,0.0,19.8048,,,China
IMP-2024-0254,PO-202407-023,INV-1014-202407-0004,SUP-1014,SKU-134,45491,45530,45565,45591,45598,,MSC,MAERSK COLUMBUS 502W,FOB,20GP,Nantong,Manzanillo,2,"6,938.91","$13,877.82",6905.62,44.41,2797.0,3218.2,8.59,8480710100,20827.85,20624.57,3299.93,69826.54,4586.15,35894.26,0.0,0.0,19.8048,,,China
IMP-2024-0255,PO-202407-024,INV-1007-202407-0006,SUP-1007,SKU-141,07/18/2024,09/06/2024,10/05/2024,10/05/2024,10/08/2024,10/10/2024,COSCO Shipping Lines,ONE APUS 794W,FOB,20GP,Ningbo-Zhoushan,Lázaro Cárdenas,3,"$27,241.54","$81,724.62",6976.0,339.81,5686.8,6359.4,11.89,8515310100,89040.43,264514.19,14107.42,326727.92,4858.48,59184.43,0.0,,19.8048,,,China
IMP-2024-0256,PO-202407-025,INV-1001-202407-0003,SUP-1001,SKU-111,45492,45531,45567,45567,45572,45575,Maersk,MSC ANZU 150W,FOB,40GP,Yantian,Manzanillo,1,45076.90,"$45,076.90",7608.67,193.5,1856.0,2052.4,15.35,8456110100,52879.07,104725.94,8378.08,185658.15,8950.73,18643.12,0.0,0.0,19.8048,,,China
IMP-2024-0257,PO-202407-026,INV-1009-202407-0001,SUP-1009,SKU-131,07/19/2024,10/03/2024,11/05/2024,11/05/2024,11/11/2024,11/12/2024,COSCO Shipping Lines,ONE APUS 840W,FOB,40HC,Ningbo-Zhoushan,Manzanillo,2,71520.88,143041.76,7205.63,,45155.4,49779.1,54.01,8462910100,150904.0,302047.94,24163.83,535470.58,8640.89,24555.95,0.0,,20.0159,0,Sin observaciones durante la inspección,China
IMP-2024-0258,PO-202407-027,INV-1001-202407-0004,SUP-1001,SKU-121,45494,45568,45601,45601,45608,45611,COSCO Shipping Lines,MSC PALOMA 440E,FOB,20GP,Yantian,Manzanillo,1,"$61,503.23",61503.23,8932.37,,2365.9,2689.2,8.82,8479500100,70638.86,70695.02,11311.2,239345.05,3692.82,26511.34,0.0,0.0,20.0159,,,China
IMP-2024-0259,PO-202407-028,INV-1001-202407-0005,SUP-1001,SKU-114,07/21/2024,10/25/2024,11/24/2024,11/24/2024,11/26/2024,11/29/2024,Yang Ming Marine Transport,ONE APUS 456E,FOB,40HC,Yantian,Manzanillo,2,63663.97,"$127,327.94",7236.0,,26212.4,30033.5,53.79,8477100100,135089.68,270394.15,21631.53,479354.75,5750.96,31031.0,,0.0,20.0159,0,No issues found on inspection,China
IMP-2024-0260,PO-202407-029,INV-1005-202407-0001,SUP-1005,SKU-139,2024-07-23,2024-08-29,2024-09-26,2024-09-26,2024-10-04,2024-10-06,MSC,MSC PALOMA 530E,CIF,20GP,Shekou,Lázaro Cárdenas,1,"21.385,26",21385.26,0.0,68.34,1033.8,1186.8,9.84,8428330100,21453.6,41570.86,3325.67,73696.81,6582.55,33691.23,0.0,0.0,19.3771,,,China
IMP-2024-0261,PO-202407-030,INV-1011-202407-0004,SUP-1011,SKU-136,2024-07-24,2024-09-17,2024-10-23,2024-10-23,2024-11-01,2024-11-03,Yang Ming Marine Transport,COSCO ARIES 629E,EXW,20GP,Shanghai,Manzanillo,3,"19,117.19","$57,351.57",,,5031.3,5784.1,17.42,8480710100,65402.45,64764.12,10362.26,219265.41,7576.18,39159.45,0.0,0.0,19.8048,1,Etiqueta de seguridad desprendida,China
IMP-2024-0262,PO-202407-031,INV-1001-202407-0006,SUP-1001,SKU-121,24/07/2024,25/10/2024,25/11/2024,25/11/2024,30/11/2024,04/12/2024,MSC,MSC ANZU 786E,FOB,20GP,Yantian,Manzanillo,3,"$63,337.10","$190,011.30",9868.67,931.08,7097.7,8044.4,23.52,8479500100,200811.05,"MXN 200,970.69",32155.31,680406.38,5807.14,36909.68,0.0,0.0,20.0159,0,Sin observaciones durante la inspección,China
IMP-2024-0263,PO-202407-032,INV-1014-202407-0005,SUP-1014,SKU-124,2024-07-24,2024-10-05,2024-11-09,2024-12-13,2024-12-18,2024-12-22,ocean network express,ONE APUS 588W,FOB,20GP,Nantong,Manzanillo,4,7263.87,29055.48,6330.4,124.06,2284.8,2638.4,20.1,8414809900,35509.94,108896.38,5807.81,134508.81,4206.86,48331.13,0.0,0.0,20.4443,0,No issues found on inspection,China
IMP-2024-0264,PO-202407-033,INV-1005-202407-0002,SUP-1099,SKU-116,2024-07-25,2024-10-10,2024-11-12,2024-11-12,2024-11-15,2024-11-17,Evergreen Marine,COSCO ARIES 333E,CIF,20GP,Shekou,Manzanillo,2,85070.89,170141.78,0.0,,12842.8,14703.8,21.02,8477100100,170755.7,341782.9,27342.63,605912.73,5574.64,30346.53,0.0,0.0,20.0159,,,China
IMP-2024-0265,PO-202407-034,INV-1007-202407-0007,SUP-1007,SKU-132,2024-07-26,2024-10-12,2024-11-10,2024-11-10,2024-11-15,2024-11-17,Evergreen Marine,COSCO ARIES 741E,FOB,40GP,Ningbo-Zhoushan,Manzanillo,1,28572.19,28572.19,,,14439.6,15777.3,12.69,8462910100,36948.4,73955.55,5916.44,131108.4,8920.98,25836.17,0.0,0.0,20.0159,,,China
IMP-2024-0266,PO-202407-035,INV-1009-202407-0002,SUP-1009,SKU-131,2024-07-26,2024-10-04,2024-10-31,2024-10-31,2024-11-03,2024-11-04,Maersk,MSC ANZU 800W,CIF,40HC,Ningbo-Zhoushan,Manzanillo,4,77155.79,"$308,623.16",0.0,1377.41,90310.8,98889.0,101.09,8462910100,310000.57,613949.93,49115.99,1088410.43,4694.58,39104.88,,0.0,19.8048,,,China
IMP-2024-0267,PO-202407-036,INV-1010-202407-0002,SUP-1010,SKU-112,07/26/2024,10/09/2024,11/12/2024,11/12/2024,11/16/2024,11/19/2024,Hapag-Lloyd,EVER LIBRA 140E,CIF,20GP,Taizhou,Manzanillo,2,69988.22,"$139,976.44",0.0,709.91,4287.2,4835.1,14.26,8456110100,140686.35,281596.39,22527.71,499214.08,7212.29,31956.77,0.0,0.0,20.0159,0,No issues found on inspection,China
IMP-2024-0268,PO-202407-037,INV-1014-202407-0006,SUP-1014,SKU-122,2024-07-27,2024-11-03,2024-12-02,2024-12-02,2024-12-04,2024-12-08,MSC,COSCO VEGA 508E,FOB,20GP,Nantong,Manzanillo,2,24600.60,49201.20,7949.09,183.16,2588.4,2902.1,8.82,8414809900,57333.45,175821.34,9377.14,217174.52,7057.23,32753.1,,0.0,20.4443,,Calibration certificate missing,China
IMP-2024-0269,PO-202407-038,INV-1013-202407-0003,SUP-1013,SKU-140,2024-07-28,2024-10-16,2024-11-19,2024-11-19,2024-11-21,2024-11-22,COSCO Shipping Lines,HAPAG BERLIN EXPRESS 507E,FOB,20GP,Shanghai,"Manzanillo, Colima",1,27123.11,27123.11,,108.65,1777.7,2022.6,3.41,8515310100,35100.46,105385.09,5620.54,130171.67,5395.99,17140.2,0.0,,20.0159,2,Faltó el manual en español,China
IMP-2024-0270,PO-202407-039,INV-1012-202407-0002,SUP-1012,SKU-142,07/27/2024,09/24/2024,10/24/2024,10/22/2024,10/27/2024,10/31/2024,Hapag-Lloyd,EVER LIBRA 122E,FOB,20GP,Shanghai,,1,"6,877.69",6877.69,6060.96,25.27,1186.9,1316.7,3.46,8515310100,12963.92,38512.18,2053.98,47570.24,6696.12,24448.32,0.0,0.0,19.8048,,,China
IMP-2024-0271,PO-202408-001,INV-1013-202408-0001,SUP-1013,SKU-120,2024-08-01,2024-10-18,2024-11-21,2024-11-21,2024-11-27,2024-12-01,Ocean Network Express,COSCO ARIES 758W,FOB,20GP,Shanghai,Manzanillo,1,"60,066.78",60066.78,5389.25,,2182.8,2474.4,2.88,8479500100,65713.59,65765.83,10522.53,222656.8,6985.23,19187.33,0.0,0.0,20.0159,,,China
IMP-2024-0272,PO-202408-002,INV-1003-202408-0001,SUP-1003,SKU-113,45505,45592,45627,45627,45631,45632,Maersk,MAERSK ESSEX 755W,FOB,40GP,Nansha,Lázaro Cárdenas,6,63516.78,"$381,100.68",6501.47,,19174.2,20786.9,111.5,8456110100,388829.87,"MXN 794,935.45",63594.84,1409261.57,4327.19,104487.55,0.0,0.0,20.4443,,Sin observaciones durante la inspección,China
IMP-2024-0273,PO-202408-003,INV-1002-202408-0001,SUP-1002,SKU-106,01/08/2024,08/10/2024,,05/11/2024,23/11/2024,26/11/2024,Maersk,MAERSK COLUMBUS 633E,EXW,40GP,Shekou,Manzanillo,3,"91,667.26","$275,001.78",9779.54,0.0,39981.9,44863.1,48.98,8458110100,284781.32,570015.44,45601.24,1010523.38,6080.82,42737.3,,10067.71,20.0159,,,China
IMP-2024-0274,PO-202408-004,INV-1013-202408-0002,SUP-1013,SKU-128,01/08/2024,04/10/2024,18/11/2024,18/11/2024,28/11/2024,,Evergreen Marine,MAERSK ESSEX 740W,CIF,20GP,Shanghai,Veracruz,2,49813.59,99627.18,0.0,447.9,10305.6,11200.5,23.72,8422309900,100075.08,200309.28,16024.74,355108.29,6650.14,73951.99,,0.0,20.0159,3,Óxido superficial en la carcasa,China
IMP-2024-0275,PO-202408-005,INV-1006-202408-0001,SUP-1006,SKU-119,2024-08-02,2024-10-23,2024-11-30,2024-11-30,2024-12-08,2024-12-10,Maersk,YM WELLNESS 653W,FOB,20GP,Ningbo-Zhoushan,Veracruz,1,49622.20,49622.20,10549.73,239.11,2488.3,2816.9,3.66,8479500100,60411.04,"MXN 60,459.07",9673.45,204690.22,8068.14,58091.06,0.0,0.0,20.0159,0,No issues found on inspection,China
IMP-2024-0276,PO-202408-006,INV-1011-202408-0001,SUP-1011,SKU-136,2024-08-02,2024-09-27,2024-10-30,2024-10-30,2024-11-11,2024-11-12,Yang Ming Marine Transport,MAERSK COLUMBUS 557E,FOB,20GP,Shanghai,Lázaro Cárdenas,1,18311.01,18311.01,5789.49,,1677.1,1926.0,6.08,8480710100,24191.12,23955.01,3832.8,81102.1,9067.65,39248.14,0.0,0.0,19.8048,,,China
IMP-2024-0277,PO-202408-007,INV-1010-202408-0001,SUP-1010,SKU-120,08/03/2024,11/04/2024,12/02/2024,12/02/2024,12/05/2024,12/08/2024,COSCO Shipping Lines,MSC ANZU 399W,FOB,20GP,Taizhou,Manzanillo,2,59808.03,"$119,616.06",7263.93,700.14,4365.6,4786.0,5.9,8479500100,127580.13,130414.32,20866.29,441530.73,4928.79,27297.01,0.0,0.0,20.4443,,,China
IMP-2024-0278,PO-202408-008,INV-1003-202408-0002,SUP-1003,SKU-123,2024-08-03,2024-10-24,2024-11-26,2024-11-26,2024-12-05,2024-12-09,COSCO Shipping Lines,HAPAG BERLIN EXPRESS 536E,FOB,20GP,Nansha,Manzanillo,1,"18,029.79",18029.79,9033.81,103.05,1535.9,1758.4,6.74,8414.80.99.00,27166.65,81564.74,4350.12,100748.77,3933.86,25347.55,,0.0,20.0159,,,China
IMP-2024-0279,PO-202408-009,INV-1007-202408-0001,SUP-1007,SKU-129,2024-08-07,2024-10-24,2024-12-07,2024-12-07,2024-12-16,2024-12-18,MSC,YM WELLNESS 681W,FOB,40GP,Ningbo-Zhoushan,Veracruz,1,38735.53,38735.53,,,7772.0,8977.8,17.15,8422309900,46442.51,94948.46,7595.88,168324.63,3513.79,46704.19,0.0,0.0,20.4443,,Control panel door misaligned,China
IMP-2024-0280,PO-202408-010,INV-1014-202408-0001,SUP-1014,SKU-134,08/07/2024,09/17/2024,10/18/2024,10/18/2024,10/24/2024,10/27/2024,MSC,COSCO ARIES 367E,CIF,20GP,Nantong,Manzanillo,4,7610.13,30440.52,,,5594.0,6144.9,17.37,8480710100,30569.25,30270.89,4843.34,102485.14,7175.95,45401.23,0.0,0.0,19.8048,,Etiqueta de seguridad desprendida,China
IMP-2024-0281,PO-202408-011,INV-1007-202408-0002,SUP-1007,SKU-141,08/08/2024,10/08/2024,11/10/2024,11/22/2024,11/25/2024,11/29/2024,Hapag-Lloyd,YM WELLNESS 793W,FOB,20GP,Ningbo-Zhoushan,Manzanillo,4,27987.42,111949.68,8977.71,608.5,7582.4,8596.1,16.72,8515310100,121535.89,364897.53,19461.2,450721.43,5175.85,51032.93,,0.0,20.0159,,,China
IMP-2024-0282,PO-202408-012,INV-1011-202408-0002,SUP-1011,SKU-118,08-08-2024,18-10-2024,24-11-2024,24-11-2024,29-11-2024,01-12-2024,MSC,COSCO ARIES 203E,FOB,40GP,Shanghai,Manzanillo,4,"$29,167.19",116668.76,6757.74,,26691.2,29822.4,49.98,8477100100,123879.36,"MXN 247,955.69",19836.46,439575.84,4332.82,53289.13,0.0,,20.0159,,,China
IMP-2024-0283,PO-202408-013,INV-1011-202408-0003,SUP-1011,SKU-135,08/09/2024,10/13/2024,11/11/2024,11/11/2024,11/15/2024,11/18/2024,MSC,YM WELLNESS 384E,CIF,20GP,Shanghai,Manzanillo,2,3930.65,7861.30,0.0,,3776.6,4117.5,8.97,8480710100,7895.02,7901.3,1264.21,26750.63,5807.03,31619.85,0.0,0.0,20.0159,,,China
IMP-2024-0284,PO-202408-014,INV-1008-202408-0001,SUP-1008,SKU-112,09/08/2024,12/10/2024,11/11/2024,11/11/2024,14/11/2024,16/11/2024,COSCO Shipping Lines,EVER LIBRA 500E,FOB,20GP,Wenzhou,Manzanillo,1,72624.10,72624.10,8749.16,245.07,2143.6,2384.6,7.8,8456110100,81618.33,163366.43,13069.31,289616.01,5195.94,19274.8,0.0,,20.0159,,,China
IMP-2024-0285,PO-202408-015,INV-1012-202408-0001,SUP-1012,SKU-142,08/10/2024,10/15/2024,11/19/2024,11/19/2024,11/21/2024,11/25/2024,Ocean Network Express,YM WELLNESS 860E,FOB,20GP,Shanghai,Manzanillo,1,6774.77,"$6,774.77",6453.8,,1186.9,1352.7,3.39,8515310100,13250.2,"MXN 39,782.20",2121.72,49138.98,8682.66,17509.27,0.0,0.0,20.0159,,,China
IMP-2024-0286,PO-202408-016,INV-1014-202408-0002,SUP-1014,SKU-105,13/08/2024,18/10/2024,22/11/2024,26/12/2024,30/12/2024,,Hapag-Lloyd,COSCO VEGA 632W,FOB,40GP,Nantong,Manzanillo,3,153349.86,"$460,049.58",8696.03,1577.17,42701.7,49155.7,44.01,8457100100,470322.78,961542.0,76923.36,1704621.66,9078.19,32740.7,0.0,0.0,20.4443,,,China
IMP-2024-0287,PO-202408-017,INV-1003-202408-0003,SUP-1003,SKU-133,2024-08-14,2024-10-18,2024-11-21,2024-11-21,2024-12-07,2024-12-10,Ocean Network Express,MSC ANZU 484W,FOB,40HC,Nansha,Manzanillo,1,"97,823.37",97823.37,7362.18,443.58,20272.3,22323.1,31.37,8462910100,105629.13,211426.21,16914.1,374816.39,5029.13,19017.18,0.0,8039.76,20.0159,,,China
IMP-2024-0288,PO-202408-018,INV-1013-202408-0003,SUP-1013,SKU-109,2024-08-14,2024-09-17,2024-10-14,2024-10-14,2024-10-20,2024-10-21,Evergreen Marine,YM WELLNESS 897E,FOB,20GP,Shanghai,Manzanillo,3,82881.95,"$248,645.85",9104.02,,40221.6,45941.3,35.87,8458110100,258879.97,512706.6,41016.53,908926.27,8419.77,30568.6,0.0,0.0,19.8048,,,China
IMP-2024-0289,PO-202408-019,INV-1003-202408-0004,SUP-1003,SKU-113,14/08/2024,06/11/2024,11/12/2024,11/12/2024,14/12/2024,15/12/2024,COSCO Shipping Lines,HAPAG BERLIN EXPRESS 706E,FOB,40GP,Nansha,Manzanillo,1,59409.56,"$59,409.56",7079.32,,3195.7,3629.4,17.11,8456110100,66668.48,136299.04,10903.92,241630.94,3799.54,20717.12,0.0,0.0,20.4443,,,China
IMP-2024-0290,PO-202408-020,INV-1011-202408-0004,SUP-1011,SKU-135,08/15/2024,10/04/2024,11/10/2024,11/10/2024,11/21/2024,11/22/2024,Maersk,ONE APUS 546E,FOB,20GP,Shanghai,Manzanillo,1,"4,266.51",4266.51,6762.72,22.47,1888.3,2056.0,4.36,8480710100,11051.7,11060.49,1769.68,37446.38,6609.96,20028.43,0.0,0.0,20.0159,0,Sin observaciones durante la inspección,China
IMP-2024-0291,PO-202408-021,INV-1002-202408-0002,SUP-1002,SKU-106,2024-08-15,2024-10-29,2024-12-05,2024-12-05,2024-12-12,2024-12-15,Maersk,HAPAG BERLIN EXPRESS 586W,DDP,40GP,"Shekou, CN",Manzanillo,1,"88,787.78","$88,787.78",8906.34,303.96,13327.3,15205.3,16.66,8458110100,97998.08,200350.21,16028.02,355180.86,8629.83,23205.33,0.0,0.0,20.4443,0,Sin observaciones durante la inspección,China
IMP-2024-0292,PO-202408-022,INV-1013-202408-0004,SUP-1013,SKU-109,16/08/2024,20/09/2024,17/10/2024,,08/11/2024,09/11/2024,Evergreen Marine,ONE APUS 205W,FOB,40GP,Shanghai,Manzanillo,2,84228.96,"$168,457.92",9053.41,702.29,26814.4,30300.3,26.33,8458110100,178213.62,356710.6,28536.85,632376.55,7423.83,32808.49,,0.0,20.0159,,,China
IMP-2024-0293,PO-202408-023,INV-1008-202408-0002,SUP-1008,SKU-128,08/17/2024,11/03/2024,12/03/2024,12/03/2024,12/06/2024,12/09/2024,Maersk,MAERSK ESSEX 896W,FOB,20GP,Wenzhou,Manzanillo,4,"$54,687.51","$218,750.04",8537.81,1293.7,20611.2,23223.0,44.78,8422309900,228581.55,"MXN 467,318.98",37385.52,828463.08,7293.88,43799.76,0.0,0.0,20.4443,,,China
IMP-2024-0294,PO-202408-024,INV-1014-202408-0003,SUP-1014,SKU-134,2024-08-18,2024-10-02,2024-10-29,2024-10-29,2024-11-01,2024-11-05,Yang Ming Marine Transport,EVER LIBRA 368E,FOB,20GP,Nantong,Manzanillo,1,7635.40,7635.40,8455.77,30.62,1398.5,1548.8,4.25,8480710100,16121.79,15964.44,2554.31,54049.21,5543.36,18492.46,0.0,0.0,19.8048,,,China
IMP-2024-0295,PO-202408-025,INV-1008-202408-0003,SUP-1008,SKU-112,08/20/2024,10/22/2024,11/17/2024,11/21/2024,11/21/2024,11/24/2024,Yang Ming Marine Transport,COSCO ARIES 861E,DDP,20GP,Wenzhou,Lázaro Cárdenas,3,"69,692.44",209077.32,5530.29,824.69,6430.8,7412.0,21.61,8456110100,215432.3,431207.14,34496.57,764444.01,7225.55,54409.72,0.0,,20.0159,,,China
IMP-2024-0296,PO-202408-026,INV-1001-202408-0001,SUP-1001,SKU-123,2024-08-20,2024-11-10,2024-12-12,2024-12-12,2024-12-19,2024-12-23,Ocean Network Express,MSC ANZU 770W,FOB,20GP,Yantian,Manzanillo,1,"19.282,87",19282.87,8937.77,,1535.9,1775.9,7.45,8414809900,28293.47,86766.03,4627.52,107173.4,7814.24,17363.85,0.0,0.0,20.4443,0,Sin observaciones durante la inspección,China
IMP-2024-0297,PO-202408-027,INV-1014-202408-0004,SUP-1014,SKU-104,45525,45598,45625,45625,45627,45629,Yang Ming Marine Transport,COSCO VEGA 761E,CIF,40HC,Nantong,Manzanillo,2,"$160,152.12","$320,304.24",0.0,,17273.4,19757.0,55.43,8457100100,321702.97,"MXN 643,917.45",51513.4,1141536.85,8741.36,27443.53,0.0,0.0,20.0159,,,China
IMP-2024-0298,PO-202408-028,INV-1011-202408-0005,SUP-1011,SKU-115,08/21/2024,11/02/2024,12/08/2024,12/08/2024,12/16/2024,12/18/2024,Maersk,MAERSK ESSEX 832W,FOB,40GP,Shanghai,Manzanillo,1,42619.10,"$42,619.10",6711.19,,4563.0,5090.4,19.35,8477100100,49564.82,101331.8,8106.54,179641.02,7007.46,19177.44,0.0,0.0,20.4443,,Fuga de aceite hidráulico,China
IMP-2024-0299,PO-202408-029,INV-1010-202408-0002,SUP-1010,SKU-115,2024-08-22,2024-10-23,2024-11-23,2024-11-23,2024-12-01,2024-12-03,MSC,EVER LIBRA 791E,FOB,40GP,Taizhou,,2,42524.97,85049.94,,,9126.0,10371.9,39.06,8477100100,91529.46,"MXN 183,204.45",14656.36,324784.85,8119.55,23251.75,0.0,0.0,20.0159,,,China
IMP-2024-0300,PO-202408-030,INV-1005-202408-0001,SUP-1005,SKU-138,08/22/2024,10/22/2024,11/27/2024,11/27/2024,12/04/2024,11/30/2024,Yang Ming Marine Transport,COSCO ARIES 865E,CIF,40GP,Shekou,Manzanillo,2,"$11,018.99",22037.98,0.0,122.79,10507.4,11662.8,24.61,8428330100,22160.77,44356.78,3548.54,78635.69,3639.2,24572.46,0.0,0.0,20.0159,,,China
IMP-2024-0301,PO-202408-031,INV-1001-202408-0002,SUP-1001,SKU-111,23/08/2024,05/10/2024,03/11/2024,03/11/2024,10/11/2024,14/11/2024,Yang Ming Marine Transport,ONE APUS 438W,CIF,40GP,Yantian,"LÁZARO CÁRDENAS, MICH",4,42770.17,"$171,080.68",0.0,,7424.0,8354.6,63.17,8456110100,171959.91,"MXN 344,193.24",27535.46,610185.77,6536.46,64368.62,0.0,0.0,20.0159,,,China
IMP-2024-0302,PO-202408-032,INV-1010-202408-0003,SUP-1010,SKU-110,2024-08-23,2024-10-26,2024-11-30,2024-11-30,2024-12-07,2024-12-08,COSCO Shipping Lines,ONE APUS 515E,FOB,20GP,Taizhou,Manzanillo,1,20160.26,20160.26,8149.64,117.42,4689.9,5068.0,11.31,8456110100,28427.32,56899.84,4551.99,100872.04,6843.25,20164.37,0.0,0.0,20.0159,,,China
IMP-2024-0303,PO-202408-033,INV-1012-202408-0002,SUP-1012,SKU-126,24/08/2024,14/11/2024,18/12/2024,21/01/2025,29/01/2025,02/02/2025,Maersk,EVER LIBRA 777W,FOB,40GP,Shanghai,Veracruz,3,"$28,782.75",86348.25,8267.95,,18692.4,21485.4,36.89,8422309900,95061.62,193798.32,15503.87,343565.67,6136.14,81756.53,0.0,,20.3866,,,China
IMP-2024-0304,PO-202408-034,INV-1014-202408-0005,SUP-1014,SKU-104,08/24/2024,10/20/2024,12/04/2024,12/04/2024,12/07/2024,12/08/2024,MSC,YM WELLNESS 886E,FOB,40HC,Nantong,Veracruz,2,145147.10,290294.20,10284.27,1429.78,17273.4,19570.2,58.88,8457100100,302008.25,617434.73,49394.78,1094588.28,6999.95,80470.12,0.0,0.0,20.4443,,,China
IMP-2024-0305,PO-202408-035,INV-1003-202408-0005,SUP-1003,SKU-123,2024-08-25,2024-11-13,2024-12-10,2025-01-13,2025-01-19,2025-01-20,Hapag-Lloyd,COSCO ARIES 784E,FOB,20GP,Nansha,Lázaro Cárdenas,1,17698.72,17698.72,,,1535.9,1699.8,7.15,8414809900,23745.64,72613.93,3872.74,89692.73,8082.37,35357.93,6318.2,,20.3866,,,China
IMP-2024-0306,PO-202408-036,INV-1014-202408-0006,SUP-1014,SKU-134,25/08/2024,06/10/2024,02/11/2024,02/11/2024,11/11/2024,13/11/2024,COSCO Shipping Lines,HAPAG BERLIN EXPRESS 800W,FOB,20GP,Nantong,Manzanillo,1,6837.33,"$6,837.33",7563.85,38.34,1398.5,1581.7,4.45,8480710100,14439.52,14451.0,2312.16,48925.3,5274.57,26473.14,0.0,0.0,20.0159,0,Sin observaciones durante la inspección,China
IMP-2024-0307,PO-202408-037,INV-1004-202408-0001,SUP-1004,SKU-124,2024-08-25,2024-11-06,2024-12-10,2024-12-10,2024-12-16,2024-12-18,Yang Ming Marine Transport,ONE APUS 226E,EXW,20GP,Yantian,Manzanillo,3,"7.883,01","$23,649.03",9390.75,,1713.6,1866.0,16.28,8414809900,33039.78,101321.28,5403.8,125152.04,5722.29,43132.19,0.0,0.0,20.4443,,,China
IMP-2024-0308,PO-202408-038,INV-1005-202408-0002,SUP-1005,SKU-139,2024-08-30,2024-10-01,2024-11-04,2024-11-04,2024-11-09,2024-11-12,Ocean Network Express,MAERSK COLUMBUS 840E,FOB,20GP,Shekou,Manzanillo,1,21397.87,21397.87,6038.68,126.26,1033.8,1126.6,9.1,8428330100,27562.81,55169.44,4413.56,97804.39,6723.03,20012.19,0.0,0.0,20.0159,,,China
IMP-2024-0309,PO-202408-039,INV-1002-202408-0003,SUP-1002,SKU-124,2024-08-28,2024-11-14,2024-12-21,2024-12-21,2024-12-24,2024-12-26,Yang Ming Marine Transport,HAPAG BERLIN EXPRESS 819E,CIF,40'GP,Shekou,Manzanillo,3,7445.22,"$22,335.66",,103.46,1713.6,1977.7,15.57,8414809900,22439.12,"MXN 68,812.82",3670.02,84997.59,5471.92,28918.12,0.0,0.0,20.4443,0,No issues found on inspection,China
IMP-2024-0310,PO-202409-001,INV-1002-202409-0001,SUP-1002,SKU-120,03/09/2024,17/12/2024,15/01/2025,27/01/2025,02/02/2025,03/02/2025,Maersk,YM WELLNESS 889E,FOB,20GP,Shekou,Lázaro Cárdenas,1,58236.73,58236.73,6085.23,212.69,2182.8,2507.6,2.91,8479500100,64534.65,65782.1,10525.14,222711.89,5110.51,31261.45,33375.34,0.0,20.3866,,,China
IMP-2024-0311,PO-202409-002,INV-1002-202409-0002,SUP-1002,SKU-124,2024-09-03,2024-12-04,2025-01-11,2025-01-11,2025-01-18,2025-01-22,MSC,COSCO ARIES 687W,FOB,20GP,Shekou,Manzanillo,1,7665.43,"$7,665.43",6488.91,28.82,571.2,656.0,5.41,8414809900,14183.16,43371.96,2313.17,53573.05,3772.72,25655.22,0.0,0.0,20.3866,,,China
IMP-2024-0312,PO-202409-003,INV-1009-202409-0001,SUP-1009,SKU-131,2024-09-04,2024-11-20,2024-12-27,2024-12-27,2025-01-01,2025-01-03,Yang Ming Marine Transport,MSC ANZU 820E,CIF,40HC,Ningbo-Zhoushan,Manzanillo,1,"80,121.10","$80,121.10",0.0,278.8,22577.7,24737.0,26.77,8462910100,80399.9,164371.97,13149.76,291398.62,7674.31,18047.68,0.0,,20.4443,,,China
IMP-2024-0313,PO-202409-004,INV-1011-202409-0001,SUP-1011,SKU-127,2024-09-05,2024-12-09,2025-01-09,2025-01-09,2025-01-24,2025-01-27,MSC,ONE APUS 672E,FOB,40GP,Shanghai,Manzanillo,1,52821.62,52821.62,6621.61,216.69,3825.5,4142.7,20.14,8422309900,59659.92,121626.29,9730.1,215619.09,4625.77,19396.6,0.0,,20.3866,0,Sin observaciones durante la inspección,China
IMP-2024-0314,PO-202409-005,INV-1007-202409-0001,SUP-1007,SKU-130,2024-09-06,2024-11-14,2024-12-20,2025-01-07,2025-01-22,2025-01-23,COSCO Shipping Lines,ONE APUS 206E,EXW,40HC,Ningbo-Zhoushan,Manzanillo,2,86622.94,173245.88,8702.12,0.0,45598.0,52744.1,63.37,8462910100,181948.0,"MXN 370,930.11",29674.41,657584.9,8134.98,29117.76,38109.57,,20.3866,,,China
IMP-2024-0315,PO-202409-006,INV-1014-202409-0001,SUP-1014,SKU-134,07/09/2024,01/11/2024,30/11/2024,08/12/2024,13/12/2024,17/12/2024,Maersk,COSCO ARIES 807E,FOB,20GP,Nantong,Lázaro Cárdenas,1,"$6,950.46",6950.46,5572.77,28.71,1398.5,1556.3,4.33,8480710100,12551.94,12830.78,2052.93,43439.89,3700.33,30095.16,,0.0,20.4443,0,No issues found on inspection,China
IMP-2024-0316,PO-202409-007,INV-1010-202409-0001,SUP-1010,SKU-114,2024-09-08,2024-12-08,2025-01-12,2025-01-12,2025-01-16,2025-01-17,Hapag-Lloyd,COSCO ARIES 152W,FOB,40HC,Taizhou,Lázaro Cárdenas,1,70406.00,70406.00,8982.21,,13106.2,15079.7,28.36,8477100100,79634.78,162348.24,12987.86,287810.96,5358.19,33414.9,0.0,0.0,20.3866,0,No issues found on inspection,China
IMP-2024-0317,PO-202409-008,INV-1014-202409-0002,SUP-1014,SKU-105,2024-09-08,2024-11-10,2024-12-14,2024-12-14,2024-12-18,2024-12-20,Yang Ming Marine Transport,MAERSK COLUMBUS 285W,FOB,40GP,Nantong,Manzanillo,6,166772.77,1000636.62,9129.78,4291.36,85403.4,94705.3,82.15,8457100100,1014057.76,2073170.11,165853.61,3675315.96,8254.29,57499.27,,,20.4443,,,China
IMP-2024-0318,PO-202409-009,INV-1012-202409-0001,SUP-1012,SKU-110,2024-09-08,2024-11-14,2024-12-14,2024-12-14,2024-12-16,2024-12-18,COSCO Shipping Lines,HAPAG BERLIN EXPRESS 253W,FOB,20GP,Shanghai,Manzanillo,1,"108,163.37","$108,163.37",8311.36,388.29,11219.2,12682.2,11.44,8458110100,116863.02,238918.26,19113.46,423554.3,8433.85,21263.52,0.0,0.0,20.4443,,,China
IMP-2024-0319,PO-202409-010,INV-1007-202409-0002,SUP-1007,SKU-128,2024-09-09,2024-12-04,2025-01-05,2025-01-05,2025-01-10,2025-01-13,Maersk,MSC ANZU 588E,FOB,20GP,Ningbo-Zhoushan,Manzanillo,1,"54,745.92",54745.92,7612.25,,5152.8,5747.0,11.86,8422309900,62525.6,127468.44,10197.48,225976.05,8736.67,26683.83,0.0,,20.3866,,,China
IMP-2024-0320,PO-202409-011,INV-1014-202409-0003,SUP-1014,SKU-105,45544,45623,45658,45658,45664,45668,Yang Ming Marine Transport,EVER LIBRA 644E,CIF,40GP,Nantong,Manzanillo,4,155287.00,621148.00,0.0,,56935.6,62457.7,61.14,8457100100,623065.82,1270219.36,101617.55,2251844.89,8137.41,44040.33,0.0,0.0,20.3866,,,China
IMP-2024-0321,PO-202409-012,INV-1001-202409-0001,SUP-1001,SKU-129,09/10/2024,12/10/2024,01/11/2025,01/11/2025,01/22/2025,01/24/2025,Ocean Network Express,YM WELLNESS 409W,CIF,40GP,Yantian,Manzanillo,6,39848.14,239088.84,0.0,880.28,46632.0,53454.8,107.07,8422309900,239969.12,489215.45,39137.24,867281.14,5125.1,73840.38,0.0,11605.81,20.3866,,,China
IMP-2024-0322,PO-202409-013,INV-1009-202409-0002,SUP-1009,SKU-131,2024-09-10,2024-11-23,2024-12-31,2025-01-18,2025-02-08,2025-02-10,Evergreen Marine,COSCO VEGA 826E,FOB,40HC,Ningbo-Zhoushan,Manzanillo,3,"72,194.68","$216,584.04",6877.45,1233.47,67733.1,77649.3,73.55,8462910100,224694.96,458076.63,36646.13,812078.24,5922.2,43232.51,34814.0,10583.82,20.3866,,,China
IMP-2024-0323,PO-202409-014,INV-1014-202409-0004,SUP-1014,SKU-122,2024-09-10,2024-12-30,2025-01-27,2025-01-27,2025-02-07,2025-02-10,Hapag-Lloyd,EVER LIBRA 347W,DDP,20GP,Nantong,Manzanillo,3,24760.15,"$74,280.45",8396.45,319.07,3882.6,4361.1,13.26,8414809900,82995.97,253800.85,13536.05,313494.81,7513.28,45114.91,0.0,11355.57,20.3866,0,Sin observaciones durante la inspección,China
IMP-2024-0324,PO-202409-015,INV-1014-202409-0005,SUP-1014,SKU-116,11/09/2024,19/12/2024,22/01/2025,22/01/2025,25/01/2025,27/01/2025,Evergreen Marine,YM WELLNESS 659W,FOB,20GP,"Nantong, CN",Lázaro Cárdenas,1,80553.65,80553.65,5647.71,,6421.4,7424.2,10.23,8477100100,86501.6,176347.35,14107.79,312628.59,3572.34,32465.61,0.0,,20.3866,0,No issues found on inspection,China
IMP-2024-0325,PO-202409-016,INV-1007-202409-0003,SUP-1007,SKU-130,12/09/2024,27/11/2024,24/12/2024,24/12/2024,08/01/2025,10/01/2025,Ocean Network Express,HAPAG BERLIN EXPRESS 304E,FOB,40HC,Ningbo-Zhoushan,Manzanillo,1,82525.71,"$82,525.71",5257.02,485.52,22799.0,25746.2,31.19,8462910100,88268.25,180458.26,14436.66,319916.4,4431.46,17041.08,0.0,0.0,20.4443,0,No issues found on inspection,China
IMP-2024-0326,PO-202409-017,INV-1010-202409-0002,SUP-1010,SKU-110,09/12/2024,11/03/2024,12/02/2024,12/28/2024,,01/06/2025,Evergreen Marine,EVER LIBRA 256W,FOB,20GP,Taizhou,Manzanillo,4,19176.43,"$76,705.72",6467.53,,18759.6,21139.8,42.31,8456110100,83616.09,170947.24,13675.78,303055.27,3930.81,51358.84,0.0,0.0,20.4443,0,No issues found on inspection,China
IMP-2024-0327,PO-202409-018,INV-1014-202409-0006,SUP-1014,SKU-134,14/09/2024,16/11/2024,17/12/2024,17/12/2024,24/12/2024,28/12/2024,COSCO Shipping Lines,EVER LIBRA 161W,CIF,20GP,Nantong,Manzanillo,2,"7,147.39",14294.78,0.0,,2797.0,3204.3,8.38,8480710100,14376.2,14695.57,2351.29,49753.31,5453.76,32177.37,0.0,0.0,20.4443,,,China
IMP-2024-0328,PO-202409-019,INV-1014-202409-0007,SUP-1014,SKU-136,2024-09-14,2024-11-09,2024-12-13,2025-01-16,2025-01-22,2025-01-24,cosco shipping lines,COSCO VEGA 518E,FOB,20GP,Nantong,Manzanillo,6,19835.56,119013.36,6913.28,486.1,10062.6,10901.6,33.03,8480710100,126412.74,128856.3,20617.01,436255.88,3529.35,53300.87,34576.98,0.0,20.3866,,,China
IMP-2024-0329,PO-202409-020,INV-1001-202409-0002,SUP-1001,SKU-111,14/09/2024,08/11/2024,20/12/2024,20/12/2024,28/12/2024,31/12/2024,COSCO Shipping Lines,YM WELLNESS 551W,FOB,40GP,Yantian,Veracruz,3,43875.75,131627.25,,,5568.0,6145.9,44.9,8456110100,142114.74,290543.64,23243.49,515075.76,7947.74,81113.04,0.0,0.0,20.4443,,,China
IMP-2024-0330,PO-202409-021,INV-1007-202409-0004,SUP-1007,SKU-128,2024-09-15,2024-12-11,2025-01-11,2025-01-11,2025-01-16,2025-01-20,Maersk,COSCO ARIES 552W,CIF,20GP,Ningbo-Zhoushan,Manzanillo,3,52987.05,158961.15,0.0,,15458.4,17848.6,32.99,8422309900,159653.61,325479.43,26038.35,577009.93,8041.61,37318.37,0.0,0.0,20.3866,,,China
IMP-2024-0331,PO-202409-022,INV-1007-202409-0005,SUP-1007,SKU-114,15/09/2024,23/12/2024,24/01/2025,24/01/2025,28/01/2025,31/01/2025,Yang Ming Marine Transport,MAERSK COLUMBUS 280E,FOB,40HC,Ningbo-Zhoushan,Manzanillo,2,"63.653,11",127306.22,6277.05,402.31,26212.4,30130.4,57.33,8477100100,133985.58,"MXN 273,151.04",21852.08,484242.17,5297.02,34882.35,0.0,0.0,20.3866,,,China
IMP-2024-0332,PO-202409-023,INV-1012-202409-0002,SUP-1012,SKU-104,15/09/2024,03/12/2024,11/01/2025,11/01/2025,13/01/2025,14/01/2025,ocean network express,EVER LIBRA 698W,CIF,40HC,Shanghai,Manzanillo,4,142653.90,"$570,615.60",0.0,3137.63,34546.8,38267.7,111.16,8457100100,573753.23,1169687.76,93575.02,2073622.46,3581.69,54580.34,0.0,0.0,20.3866,0,No issues found on inspection,China
IMP-2024-0333,PO-202409-024,INV-1001-202409-0003,SUP-1001,SKU-114,2024-09-16,2024-12-19,2025-01-22,2025-02-03,2025-02-09,2025-02-12,,EVER LIBRA 166E,FOB,40HC,Yantian,Manzanillo,1,"$70,001.42",70001.42,6479.63,308.7,13106.2,14715.6,26.8,8477100100,76789.75,151596.02,12127.68,268749.43,6270.57,17777.87,0.0,0.0,19.7417,,,China
IMP-2024-0334,PO-202409-025,INV-1006-202409-0001,SUP-1006,SKU-119,09/17/2024,12/19/2024,,01/28/2025,02/04/2025,02/06/2025,Hapag-Lloyd,MAERSK COLUMBUS 645W,FOB,20GP,Ningbo-Zhoushan,Veracruz,3,"46.573,35","$139,720.05",9199.35,570.54,7464.9,8549.9,10.54,8479500100,149489.94,152379.58,24380.73,515896.31,4951.78,100988.4,0.0,0.0,20.3866,,,China
IMP-2024-0335,PO-202409-026,INV-1013-202409-0001,SUP-1013,SKU-117,2024-09-18,2024-12-05,2025-01-08,,2025-02-11,2025-02-15,MSC,ONE APUS 182W,FOB,40GP,Shanghai,Manzanillo,1,32995.46,32995.46,5840.32,144.94,11584.0,13168.0,16.54,8477100100,38980.72,76954.57,6156.37,136425.06,4455.38,26585.67,,0.0,19.7417,,,China
IMP-2024-0336,PO-202409-027,INV-1006-202409-0002,SUP-1006,SKU-101,19/09/2024,07/11/2024,02/12/2024,03/12/2024,18/12/2024,21/12/2024,Hapag-Lloyd,HAPAG BERLIN EXPRESS 443W,CIF,40HC,Ningbo-Zhoushan,Lázaro Cárdenas,3,155075.84,465227.52,0.0,,25627.5,29678.5,87.34,8457100100,467794.82,956373.76,76509.9,1695459.41,5984.93,52879.99,0.0,5743.98,20.4443,0,Sin observaciones durante la inspección,China
IMP-2024-0337,PO-202409-028,INV-1007-202409-0006,SUP-1007,SKU-128,09/21/2024,12/01/2024,01/07/2025,02/10/2025,02/13/2025,02/15/2025,Yang Ming Marine Transport,MSC ANZU 225W,EXW,20GP,Ningbo-Zhoushan,Manzanillo,1,48722.52,48722.52,,0.0,5152.8,5680.4,11.42,8422309900,57447.2,113410.54,9072.84,201054.2,6215.72,21544.82,0.0,0.0,19.7417,,,China
IMP-2024-0338,PO-202409-029,INV-1008-202409-0001,SUP-1008,SKU-123,2024-09-21,2024-12-21,2025-01-26,2025-03-01,2025-03-10,2025-03-12,cosco shipping lines,MAERSK ESSEX 588W,CIF,20GP,Wenzhou,Manzanillo,2,"$17,307.05",34614.10,0.0,120.28,3071.8,3529.8,14.63,8414809900,34734.38,103492.47,5519.6,127833.9,3593.99,34981.2,0.0,0.0,19.8636,,,China
IMP-2024-0339,PO-202409-030,INV-1006-202409-0003,SUP-1006,SKU-137,21/09/2024,08/11/2024,07/12/2024,07/12/2024,13/12/2024,16/12/2024,Ocean Network Express,MAERSK COLUMBUS 819E,CIF,40GP,Ningbo-Zhoushan,Lázaro Cárdenas,3,33067.20,"$99,201.60",0.0,562.89,16365.9,18398.1,51.66,8428330100,99764.49,203961.52,16316.92,361582.98,8741.91,50335.28,0.0,0.0,20.4443,,,China
IMP-2024-0340,PO-202409-031,INV-1005-202409-0001,SUP-1005,SKU-138,2024-09-21,2024-12-07,2025-01-06,2025-01-06,2025-01-15,2025-01-19,Ocean Network Express,COSCO ARIES 854W,FOB,20GP,Shekou,Lázaro Cárdenas,1,"$11,627.29","$11,627.29",6708.65,,5253.7,5957.3,11.84,8428330100,18371.89,37454.04,2996.32,66398.52,9066.95,39611.79,,0.0,20.3866,0,No issues found on inspection,China
IMP-2024-0341,PO-202409-032,INV-1007-202409-0007,SUP-1007,SKU-130,09/22/2024,11/27/2024,12/31/2024,01/08/2025,01/12/2025,01/15/2025,Ocean Network Express,MSC PALOMA 203W,FOB,40HC,Ningbo-Zhoushan,Manzanillo,2,86114.77,"$172,229.54",8492.39,529.43,45598.0,52472.3,69.11,8462910100,181251.36,369509.9,29560.79,655067.15,8275.23,26482.16,0.0,0.0,20.3866,,,China
IMP-2024-0342,PO-202409-033,INV-1011-202409-0002,SUP-1011,SKU-119,2024-09-22,2024-12-15,2025-01-12,2025-01-12,2025-01-20,2025-01-24,Yang Ming Marine Transport,HAPAG BERLIN EXPRESS 215W,FOB,20GP,SHANGHAI,Manzanillo,4,51501.39,206005.56,7939.67,846.57,9953.2,11027.4 kg,15.06,8479500100,214791.8,218943.73,35031.0,741255.88,4844.01,51312.39,0.0,0.0,20.3866,,,China
IMP-2024-0343,PO-202409-034,INV-1011-202409-0003,SUP-1011,SKU-136,2024-09-22,2024-11-20,2024-12-17,2025-01-12,2025-01-15,2025-01-18,MSC,COSCO ARIES 490W,CIF,20GP,Shanghai,Lázaro Cárdenas,1,4145.45,4145.45,0.0,23.86,1888.3,2083.9,4.26,8480710100,4169.31,4249.9,679.98,14388.47,4415.43,31109.05,0.0,0.0,20.3866,,,China
IMP-2024-0344,PO-202409-035,INV-1002-202409-0003,SUP-1002,SKU-116,2024-09-23,2024-12-28,2025-02-06,2025-02-06,2025-02-15,2025-02-18,Yang Ming Marine Transport,EVER LIBRA 432E,FOB,20GP,Shekou,Veracruz,2,80375.59,"$160,751.18",10554.18,561.32,12842.8,14341.2,21.58,8477100100,171866.68,339294.04,27143.52,601500.48,8564.77,85422.78,0.0,0.0,19.7417,0,No issues found on inspection,China
IMP-2024-0345,PO-202409-036,INV-1001-202409-0004,SUP-1001,SKU-999,09/24/2024,12/08/2024,01/16/2025,01/18/2025,01/27/2025,01/28/2025,Ocean Network Express,MAERSK ESSEX 262E,CIF,40GP,"YANTIAN, CN",Veracruz,6,40365.10,242190.60,0.0,1324.97,27378.0,31375.9,112.69,8477100100,243515.57,496445.45,39715.64,880098.5,7768.74,136104.98,0.0,0.0,20.3866,,,China
IMP-2024-0346,PO-202409-037,INV-1014-202409-0008,SUP-1014,SKU-116,09/24/2024,12/25/2024,01/27/2025,01/27/2025,01/30/2025,01/31/2025,Maersk,COSCO VEGA 102W,FOB,20GP,Nantong,Manzanillo,3,88563.21,265689.63,8242.64,1169.43,19264.2,22320.5,29.47,8477100100,275101.7,560838.83,44867.11,994255.08,5034.53,34071.94,0.0,0.0,20.3866,,Accessory kit incomplete,China
IMP-2024-0347,PO-202409-038,INV-1003-202409-0001,SUP-1003,SKU-102,09/25/2024,12/03/2024,01/05/2025,01/05/2025,01/10/2025,01/14/2025,Evergreen Marine,EVER LIBRA 406E,FOB,,Nansha,Manzanillo,4,98892.09,"$395,568.36",10033.96,,60254.8,68876.6,78.69,8457100100,407625.5,831009.8,66480.78,1473214.18,6193.54,35380.44,0.0,0.0,20.3866,,,China
IMP-2024-0348,PO-202409-039,INV-1014-202409-0009,SUP-1014,SKU-105,2024-09-26,2024-12-08,2025-01-15,2025-01-15,2025-01-18,2025-01-19,,MAERSK ESSEX 355E,CIF,40GP,Nantong,Manzanillo,3,166744.62,"$500,233.86",0.0,2758.62,42701.7,48852.8,42.98,8457100100,502992.48,1025430.65,82034.45,1817883.46,7340.97,35861.09,,0.0,20.3866,,,China
IMP-2024-0349,PO-202409-040,INV-1002-202409-0004,SUP-1002,SKU-102,09/26/2024,12/06/2024,01/13/2025,01/13/2025,02/01/2025,02/04/2025,Hapag-Lloyd,ONE APUS 277E,FOB,40GP,Shekou,Manzanillo,1,"$96,609.96","$96,609.96",6851.27,321.06,15063.7,17064.6,19.76,8457100100,103782.29,211576.8,16926.14,375083.36,5586.12,22336.84,0.0,0.0,20.3866,,,China
IMP-2024-0350,PO-202409-041,INV-1014-202409-0010, SUP-1014,SKU-116,09/27/2024,12/26/2024,01/29/2025,01/29/2025,02/01/2025,02/05/2025,Evergreen Marine,MSC ANZU 722E,FOB,20GP,Nantong,Manzanillo,4,"80,885.22",323540.88,6860.66,1549.94,25685.6,29461.8,40.08,8477100100,331951.48,676736.2,54138.9,1199717.94,7749.82,48405.66,,0.0,20.3866,3,Vibración excesiva al arranque,China
IMP-2024-0351,PO-202409-042,INV-1012-202409-0003,SUP-1012,SKU-999,27/09/2024,04/12/2024,02/01/2025,02/01/2025,11/01/2025,15/01/2025,Maersk,HAPAG BERLIN EXPRESS 535W,EXW,40GP,Shanghai,Manzanillo,2,"103,993.27","$207,986.54",6080.7,0.0,22438.4,25924.2,24.1,8458110100,214067.24,436410.32,34912.83,773668.21,7798.4,29956.48,0.0,,20.3866,,Emergency stop tested and passed,China
IMP-2024-0352,PO-202409-043,INV-1013-202409-0002,SUP-1013,SKU-137,2024-09-27,2024-11-09,2024-12-12,2025-01-07,2025-01-12,2025-01-13,Ocean Network Express,COSCO ARIES 152E,FOB,40GP,Shanghai,Lázaro Cárdenas,1,35070.77,35070.77,,,5455.3,6155.5,18.93,8428330100,43523.88,88730.39,7098.43,157301.24,8876.7,32929.14,7619.96,0.0,20.3866,,,China
IMP-2024-0353,PO-202410-001,INV-1007-202410-0001,SUP-1007,SKU-141,30/09/2024,16/11/2024,24/12/2024,24/12/2024,30/12/2024,03/01/2025,Yang Ming Marine Transport,YM WELLNESS 413E,FOB,20GP,Ningbo-Zhoushan,Manzanillo,1,29706.01,"$29,706.01",5146.95,,1895.6,2171.7,4.07,8515310100,34947.48,107171.51,5715.81,132378.26,3757.83,21179.39,0.0,0.0,20.4443,2,Guard cracked during transit,China
IMP-2024-0354,PO-202410-002,INV-1008-202410-0001, SUP-1008,SKU-112,2024-10-02,2024-12-02,2025-01-06,2025-01-07,2025-01-10,,COSCO Shipping Lines,MAERSK COLUMBUS 374E,EXW,20GP,Wenzhou,Lázaro Cárdenas,3,72202.35,"$216,607.05",7498.98,,6430.8,7136.9,22.25,8456 11 01 00,224106.03,456876.0,36550.08,809949.77,7231.19,53376.91,0.0,,20.3866,,,China
IMP-2024-0355,PO-202410-003,INV-1002-202410-0001,SUP-1002,SKU-106,10/04/2024,12/07/2024,01/03/2025,01/08/2025,01/10/2025,01/14/2025,Yang Ming Marine Transport,YM WELLNESS 459E,FOB,40GP,Shekou,Lázaro Cárdenas,1,"84,745.58","$84,745.58",6001.73,504.77,13327.3,15018.2,18.09,8458110100,91252.08,186031.97,14882.56,329797.47,6360.44,28327.96,0.0,0.0,20.3866,,,China
IMP-2024-0356,PO-202410-004,INV-1011-202410-0001,SUP-1011,SKU-115,05/10/2024,09/12/2024,05/01/2025,17/01/2025,05/02/2025,06/02/2025,Evergreen Marine,ONE APUS 153W,CIF,40GP,Shanghai,"MANZANILLO, COL",2,"44,817.47",89634.94,0.0,425.43,9126.0,10100.4,38.14,8477100100,90060.37,183602.47,14688.2,325490.47,5448.29,24006.46,24508.41,10126.15,20.3866,,,China
IMP-2024-0357,PO-202410-005,INV-1013-202410-0001,SUP-1013,SKU-140,2024-10-07,2024-12-11,2025-01-15,2025-01-15,2025-01-21,2025-01-23,Maersk,COSCO VEGA 451W,FOB,20GP,Shanghai,Manzanillo,3,27109.24,"$81,327.72",9773.76,421.96,5333.1,6129.6,9.74,8515310100,91523.44,279877.76,14926.81,345705.01,4444.24,40923.01,0.0,0.0,20.3866,,,China
IMP-2024-0358,PO-202410-006,INV-1014-202410-0001,SUP-1014,SKU-118,07/10/2024,18/12/2024,21/01/2025,21/01/2025,24/01/2025,25/01/2025,MSC,COSCO ARIES 418W,FOB,20 GP,Nantong,Manzanillo,2,"30.255,61","$60,511.22",7828.85,348.11,13345.6,14794.4,25.1,8477100100,68688.18,140031.85,11202.55,248248.45,4520.24,29763.74,0.0,0.0,20.3866,,,China
IMP-2024-0359,PO-202410-007,INV-1010-202410-0001,SUP-1010,SKU-110,10/07/2024,11/25/2024,12/28/2024,,01/05/2025,01/08/2025,Yang Ming Marine Transport,MAERSK COLUMBUS 300W,FOB,20GP,Taizhou,Manzanillo,2,"$18,711.75",37423.50,9113.66,,9379.8,10721.4,22.93,8456110100,46750.13,95577.37,7646.19,169439.56,6653.27,29460.78,0.0,,20.4443,,,China
IMP-2024-0360,PO-202410-008,INV-1012-202410-0001,SUP-1012,SKU-142,2024-10-07,2024-12-12,2025-01-09,2025-01-09,2025-01-19,2025-01-19,Yang Ming Marine Transport,MSC PALOMA 611W,CIF,20GP,Shanghai,Lázaro Cárdenas,2,7227.52,"$14,455.04",0.0,72.53,2373.8,2738.0,7.03,8515310100,14527.57,44425.16,2369.34,54873.96,6420.89,55288.31,0.0,,20.3866,,,China
IMP-2024-0361,PO-202410-009,INV-1002-202410-0002,SUP-1002,SKU-125,10/10/2024,01/12/2024,02/01/2025,02/01/2025,04/01/2025,05/01/2025,MSC,MSC ANZU 757W,FOB,20GP,Shekou,Manzanillo,3,15111.04,"$45,333.12",9427.56,,9991.5,11154.0,,8414809900,55008.61,168215.78,8971.51,207780.13,8989.34,34810.44,0.0,0.0,20.3866,0,No issues found on inspection,China
IMP-2024-0362,PO-202410-010,INV-1005-202410-0001,SUP-1005,SKU-129,10/10/2024,12/27/2024,01/31/2025,02/01/2025,02/06/2025,02/11/2025,Hapag-Lloyd,MAERSK ESSEX 681E,CIF,40GP,Shekou,Manzanillo,1,38605.19,38605.19,,,7772.0,8404.6,17.73,8422309900,38827.11,76651.32,6132.11,135887.45,6867.65,25500.22,0.0,0.0,19.7417,0,No issues found on inspection,China
IMP-2024-0363,PO-202410-011,INV-1010-202410-0002,SUP-1010,SKU-107,10/10/2024,11/22/2024,12/26/2024,12/26/2024,01/04/2025,01/06/2025,Evergreen Marine,MSC ANZU 533W,FOB,40GP,Taizhou,Manzanillo,3,42584.86,"$127,754.58",,,31627.2,36602.7,38.2,8458110100,133725.05,273391.5,21871.32,484668.46,9000.95,43555.39,0.0,0.0,20.4443,,,China
IMP-2024-0364,PO-202410-012,INV-1012-202410-0002,SUP-1012,SKU-140,2024-10-11,2024-12-14,2025-01-20,2025-01-20,2025-01-29,2025-02-02,COSCO Shipping Lines,COSCO ARIES 762E,CIF,20GP,Shanghai,Manzanillo,2,7092.40,"$14,184.80",0.0,62.24,2373.8,2725.5,7.18,8515310100,14247.04,43567.31,2323.59,53814.34,6009.95,31633.82,0.0,0.0,20.3866,,,China
IMP-2024-0365,PO-202410-013,INV-1001-202410-0001,SUP-1001,SKU-111,2024-10-12,2024-11-29,2024-12-26,2024-12-26,2025-01-02,2025-01-06,MSC,HAPAG BERLIN EXPRESS 180E,FOB,40GP,Yantian,Manzanillo,2,"$45,326.55",90653.10,8925.9,,3712.0,4163.1,30.38,8456110100,99897.6,204233.65,16338.69,362065.42,6391.65,26314.21,0.0,,20.4443,,,China
IMP-2024-0366,PO-202410-014,INV-1008-202410-0002,SUP-1008,SKU-126,2024-10-14,2025-01-15,2025-02-14,2025-02-14,2025-02-23,2025-02-24,Maersk,MAERSK ESSEX 867E,FOB,40GP,Wenzhou,Lázaro Cárdenas,4,31864.60,"$127,458.40",7574.27,,24923.2,28054.7,49.61,8422309900,135711.91,267918.38,21433.47,474965.71,4844.05,66959.02,0.0,0.0,19.7417,,,China
IMP-2024-0367,PO-202410-015,INV-1002-202410-0003,SUP-1002,SKU-125,14/10/2024,23/12/2024,22/01/2025,22/01/2025,28/01/2025,30/01/2025,Maersk,YM WELLNESS 526W,FOB,20GP,Shekou,Lázaro Cárdenas,3,15081.58,45244.74,8615.8,145.96,9991.5,10916.9,20.34,8414809900,54006.5,165151.34,8808.07,203994.93,7887.06,54829.77,0.0,0.0,20.3866,0,Sin observaciones durante la inspección,China
IMP-2024-0368,PO-202410-016,INV-1014-202410-0002,SUP-1014,SKU-134,14/10/2024,22/11/2024,24/12/2024,24/12/2024,26/12/2024,30/12/2024,Hapag-Lloyd,EVER LIBRA 769E,CIF,20GP,Nantong,Manzanillo,2,7292.75,14585.50,0.0,,2797.0,3137.0,9.05,8480710100,14655.34,14980.91,2396.95,50719.36,6472.0,31703.48,0.0,0.0,20.4443,,,China
IMP-2024-0369,PO-202410-017,INV-1014-202410-0003,SUP-1014,SKU-116,15/10/2024,09/01/2025,09/02/2025,09/02/2025,18/02/2025,21/02/2025,Ocean Network Express,EVER LIBRA 124W,FOB,20GP,Nantong,Lázaro Cárdenas,2,81982.52,"$163,965.04",6854.38,,12842.8,13921.7,20.66,,171673.7,338913.07,27113.05,600825.09,3867.25,45542.11,,0.0,19.7417,,,China
IMP-2024-0370,PO-202410-018,INV-1014-202410-0004,SUP-1014,SKU-106,16/10/2024,27/12/2024,23/01/2025,23/01/2025,27/01/2025,30/01/2025,MSC,HAPAG BERLIN EXPRESS 392W,CIF,40HC,Nantong,Manzanillo,1,144297.24,144297.24,0.0,,8636.7,9600.0,27.31,8457100100,144960.82,295525.83,23642.07,523908.18,7998.57,23959.41,0.0,,20.3866,0,No issues found on inspection,China
IMP-2024-0371,PO-202410-019,INV-1005-202410-0002,SUP-1005,SKU-138,2024-10-19,2024-12-28,2025-01-25,2025-01-25,2025-01-31,2025-02-04,Maersk,ONE APUS 151E,FOB,40GP,Shekou,Lázaro Cárdenas,1,"11.854,15",11854.15,6554.13,,5253.7,5878.0,12.21,8428330100,18467.66,37649.28,3011.94,66744.64,8987.26,33047.51,0.0,0.0,20.3866,0,No issues found on inspection,China
IMP-2024-0372,PO-202410-020,INV-1006-202410-0001,SUP-1006,SKU-119,2024-10-18,2024-12-27,2025-01-27,2025-02-14,2025-02-18,2025-02-21,Yang Ming Marine Transport,MAERSK ESSEX 272W,FOB,20GP,Ningbo-Zhoushan,Manzanillo,2,50052.08,"$100,104.16",8488.56,462.87,4976.6,5770.3,7.0,847950,109055.59,"MXN 107,647.14",17223.54,364450.15,3643.36,35844.98,23061.02,,19.7417,2,Tornillería incompleta,China
IMP-2024-0373,PO-202410-021,INV-1009-202410-0001,SUP-1009,SKU-131,10/20/2024,12/29/2024,02/10/2025,02/12/2025,02/14/2025,02/17/2025,Evergreen Marine,MSC ANZU 740E,FOB,40HC,Ningbo-Zhoushan,Veracruz,2,78655.18,"$157,310.36",10203.77,546.15,45155.4,51099.5,51.04,8462910100,168060.28,"MXN 331,779.56",26542.37,588178.81,6878.14,85187.58,0.0,,19.7417,,,China
IMP-2024-0374,PO-202410-022,INV-1001-202410-0002,SUP-1001,SKU-114,2024-10-21,2025-01-17,2025-02-23,2025-01-07,2025-03-09,2025-03-15,Hapag-Lloyd,MAERSK COLUMBUS 715W,DDP,,Yantian,Manzanillo,2,"70.995,19","$141,990.38",6555.26,579.14,26212.4,28503.4,55.87,8477100100,149124.78,"MXN 294,397.67",23551.81,521908.18,5375.6,23079.31,0.0,5139.12,19.7417,,,China
IMP-2024-0375,PO-202410-023,INV-1006-202410-0002,SUP-1006,SKU-127,21/10/2024,12/01/2025,12/02/2025,12/02/2025,23/02/2025,24/02/2025,COSCO Shipping Lines,MSC ANZU 640E,FOB,40GP,Ningbo-Zhoushan,Manzanillo,6,52738.64,"$316,431.84",11160.19,,22953.0,26557.4,117.32,8422309900,329455.61,650401.38,52032.11,1153031.57,6977.45,59565.91,0.0,9009.7,19.7417,,,China
IMP-2024-0376,PO-202410-024,INV-1011-202410-0002,SUP-1011,SKU-115,2024-10-21,2024-12-27,2025-01-24,2025-01-24,2025-01-30,2025-02-02,COSCO Shipping Lines,ONE APUS 227W,DDP,40GP,Shanghai,Manzanillo,2,42005.29,"$84,010.58",8611.69,501.07,9126.0,10170.6,36.35,8477100100,93123.34,189846.83,15187.75,336560.46,6560.4,24914.0,0.0,0.0,20.3866,,,China
IMP-2024-0377,PO-202410-025,INV-1010-202410-0003,SUP-1010,SKU-114,10/21/2024,01/29/2025,02/26/2025,02/26/2025,03/02/2025,03/04/2025,Evergreen Marine,EVER LIBRA 731E,EXW,40HC,Taizhou,Manzanillo,2,68088.47,136176.94,6418.8,0.0,26212.4,29431.8,55.95,8477100100,142595.74,281508.23,22520.66,499057.79,7626.33,29994.9,,,19.7417,0,No issues found on inspection,China
IMP-2024-0378,PO-202410-026,INV-1002-202410-0004,SUP-1002,SKU-107,2024-10-22,2024-12-03,2025-01-08,2025-01-16,2025-02-06,2025-02-07,MSC,ONE APUS 535E,FOB,40GP,Shekou,Manzanillo,1,42602.82,42602.82,7412.49,135.47,10542.4,11933.3,13.1,8458110100,50150.78,102240.39,8179.23,181251.76,7965.66,24307.14,0.0,8653.04,20.3866,,,China
IMP-2024-0379,PO-202410-027,INV-1011-202410-0003,SUP-1011,SKU-103,23/10/2024,29/12/2024,07/02/2025,07/02/2025,22/02/2025,26/02/2025,Hapag-Lloyd,MAERSK ESSEX 882W,FOB,40GP,Shanghai,Veracruz,2,160928.59,321857.18,11052.46,1490.82,36682.4,42379.0,35.55,8457100100,334400.46,660163.36,52813.07,1170337.6,6367.31,88611.88,0.0,0.0,19.7417,0,Sin observaciones durante la inspección,China
IMP-2024-0380,PO-202410-028,INV-1007-202410-0002,SUP-1007,SKU-130,2024-10-23,2024-12-22,2025-01-26,2025-01-25,2025-01-27,2025-01-29,Hapag-Lloyd,MSC PALOMA 548E,FOB,40HC,Ningbo-Zhoushan,Manzanillo,2,"84,583.13","$169,166.26",8270.15,773.06,45598.0,51646.7,65.04,8462910100,178209.47,363308.52,29064.68,644073.34,4994.12,29112.65,0.0,0.0,20.3866,,,China
IMP-2024-0381,PO-202410-029,INV-1010-202410-0004,SUP-1010,SKU-141,2024-10-23,2024-12-11,2025-01-18,2025-02-21,2025-02-28,,Ocean Network Express,MSC PALOMA 353E,FOB,20GP,Taizhou,Manzanillo,2,"$29,643.09","$59,286.18",8635.05,195.45,3791.2,4350.2,8.27,8515310100,68116.68,201710.86,10757.91,249153.25,9171.63,32142.89,11542.65,0.0,19.7417,,,China
IMP-2024-0382,PO-202410-030,INV-1007-202410-0003,SUP-1007,SKU-128,23/10/2024,05/01/2025,02/02/2025,02/02/2025,04/02/2025,06/02/2025,Hapag-Lloyd,YM WELLNESS 553W,FOB,20GP,Ningbo-Zhoushan,Manzanillo,1,51314.27,"$51,314.27",,200.84,5152.8,5635.7,11.52,8422309900,60543.89,119523.93,9561.91,211892.03,4189.01,20142.05,0.0,0.0,19.7417,,,China
IMP-2024-0383,PO-202410-031,INV-1014-202410-0005,SUP-1014,SKU-122,10/25/2024,01/14/2025,02/13/2025,02/13/2025,02/16/2025,02/20/2025,Evergreen Marine,HAPAG BERLIN EXPRESS 558E,FOB,20GP,Nantong,Manzanillo,3,"$23,957.78",71873.34,6090.85,,3882.6,4259.7,,8414809900,78289.78,231836.0,12364.59,286363.83,3667.96,37250.24,0.0,,19.7417,,Rebaba en el acabado de la bancada,China
IMP-2024-0384,PO-202411-001,INV-1013-202411-0001,SUP-1013,SKU-117,01/11/2024,16/01/2025,23/02/2025,23/02/2025,27/02/2025,03/03/2025,MSC,YM WELLNESS 891E,FOB,40GP,Shanghai,Manzanillo,1,32874.95,32874.95,5338.75,167.41,11584.0,13028.2,16.15,8477100100,38381.11,75770.84,6061.67,134326.54,4666.93,25709.1,0.0,0.0,19.7417,0,No issues found on inspection,China
IMP-2024-0385,PO-202411-002,INV-1002-202411-0001,SUP-1002,SKU-107,02/11/2024,24/12/2024,27/01/2025,27/01/2025,05/02/2025,07/02/2025,MSC,MSC PALOMA 532E,CIF,40GP,Shekou,Manzanillo,3,45309.53,"$135,928.59",0.0,513.29,31627.2,34438.1,39.26,8458110100,136441.88,278158.6,22252.69,493119.57,6981.1,35147.91,0.0,0.0,20.3866,,,China
IMP-2024-0386,PO-202411-003,INV-1003-202411-0001,SUP-1003,SKU-113,02/11/2024,06/02/2025,13/03/2025,13/03/2025,29/03/2025,02/04/2025,Hapag-Lloyd,MSC PALOMA 606E,FOB,40GP,Guangzhou (Nansha),Manzanillo,2,62660.78,125321.56,6527.02,500.35,6391.4,6971.7,35.73,8456110100,132348.93,262892.62,21031.41,466056.04,5277.71,30779.37,0.0,0.0,19.8636,,,China
IMP-2024-0387,PO-202411-004,INV-1014-202411-0001,SUP-1014,SKU-134,11/03/2024,12/16/2024,01/18/2025,01/18/2025,01/20/2025,01/24/2025,Hapag-Lloyd,MSC ANZU 304W,FOB,20GP,Nantong,Lázaro Cárdenas,1,"$7,462.64","$7,462.64",6468.31,25.2,1398.5,1559.2,4.42,8480710100,13956.15,14225.92,2276.15,48163.28,4689.62,32656.37,0.0,,20.3866,2,Faltó el manual en español,China
IMP-2024-0388,PO-202411-005,INV-1014-202411-0002,SUP-1014,SKU-105,04/11/2024,17/01/2025,27/02/2025,27/02/2025,06/03/2025,10/03/2025,Ocean Network Express,MSC ANZU 342W,CIF,40GP,Nantong,Veracruz,3,158487.37,"$475,462.11",,2532.16,42701.7,49315.1,43.71,8457100100,477994.27,943641.95,75491.36,1672888.45,8003.93,109213.64,,0.0,19.7417,,,China
IMP-2024-0389,PO-202411-006,INV-1012-202411-0001,SUP-1012,SKU-127,04/11/2024,05/02/2025,08/03/2025,08/03/2025,16/03/2025,20/03/2025,Yang Ming Marine Transport,MAERSK ESSEX 660W,FOB,40GP,Shanghai,Manzanillo,2,54518.33,"$109,036.66",8475.52,471.27,7651.0,8794.2,39.7,8422309900,117983.45,234357.61,18748.61,415469.16,8982.34,31839.81,0.0,,19.8636,2,Sin observaciones durante la inspección,China
IMP-2024-0390,PO-202411-007,INV-1002-202411-0002,SUP-1002,SKU-102,2024-11-04,2025-01-06,,2025-02-06,2025-02-09,2025-02-11,Maersk,MSC PALOMA 564W,FOB,40GP,Shekou,Lázaro Cárdenas,2,102884.01,205768.02,7232.69,1171.09,30127.4,32619.9,39.96,8457100100,214171.8,422811.54,33824.92,749560.3,8594.12,49530.28,0.0,0.0,19.7417,0,Sin observaciones durante la inspección,China
IMP-2024-0391,PO-202411-008,INV-1002-202411-0003,SUP-1002,SKU-133,2024-11-05,2025-01-03,2025-02-08,2025-02-08,2025-02-15,2025-02-17,Maersk,MSC PALOMA 645E,FOB,40HC,Shekou,Manzanillo,2,91549.53,"$183,099.06",9361.2,885.02,40544.6,45846.0,63.1,8462910100,193345.28,381696.45,30535.72,676671.47,9022.91,32833.33,0.0,,19.7417,0,Sin observaciones durante la inspección,China
IMP-2024-0392,PO-202411-009,INV-1003-202411-0002,SUP-1003,SKU-123,06/11/2024,26/01/2025,02/03/2025,02/03/2025,07/03/2025,09/03/2025,Hapag-Lloyd,COSCO ARIES 257W,EXW,20GP,Nansha,Manzanillo,1,18763.67,18763.67,5485.19,0.0,1535.9,1725.7,6.76,8414809900,24248.86,72250.45,3853.36,89243.75,6274.28,26588.98,0.0,0.0,19.8636,,,China
IMP-2024-0393,PO-202411-010,INV-1013-202411-0002,SUP-1013,SKU-120,06/11/2024,03/02/2025,07/03/2025,07/03/2025,16/03/2025,20/03/2025,Maersk,MAERSK COLUMBUS 799E,FOB,20GP,Shanghai,Manzanillo,1,59338.14,59338.14,8849.81,,2182.8,2436.3,3.02,8479500100,68424.28,67957.63,10873.22,230077.34,8434.85,22225.34,0.0,0.0,19.8636,0,No issues found on inspection,China
IMP-2024-0394,PO-202411-011,INV-1010-202411-0001,SUP-1010,SKU-110,06/11/2024,31/12/2024,29/01/2025,29/01/2025,01/02/2025,04/02/2025,Ocean Network Express,MSC PALOMA 667E,CIF,20GP,Taizhou,Manzanillo,2,19441.08,38882.16,,,9379.8,10582.7,22.82,8456110100,39004.66,79517.24,6361.38,140968.16,7288.33,26910.73,0.0,0.0,20.3866,0,No issues found on inspection,China
IMP-2024-0395,PO-202411-012,INV-1003-202411-0003,SUP-1003,SKU-113,2024-11-08,2025-02-10,2025-03-15,2025-03-15,2025-03-26,2025-03-29,Hapag-Lloyd,MSC PALOMA 244E,FOB,40GP,Nansha,Manzanillo,1,"$59,102.44","$59,102.44",7499.26,296.93,3195.7,3582.2,17.36,8456110100,66898.63,132884.76,10630.78,235578.11,4711.31,21575.03,0.0,0.0,19.8636,,,China
IMP-2024-0396,PO-202411-013,INV-1001-202411-0001,SUP-1001,SKU-129,08/11/2024,01/02/2025,,06/03/2025,13/03/2025,15/03/2025,MSC,EVER LIBRA 260W,CIF,40GP,Yantian,Veracruz,3,40148.67,"$120,446.01",0.0,616.39,23316.0,26966.2,52.45,8422309900,121062.4,240473.51,19237.88,426311.44,7879.48,97758.54,0.0,0.0,19.8636,,Wiring harness loose in cabinet,China
IMP-2024-0397,PO-202411-014,INV-1013-202411-0003,SUP-1013,SKU-120,08/11/2024,25/01/2025,03/03/2025,06/03/2025,14/03/2025,17/03/2025,Hapag-Lloyd,COSCO VEGA 697E,FOB,20GP,Shanghai,Manzanillo,4,58328.15,"$233,312.60",,1288.02,8731.2,9437.4,12.66,8479500100,242871.79,"MXN 241,215.40",38594.46,816658.87,7679.56,50337.38,0.0,,19.8636,0,No issues found on inspection,China
IMP-2024-0398,PO-202411-015,INV-1014-202411-0003,SUP-1014,SKU-138,2024-11-09,2025-01-11,2025-02-13,2025-02-13,2025-02-16,2025-02-18,COSCO Shipping Lines,MSC PALOMA 378W,FOB,40GP,Nantong,Lázaro Cárdenas,1,11609.78,"$11,609.78",8479.38,48.74,5253.7,6028.9,13.09,8428330100,20137.9,"MXN 39,755.64",3180.45,70478.8,5770.49,32504.29,0.0,,19.7417,,,China
IMP-2024-0399,PO-202411-016,INV-1002-202411-0004,SUP-1002,SKU-123,2024-11-09,2025-01-28,2025-03-03,2025-03-12,2025-03-14,2025-03-17,Maersk,MAERSK ESSEX 487E,CIF,20GP,Shekou,Veracruz,1,62270.95,"$62,270.95",0.0,328.53,2365.9,2707.3,8.38,8479500100,62599.48,62172.55,9947.61,210491.39,6864.49,45455.65,0.0,0.0,19.8636,2,Wiring harness loose in cabinet,China
IMP-2024-0400,PO-202411-017,INV-1005-202411-0001,SUP-1005 ,SKU-103,09/11/2024,18/01/2025,22/02/2025,06/03/2025,18/03/2025,22/03/2025,Evergreen Marine,MAERSK ESSEX 165W,DDP,40GP,Shekou,Manzanillo,1,"163,064.48","$163,064.48",8952.04,,18341.2,21206.8,17.41,,172771.39,343186.18,27454.89,608400.46,7703.31,24927.82,0.0,2249.35,19.8636,,,China
IMP-2024-0401,PO-202411-018,INV-1007-202411-0001,SUP-1007,SKU-132,11/09/2024,02/05/2025,03/09/2025,03/09/2025,03/15/2025,03/16/2025,Hapag-Lloyd,MAERSK ESSEX 301E,FOB,40GP,Ningbo-Zhoushan,Lázaro Cárdenas,3,30818.95,92456.85,9586.01,520.47,43318.8,47290.3,39.54,8462910100,102563.33,203727.7,16298.22,361168.46,6956.65,54092.57,0.0,0.0,19.8636,,,China
IMP-2024-0402,PO-202411-019,INV-1007-202411-0002,SUP-1007,SKU-141,11/09/2024,12/26/2024,01/29/2025,01/30/2025,02/07/2025,02/11/2025,Evergreen Marine,HAPAG BERLIN EXPRESS 766W,FOB,20GP,Ningbo-Zhoushan,Manzanillo,2,28930.87,"$57,861.74",7599.16,305.24,3791.2,4390.7,8.37,8515310100,65766.14,201112.2,10725.98,248413.79,5715.66,34805.21,0.0,0.0,20.3866,,,China
IMP-2024-0403,PO-202411-020,INV-1012-202411-0002,SUP-1012,SKU-103,11/10/2024,01/17/2025,02/12/2025,02/12/2025,02/19/2025,02/20/2025,COSCO Shipping Lines,EVER LIBRA 676W,FOB,40GP,Shanghai,Lázaro Cárdenas,1,178705.61,"$178,705.61",8747.45,,18341.2,19911.7,16.67,8457.10.01.00,188501.58,372134.16,29770.73,659719.45,4725.98,31080.0,,,19.7417,,,China
IMP-2024-0404,PO-202411-021,INV-1002-202411-0005,SUP-1002,SKU-142,11/10/2024,01/20/2025,02/24/2025,03/01/2025,03/09/2025,,Maersk,MSC ANZU 719W,DDP,20GP,Shekou,Manzanillo,1,7414.47,"$7,414.47",8282.42,29.79,1186.9,1375.2,3.36,8515310100,15726.68,46858.27,2499.11,57879.34,6237.55,22753.13,0.0,,19.8636,,,China
IMP-2024-0405,PO-202411-022,INV-1011-202411-0001,SUP-1011,SKU-131,11/10/2024,01/10/2025,02/16/2025,02/21/2025,02/28/2025,03/02/2025,Maersk,COSCO VEGA 413E,FOB,40HC,Shanghai,Manzanillo,2,72676.53,145353.06,,660.77,45155.4,51638.7,52.58,8462910100,154450.4,304911.35,24392.91,540546.83,3674.13,27740.0,,,19.7417,,,China
IMP-2024-0406,PO-202411-023,INV-1014-202411-0004,SUP-1014,SKU-122,2024-11-11,2025-02-15,2025-03-22,2025-03-22,2025-03-28,2025-03-30,MSC,COSCO VEGA 292W,CIF,20GP,Nantong,Lázaro Cárdenas,1,24450.69,24450.69,0.0,,1294.2,1492.8,4.34,8414809900,24556.92,73168.33,3902.31,90377.52,5840.54,40558.15,,0.0,19.8636,0,Sin observaciones durante la inspección,China
IMP-2024-0407,PO-202411-024,INV-1013-202411-0004,SUP-1013,SKU-120,11/12/2024,02/16/2025,03/16/2025,03/24/2025,03/26/2025,03/30/2025,Evergreen Marine,YM WELLNESS 204E,EXW,20GP,Shanghai,Manzanillo,1,59820.95,"$59,820.95",5988.58,0.0,2182.8,2425.4,3.08,8479500100,65809.53,65360.71,10457.71,221285.22,6334.57,26730.63,,0.0,19.8636,,,China
IMP-2024-0408,PO-202411-025,INV-1013-202411-0005,SUP-1013,SKU-109,45608,45656,45686,45686,45689,45691,MSC,COSCO ARIES 272W,CIF,40GP,Shanghai,Lázaro Cárdenas,1,78936.17,78936.17,0.0,,13407.2,14778.6,12.87,8458110100,79285.29,161635.75,12930.86,286547.86,5110.83,39921.7,0.0,0.0,20.3866,0,Sin observaciones durante la inspección,China
IMP-2024-0409,PO-202411-026,INV-1008-202411-0001,SUP-1008,SKU-112,12/11/2024,14/01/2025,20/02/2025,21/02/2025,06/03/2025,08/03/2025,Ocean Network Express,YM WELLNESS 475W,CIF,20GP,Wenzhou,Manzanillo,2,"65,923.03",131846.06,0.0,612.75,4287.2,4806.2,15.77,8456110100,132458.81,261496.21,20919.7,463580.48,5910.83,30449.0,0.0,11129.01,19.7417,,Etiqueta de seguridad desprendida,China
IMP-2024-0410,PO-202411-027,INV-1014-202411-0005,SUP-1014,SKU-122,13/11/2024,17/02/2025,16/03/2025,24/03/2025,,07/04/2025,Maersk,MAERSK ESSEX 519W,FOB,20GP,Nantong,Lázaro Cárdenas,1,"23.557,28","$23,557.28",7233.28,84.3,1294.2,1477.5,4.44,8414809900,30874.86,91992.88,4906.29,113629.61,4678.74,37467.01,20205.22,0.0,19.8636,,,China
IMP-2024-0411,PO-202411-028,INV-1013-202411-0006,SUP-1013,SKU-140,2024-11-13,2025-01-26,2025-02-26,2025-02-26,2025-03-01,2025-03-03,MSC,HAPAG BERLIN EXPRESS 441E,FOB,20GP,Shanghai,Manzanillo,2,28149.31,56298.62,6450.6,213.9,3555.4,3958.5,6.47,8515310100,62963.12,186449.85,9943.99,230302.86,6859.89,23335.01,0.0,,19.7417,,,China
IMP-2024-0412,PO-202411-029,INV-1003-202411-0004,sup1003,SKU-140,11/14/2024,01/24/2025,02/28/2025,02/28/2025,03/16/2025,03/17/2025,Maersk,MAERSK COLUMBUS 155E,CIF,20GP,Nansha,Manzanillo,1,27796.27,"$27,796.27",,88.76,1777.7,1962.8,3.34,8515310100,27885.03,82574.68,4403.98,101996.25,9132.59,21586.52,0.0,5296.99,19.7417,,,China
IMP-2024-0413,PO-202411-030,INV-1014-202411-0006,SUP-1014,SKU-104,2024-11-15,2025-01-23,2025-03-02,2025-03-02,2025-03-05,2025-03-07,Evergreen Marine,EVER LIBRA 827E,CIF,40'GP,Nantong,Manzanillo,1,"149.656,88","$149,656.88",0.0,752.92,8636.7,9952.3,27.06,8457100100,150409.8,298768.01,23901.44,529655.93,6658.04,21203.89,0.0,0.0,19.8636,,,China
IMP-2024-0414,PO-202411-031,INV-1006-202411-0001,SUP-1006,SKU-119,11/15/2024,01/22/2025,02/25/2025,02/25/2025,03/01/2025,03/02/2025,Ocean Network Express,ONE APUS 314W,FOB,20GP,Ningbo-Zhoushan,Lázaro Cárdenas,3,46464.97,"$139,394.91",6848.27,502.77,7464.9,8146.9,10.49,8479500100,146745.95,144850.73,23176.12,490406.62,7043.92,55310.1,0.0,0.0,19.7417,,,China
IMP-2024-0415,PO-202411-032,INV-1008-202411-0002,SUP-1008,SKU-112,11/16/2024,01/29/2025,03/01/2025,03/01/2025,03/04/2025,03/06/2025,Maersk,HAPAG BERLIN EXPRESS 623E,FOB,,Wenzhou,Manzanillo,6,64833.05,"$388,998.30",9439.94,1983.59,12861.6,14545.5,46.09,8456110100,400421.83,795381.91,63630.55,1410053.04,5665.49,50497.09,0.0,0.0,19.8636,,,China
IMP-2024-0416,PO-202411-033,INV-1014-202411-0007,SUP-1014,SKU-118,18/11/2024,12/02/2025,11/03/2025,11/03/2025,15/03/2025,16/03/2025,Yang Ming Marine Transport,ONE APUS 864E,CIF,20GP,Nantong,Manzanillo,3,30067.26,90201.78,0.0,,20018.4,21686.2,35.39,8477100100,90686.32,180135.68,14410.85,319344.53,8313.25,39426.68,0.0,0.0,19.8636,,,China
IMP-2024-0417,PO-202411-034,INV-1014-202411-0008,SUP-1014,SKU-105,2024-11-19,2025-01-13,2025-02-17,2025-02-17,2025-02-22,2025-02-26,Hapag-Lloyd,HAPAG BERLIN EXPRESS 760E,FOB,40GP,Nantong,Lázaro Cárdenas,1,158811.78,158811.78,7846.09,,14233.9,15939.0,14.95,8457100100,167309.36,330297.12,26423.77,585550.73,4132.38,32994.07,0.0,0.0,19.7417,,,China
IMP-2024-0418,PO-202411-035,INV-1006-202411-0002,SUP-1006,SKU-140,2024-11-20,2025-02-13,2025-03-20,2025-03-22,2025-04-03,2025-04-06,Yang Ming Marine Transport,COSCO ARIES 676W,FOB,20GP,Ningbo-Zhoushan,"Manzanillo, Colima",3,27192.61,"$81,577.83",7018.8,,5333.1,6028.7,9.21,8515310100,89050.01,"MXN 265,328.07",14150.83,327733.23,4531.8,30567.75,0.0,,19.8636,,,China
IMP-2024-0419,PO-202411-036,INV-1002-202411-0006,SUP-1002,SKU-106,20/11/2024,30/01/2025,08/03/2025,08/03/2025,15/03/2025,16/03/2025,COSCO Shipping Lines,COSCO VEGA 615E,CIF,40GP,Shekou,Manzanillo,1,82482.72,82482.72,0.0,,13327.3,14912.8,17.56,8458110100,82857.96,164585.74,13166.86,291777.6,5536.56,20079.85,0.0,,19.8636,0,Sin observaciones durante la inspección,China
IMP-2024-0420,PO-202411-037,INV-1001-202411-0002,SUP-1001,SKU-114,2024-11-22,2025-02-21,2025-03-24,2025-03-24,,2025-03-29,COSCO Shipping Lines,EVER LIBRA 470W,CIF,40HC,Yantian,Manzanillo,1,71650.98,"$71,650.98",0.0,299.28,13106.2,14583.9,27.14,8477100100,71950.26,142919.12,11433.53,253367.01,5372.62,24856.2,0.0,,19.8636,18,Óxido superficial en la carcasa,China
IMP-2024-0421,PO-202411-038,INV-1007-202411-0003,SUP-1007,SKU-128,2024-11-22,2025-02-02,2025-03-06,2025-03-06,2025-03-12,2025-03-13,Ocean Network Express,MSC ANZU 596W,FOB,20GP,Ningbo-Zhoushan,Lázaro Cárdenas,4,49159.16,"$196,636.64",6920.05,879.54,20611.2,23217.2,46.85,8422309900,204436.23,406083.95,32486.72,719905.63,8757.2,79523.22,0.0,,19.8636,,,China
IMP-2024-0422,PO-202411-039,INV-1013-202411-0007,SUP-1013,SKU-120,2024-11-22,2025-02-10,2025-03-14,2025-03-14,2025-03-16,2025-03-20,Maersk,MAERSK COLUMBUS 321E,FOB,20GP,Shanghai,Lázaro Cárdenas,1,56534.04,"$56,534.04",,333.47,2182.8,2371.3,2.95,8479500100,62108.99,61685.41,9869.67,208842.11,4650.56,29475.6,0.0,0.0,19.8636,0,No issues found on inspection,China
IMP-2024-0423,PO-202411-040,INV-1014-202411-0009,SUP-1014,SKU-122,2024-11-22,2025-02-14,2025-03-15,2025-03-15,2025-03-21,2025-03-22,COSCO Shipping Lines,MSC ANZU 823E,FOB,20GP,Nantong,Manzanillo,4,23749.52,94998.08,7657.19,397.42,5176.8,5641.1,16.85,8414.80.99.00,103052.69,"MXN 307,049.61",16375.98,379267.68,3514.84,37936.96,0.0,0.0,19.8636,,,China
IMP-2024-0424,PO-202411-041,INV-1001-202411-0003,SUP-1001,SKU-111,45619,45670,45704,45716,45719,45723,Hapag-Lloyd,HAPAG BERLIN EXPRESS 848W,FOB,40GP,Yantian,Veracruz,1,46336.22,"$46,336.22",10532.7,,1856.0,2022.6,15.82,8456110100,57085.81,112697.09,9015.77,199789.41,4910.08,46984.49,0.0,0.0,19.7417,,,China
IMP-2024-0425,PO-202411-042,INV-1002-202411-0007,SUP-1002,SKU-124,2024-11-23,2025-02-16,2025-03-16,2025-03-16,2025-03-25,2025-03-26,COSCO Shipping Lines,MSC ANZU 856W,FOB,20GP,Shekou,Manzanillo,2,7931.00,15862.00,5943.9,51.71,1142.4,1243.0,10.48,8414809900,21857.61,65125.62,3473.37,80443.17,7234.5,30585.72,0.0,0.0,19.8636,0,Sin observaciones durante la inspección,China
IMP-2024-0426,PO-202411-043,INV-1002-202411-0008,SUP-1002,SKU-102,2024-11-23,2025-01-20,2025-02-18,2025-02-18,2025-02-20,2025-02-23,Hapag-Lloyd,MAERSK ESSEX 466W,FOB,40GP,Shekou,Manzanillo,2,97042.55,"$194,085.10",7133.61,,30127.4,34255.2,39.93,8457100100,202142.15,399062.97,31925.04,707458.83,4604.88,24233.37,0.0,0.0,19.7417,1,Sin observaciones durante la inspección,China
IMP-2024-0427,PO-202411-044,INV-1002-202411-0009,SUP-1002,SKU-102,2024-11-24,2025-01-12,2025-02-14,2025-02-14,2025-02-19,2025-02-22,Ocean Network Express,HAPAG BERLIN EXPRESS 168W,FOB,40GP,Shekou,Manzanillo,2,98302.31,196604.62,7701.99,696.83,30127.4,34384.1,38.68,8457100100,205003.44,404711.64,32376.93,717472.8,4285.21,26469.93,,0.0,19.7417,0,Sin observaciones durante la inspección,China
IMP-2024-0428,PO-202411-045,INV-1003-202411-0005,SUP-1003,SKU-113,45621,45716,45753,45753,45762,45765,Evergreen Marine,MSC ANZU 648E,FOB,40GP,Nansha,Manzanillo,1,59076.16,59076.16,8829.95,307.99,3195.7,3519.0,17.01,8456110100,68214.1,133457.48,10676.6,236593.41,8310.67,25496.56,0.0,0.0,19.5645,,,China
IMP-2024-0429,PO-202411-046,INV-1012-202411-0003,SUP-1012,SKU-142,2024-11-26,2025-01-25,2025-02-28,2025-02-28,2025-03-06,2025-03-10,Hapag-Lloyd,HAPAG BERLIN EXPRESS 667W,FOB,20GP,Shanghai,Manzanillo,1,"$7,233.36","$7,233.36",8480.33,,1186.9,1282.5,3.6,8515310100,15752.93,"MXN 46,648.44",2487.92,57620.16,8340.2,18775.58,0.0,0.0,19.7417,0,Sin observaciones durante la inspección,China
IMP-2024-0430,PO-202411-047,INV-1002-202411-0010,SUP-1002,SKU-124,2024-11-26,2025-02-08,2025-03-15,2025-03-15,2025-04-01,2025-04-05,MSC,MSC ANZU 311E,FOB,40'GP,Shekou,Lázaro Cárdenas,1,7647.82,7647.82,7644.97,25.54,571.2,627.0,5.5,8414809900,15318.33,45641.58,2434.22,56376.48,8447.11,28853.96,,0.0,19.8636,0,Sin observaciones durante la inspección,China
IMP-2024-0431,PO-202411-048,INV-1007-202411-0004,SUP-1007,SKU-141,45624,45683,45723,45723,45729,45734,Hapag-Lloyd,MSC PALOMA 867W,FOB,20GP,Ningbo-Zhoushan,Veracruz,1,28081.16,"$28,081.16",8896.48,98.61,1895.6,2134.1,4.15,8515310100,37076.25,110470.17,5891.74,136452.75,7497.99,59739.24,,0.0,19.8636,,,China
IMP-2024-0432,PO-202411-049,INV-1014-202411-0010,SUP-1014,SKU-118,2024-11-28,2025-02-17,2025-03-16,2025-03-16,2025-03-29,2025-03-30,Hapag-Lloyd,MAERSK ESSEX 228W,CIF,40GP,Nantong,Manzanillo,3,29794.55,89383.65,0.0,,20018.4,22435.3,36.53,8477100100,89750.73,178277.26,14262.18,316049.93,6604.16,37200.45,0.0,9895.37,19.8636,,,China
IMP-2024-0433,PO-202412-001,INV-1010-202412-0001,SUP-1010,SKU-128,2024-12-01,2025-02-22,2025-03-30,2025-04-25,2025-05-07,2025-05-09,,COSCO VEGA 637W,FOB,40GP,Taizhou,Manzanillo,1,"49,636.09",49636.09,5914.49,271.12,5152.8,5883.8,12.12,8422309900,55821.7,109212.36,8736.99,193611.68,6120.97,17644.76,0.0,6004.12,19.5645,0,No issues found on inspection,China
IMP-2024-0434,PO-202412-002,INV-1010-202412-0002,SUP-1010,SKU-118,01/12/2024,13/03/2025,15/04/2025,15/04/2025,23/04/2025,24/04/2025,Ocean Network Express,HAPAG BERLIN EXPRESS 791E,CIF,40GP,Taizhou,Manzanillo,1,29203.01,29203.01,0.0,,6672.8,7506.8 kg,12.53,8477100100,29348.52,57418.91,4593.51,101792.25,8690.67,23362.94,0.0,0.0,19.5645,,,China
IMP-2024-0435,PO-202412-003,INV-1011-202412-0001,SUP-1011,SKU-136,02/12/2024,22/02/2025,23/03/2025,23/03/2025,25/03/2025,26/03/2025,Evergreen Marine,MAERSK COLUMBUS 181E,DDP,20GP,Shanghai,Manzanillo,2,18004.92,"$36,009.84",5602.3,195.27,3354.2,3679.5,10.99,8480710100,41807.41,41522.28,6643.57,140577.84,7571.67,23050.57,0.0,,19.8636,0,No issues found on inspection,China
IMP-2024-0436,PO-202412-004,INV-1007-202412-0001,SUP-1007,SKU-141,02/12/2024,14/02/2025,15/03/2025,18/04/2025,09/05/2025,12/05/2025,Maersk,COSCO ARIES 340E,FOB,20GP,Ningbo-Zhoushan,Manzanillo,6,"27,204.87",163229.22,8041.88,662.31,11373.6,12354.9,23.87,8515310100,171933.41,504568.68,26910.33,623243.23,5550.26,49318.9,0.0,7780.58,19.5645,3,Revisión eléctrica sin hallazgos,China
IMP-2024-0437,PO-202412-005,INV-1003-202412-0001,SUP-1003,SKU-133,03/12/2024,28/02/2025,01/04/2025,01/04/2025,23/04/2025,27/04/2025,Yang Ming Marine Transport,MSC ANZU 649W,FOB,40HC,Nansha,Manzanillo,3,99569.52,298708.56,7574.2,1582.8,60816.9,68547.1,94.38,8462910100,307865.56,602323.57,48185.89,1067799.23,6112.12,34599.46,0.0,,19.5645,,Control panel door misaligned,China
IMP-2024-0438,PO-202412-006,INV-1003-202412-0002,SUP-1003,SKU-117,2024-12-04,2025-03-03,2025-04-06,2025-04-06,2025-04-13,2025-04-17,Ocean Network Express,MAERSK ESSEX 539E,DDP,40GP,Nansha,Manzanillo,3,"33,003.27",99009.81,9393.64,309.95,34752.0,38849.9,51.68,8477100100,108713.4,212692.33,17015.39,377060.97,6110.42,32767.06,0.0,,19.5645,0,Sin observaciones durante la inspección,China
IMP-2024-0439,PO-202412-007,INV-1001-202412-0001,SUP-1001,SKU-114,45630,45741,45775,45775,45792,45796,Yang Ming Marine Transport,ONE APUS 579E,FOB,,Yantian,Manzanillo,6,71914.31,"$431,485.86",6662.12,1696.14,78637.2,88061.7,165.35,8477100100,439844.12,860533.03,68842.64,1525552.95,7060.47,73119.7,0.0,0.0,19.5645,0,Sin observaciones durante la inspección,China
IMP-2024-0440,PO-202412-008,INV-1011-202412-0002,SUP-1011,SKU-140,2024-12-04,2025-02-20,2025-03-20,2025-03-20,2025-03-26,2025-03-29,Maersk,YM WELLNESS 872W,FOB,20GP,Shanghai,Manzanillo,2,26265.53,52531.06,5517.55,,3555.4,4046.4,6.09,8515310100,58353.17,"MXN 173,865.60",9272.83,214758.79,7210.6,23016.44,0.0,0.0,19.8636,1,Fuga de aceite hidráulico,China
IMP-2024-0441,PO-202412-009,INV-1005-202412-0001,SUP-1005,SKU-131,2024-12-05,2025-03-02,2025-04-05,2025-04-05,2025-04-13,2025-04-15,,MAERSK ESSEX 133E,CIF,40HC,Shekou,Manzanillo,3,80359.13,"$241,077.39",0.0,,67733.1,75738.9,76.52,8462.91.01.00,242115.91,473687.67,37895.01,839753.51,3967.98,30867.32,0.0,0.0,19.5645,,,China
IMP-2024-0442,PO-202412-010,INV-1012-202412-0001,SUP-1012,SKU-103,12/06/2024,03/17/2025,04/13/2025,04/13/2025,04/21/2025,04/26/2025,Yang Ming Marine Transport,MAERSK ESSEX 579W,FOB,40GP,Shanghai,Lázaro Cárdenas,1,"172.325,73",172325.73,,787.94,18341.2,20145.5,17.86,8457100100,182167.39,356401.39,28512.11,631828.38,5143.01,30832.22,0.0,0.0,19.5645,0,Sin observaciones durante la inspección,China
IMP-2024-0443,PO-202412-011,INV-1001-202412-0002,SUP-1001,SKU-111,09/12/2024,09/02/2025,09/03/2025,10/03/2025,15/03/2025,18/03/2025,Hapag-Lloyd,EVER LIBRA 626W,FOB,40GP,Yantian,Manzanillo,2,45993.86,91987.72,8271.58,349.48,3712.0,4164.4,30.58,8456110100,100608.78,199845.26,15987.62,354285.67,8531.1,25917.11,0.0,0.0,19.8636,,,China
IMP-2024-0444,PO-202412-012,INV-1001-202412-0003,SUP-1001,SKU-114,2024-12-09,2025-03-27,2025-04-22,2025-04-22,2025-05-01,2025-05-04,COSCO Shipping Lines,YM WELLNESS 725W,FOB,40HC,Yantian,Manzanillo,1,71863.33,"$71,863.33",8538.6,285.17,13106.2,14794.9,27.84,8477100100,80687.1,157860.28,12628.82,279854.7,7646.89,25239.94,0.0,0.0,19.5645,0,No issues found on inspection,China
IMP-2024-0445,PO-202412-013,INV-1012-202412-0002,SUP-1012,SKU-103,2024-12-10,2025-03-10,2025-04-11,2025-05-15,2025-05-23,2025-05-25,Yang Ming Marine Transport,MAERSK COLUMBUS 882W,EXW,40GP,Shanghai (Waigaoqiao),Manzanillo,3,"158,715.39","$476,146.17",7521.26,0.0,55023.6,60452.8,54.91,8457100100,483667.43,925536.32,74042.91,1640790.79,5911.72,35545.51,13791.47,,19.1358,,,China
IMP-2024-0446,PO-202412-014,INV-1003-202412-0003,SUP-1003,SKU-133,12/10/2024,03/18/2025,04/24/2025,04/24/2025,05/01/2025,05/05/2025,Maersk,MAERSK COLUMBUS 856E,FOB,40HC,Nansha,Manzanillo,3,98962.73,"$296,888.19",7862.82,1245.78,60816.9,67806.1,90.65,8462910100,305996.79,598667.42,47893.39,1061317.6,8542.58,41178.3,0.0,0.0,19.5645,,,China
IMP-2024-0447,PO-202412-015,INV-1007-202412-0002,SUP-1007,SKU-132,2024-12-10,2025-03-02,2025-04-04,2025-04-04,2025-04-13,2025-04-15,COSCO Shipping Lines,HAPAG BERLIN EXPRESS 214E,CIF,40GP,Ningbo-Zhoushan,Manzanillo,1,31458.59,"$31,458.59",0.0,,14439.6,16180.8,12.42,8462910100,31563.32,61752.06,4940.16,109474.05,8012.18,26049.22,0.0,0.0,19.5645,,Hydraulic leak at fitting,China
IMP-2024-0448,PO-202412-016,INV-1006-202412-0001,SUP-1006,SKU-119,2024-12-10,2025-03-05,2025-04-02,2025-04-02,2025-04-08,2025-04-12,MSC,COSCO VEGA 566E,FOB,20GP,Ningbo-Zhoushan,Manzanillo,1,48095.88,"$48,095.88",6007.1,,2488.3,2750.7,3.69,8479500100,54247.27,53066.04,8490.57,179660.37,7067.36,18779.1,0.0,0.0,19.5645,,,China
IMP-2024-0449,PO-202412-017,INV-1013-202412-0001,SUP-1013,SKU-109,2024-12-11,2025-02-06,2025-03-08,2025-03-10,2025-03-13,2025-03-15,Yang Ming Marine Transport,ONE APUS 442W,CIF,40GP,Shanghai,Manzanillo,2,82659.94,"$165,319.88",0.0,677.66,26814.4,30376.7,24.03,8458110100,165997.54,329730.87,26378.47,584546.89,8758.01,32237.62,0.0,0.0,19.8636,,,China
IMP-2024-0450,PO-202412-018,INV-1013-202412-0002,SUP-1013,SKU-140,11-12-2024,12-03-2025,16-04-2025,16-04-2025,23-04-2025,24-04-2025,Evergreen Marine,EVER LIBRA 203E,DDP,20GP,Shanghai,Lázaro Cárdenas,1,28269.58,"$28,269.58",5568.05,112.55,1777.7,1979.3,3.14,8515310100,33950.18,99632.74,5313.75,123066.37,8359.41,36711.68,0.0,0.0,19.5645,,,China
IMP-2024-0451,PO-202412-019,INV-1014-202412-0001,SUP-1014,SKU-134,2024-12-12,2025-02-03,2025-03-07,2025-03-07,,2025-03-13,MSC,HAPAG BERLIN EXPRESS 818W,CIF,20GP,NANTONG,Manzanillo,3,7230.13,21690.39,0.0,72.94,4195.5,4653.4,12.23,8480710100,21763.33,21614.9,3458.38,73179.42,5867.24,41015.93,0.0,0.0,19.8636,,,China
IMP-2024-0452,PO-202412-020,INV-1002-202412-0001,SUP-1002,SKU-125,12/12/2024,04/03/2025,04/04/2025,04/04/2025,12/04/2025,14/04/2025,Ocean Network Express,EVER LIBRA 352E,CIF,20GP,Shekou,Lázaro Cárdenas,1,15345.20,15345.20,0.0,89.76,3330.5,3834.3,7.1,8414809900,15434.96,45296.59,2415.82,55950.35,7462.72,34709.21,0.0,,19.5645,,,China
IMP-2024-0453,PO-202412-021,INV-1013-202412-0003,SUP-1013,SKU-137,13/12/2024,29/01/2025,28/02/2025,28/02/2025,,23/03/2025,Yang Ming Marine Transport,COSCO VEGA 384E,CIF,40GP,Shanghai,Manzanillo,1,35115.55,35115.55,0.0,180.52,5455.3,6150.0,18.49,8428330100,35296.07,69680.44,5574.44,123529.49,9093.48,19701.78,0.0,0.0,19.7417,0,No issues found on inspection,China
IMP-2024-0454,PO-202412-022,INV-1005-202412-0002,SUP-1005,SKU-133,12/13/2024,02/19/2025,03/27/2025,03/27/2025,03/31/2025,04/02/2025,Yang Ming Marine Transport,YM WELLNESS 167W,FOB,40HC,Shekou,Manzanillo,3,100826.26,302478.78,8679.3,1272.11,60816.9,66273.9,95.76,8462910100,312430.19,"MXN 620,598.83",49647.91,1100197.61,6395.93,31484.71,0.0,0.0,19.8636,,,China
IMP-2024-0455,PO-202412-023,INV-1009-202412-0001,SUP-1009,SKU-131,2024-12-13,2025-03-05,2025-04-01,,2025-04-06,2025-04-10,Ocean Network Express,ONE APUS 111E,FOB,40HC,Ningbo-Zhoushan,Manzanillo,1,77406.30,"$77,406.30",7620.06,330.88,22577.7,25655.1,24.49,8462910100,85357.24,166997.17,13359.77,296052.59,7872.8,23387.24,0.0,0.0,19.5645,,,China
IMP-2024-0456,PO-202412-024,INV-1014-202412-0002,SUP-1014,SKU-104,2024-12-13,2025-03-07,2025-04-04,2025-04-04,2025-04-10,2025-04-14,Maersk,MSC ANZU 586E,FOB,40HC,Nantong,Manzanillo,3,157379.11,"$472,137.33",6757.64,,25910.1,29692.7,89.16,8457100100,481381.35,941798.54,75343.88,1669620.46,3560.81,34745.44,0.0,0.0,19.5645,,,China
IMP-2024-0457,PO-202412-025,INV-1011-202412-0003,SUP-1011,SKU-135,12/14/2024,02/27/2025,04/04/2025,04/04/2025,04/11/2025,04/12/2025,COSCO Shipping Lines,MAERSK ESSEX 404E,FOB,20GP,Shanghai,Manzanillo,2,"4.036,62","$8,073.24",7610.3,30.99,3776.6,4135.0,8.52,8480710100,15714.53,15372.35,2459.58,52044.61,4773.04,33039.01,0.0,0.0,19.5645,0,No issues found on inspection,China
IMP-2024-0458,PO-202412-026,INV-1002-202412-0002,SUP-1002,SKU-125,12/16/2024,02/20/2025,03/29/2025,03/29/2025,03/31/2025,04/04/2025,MSC,COSCO VEGA 304W,CIF,20GP,Shekou,Veracruz,1,"14,351.29","$14,351.29",0.0,,3330.5,3648.4,7.23,8414809900,14421.75,42970.18,2291.74,53076.77,7401.28,58829.86,0.0,0.0,19.8636,,,China
IMP-2024-0459,PO-202412-027,INV-1003-202412-0004,SUP-1003,SKU-133,12/16/2024,03/05/2025,04/04/2025,04/04/2025,04/09/2025,04/10/2025,MSC,COSCO ARIES 765W,EXW,40HC,Nansha,Manzanillo,3,96820.35,290461.05,8478.16,,60816.9,70071.7,87.09,8462910100,298939.21,584859.62,46788.77,1036839.13,5098.27,40655.88,0.0,0.0,19.5645,,,China
IMP-2024-0460,PO-202412-028,INV-1010-202412-0003,SUP-1010,SKU-110,12/16/2024,03/07/2025,03/31/2025,04/01/2025,04/05/2025,04/09/2025,Yang Ming Marine Transport,HAPAG BERLIN EXPRESS 244W,FOB,20GP,Taizhou,Lázaro Cárdenas,1,19969.16,"$19,969.16",7602.7,107.91,4689.9,5161.9,11.2,8456110100,27679.77,54154.09,4332.33,96004.36,7045.24,39413.23,0.0,,19.5645,,,China
IMP-2024-0461,PO-202412-029,INV-1007-202412-0003,SUP-1007,SKU-132,12/17/2024,04/05/2025,05/03/2025,05/03/2025,05/09/2025,05/10/2025,Hapag-Lloyd,YM WELLNESS 310E,EXW,40GP,Ningbo-Zhoushan,Manzanillo,6,"$30,109.10","$180,654.60",6984.77,0.0,86637.6,98862.0,74.06,846291,187639.37,359062.95,28725.04,636546.79,5804.87,66672.32,0.0,0.0,19.1358,,,China
IMP-2024-0462,PO-202412-030,INV-1007-202412-0004,SUP-1007,SKU-130,45643,45723,45752,45757,45760,45764,MSC,YM WELLNESS 817E,CIF,40HC,Ningbo-Zhoushan,Manzanillo,2,78821.70,"$157,643.40",0.0,,45598.0,49736.2,66.98,8462910100,158316.82,"MXN 309,738.94",24779.12,549105.2,4643.22,36274.06,0.0,0.0,19.5645,0,No issues found on inspection,China
IMP-2024-0463,PO-202412-031,INV-1003-202412-0005,SUP-1003,SKU-117,18/12/2024,11/03/2025,21/04/2025,17/05/2025,19/05/2025,22/05/2025,Yang Ming Marine Transport,YM WELLNESS 778W,CIF,40GP,Nansha,Veracruz,2,33530.34,"$67,060.68",0.0,334.91,23168.0,26704.7,32.79,8477100100,67395.59,128966.85,10317.35,228632.44,8576.75,69214.59,,0.0,19.1358,0,No issues found on inspection,China
IMP-2024-0464,PO-202412-032,INV-1003-202412-0006,SUP-1003,SKU-123,18/12/2024,27/03/2025,25/04/2025,25/04/2025,27/04/2025,30/04/2025,Ocean Network Express,COSCO ARIES 144W,CIF,20GP,Nansha,Manzanillo,4,17429.59,"$69,718.36",0.0,,6143.6,6766.9,29.39,8414809900,69967.82,205332.81,10951.08,253627.09,5838.99,41361.13,0.0,0.0,19.5645,,,China
IMP-2024-0465,PO-202412-033,INV-1007-202412-0005,SUP-1007,SKU-130,2024-12-19,2025-02-27,2025-04-01,2025-04-01,2025-04-06,2025-04-07,COSCO Shipping Lines,COSCO VEGA 376E,FOB,40HC,Ningbo-Zhoushan,Manzanillo,3,82975.06,248925.18,7348.27,827.85,68397.0,75471.0,94.74,8462910100,257101.3,503005.84,40240.47,891728.75,7860.09,37598.05,0.0,0.0,19.5645,0,No issues found on inspection,China
IMP-2024-0466,PO-202412-034,INV-1005-202412-0003,SUP-1005,SKU-139,19/12/2024,21/02/2025,25/03/2025,25/03/2025,08/04/2025,12/04/2025,Maersk,MAERSK COLUMBUS 477W,FOB,20GP,Shekou,Manzanillo,2,"21,471.52",42943.04,7434.03,,2067.6,2289.6,19.96,8428330100,50507.23,100325.54,8026.04,177857.12,4209.57,30719.16,0.0,0.0,19.8636,0,Sin observaciones durante la inspección,China
IMP-2024-0467,PO-202412-035,INV-1008-202412-0001,SUP-1008,SKU-141,20/12/2024,18/02/2025,19/03/2025,19/03/2025,24/03/2025,27/03/2025,Evergreen Marine,MAERSK COLUMBUS 311E,FOB,20GP,Wenzhou,Manzanillo,2,28655.64,"$57,311.28",6896.69,,3791.2,4167.5,7.73,8515310100,64497.87,192173.98,10249.28,237373.3,9014.63,23776.37,0.0,0.0,19.8636,,,China
IMP-2024-0468,PO-202412-036,INV-1013-202412-0004,SUP-1013,SKU-137,21/12/2024,20/02/2025,26/03/2025,26/03/2025,04/04/2025,08/04/2025,Ocean Network Express,COSCO VEGA 182W,FOB,40GP,Shanghai,Lázaro Cárdenas,3,35196.62,105589.86,8406.81,,16365.9,18917.6,56.08,8428330100,114623.34,227683.22,18214.66,403636.81,7738.6,62168.9,0.0,0.0,19.8636,,,China
IMP-2024-0469,PO-202412-037,INV-1003-202412-0007,SUP-1003,SKU-113,21/12/2024,30/03/2025,12/05/2025,12/05/2025,15/05/2025,18/05/2025,Evergreen Marine,YM WELLNESS 872W,FOB,40GP,Nansha,Veracruz,4,"$57,629.70",230518.80,8771.8,877.48,12782.8,14093.2,68.61,8456110100,240168.08,459580.83,36766.47,814744.9,8153.47,116178.41,0.0,,19.1358,,,China
IMP-2024-0470,PO-202412-038,INV-1002-202412-0003,SUP-1002,SKU-138,22/12/2024,07/03/2025,03/04/2025,03/04/2025,09/04/2025,10/04/2025,Evergreen Marine,COSCO ARIES 852W,FOB,40GP,Shekou,Manzanillo,1,11492.32,11492.32,,,5253.7,5743.6,12.73,8428330100,18891.95,36961.16,2956.89,65524.74,8082.86,26962.52,0.0,0.0,19.5645,,,China
IMP-2024-0471,PO-202412-039,INV-1013-202412-0005,SUP-1013,SKU-117,45648,45741,45785,45811,45816,45819,Yang Ming Marine Transport,COSCO VEGA 853W,FOB,40GP,Shanghai,Veracruz,2,31588.78,"$63,177.56",8348.86,222.2,23168.0,26089.0,34.47,8477100100,71748.62,136625.16,10930.01,242209.08,6405.28,72679.45,0.0,0.0,19.0422,,,China
IMP-2024-0472,PO-202412-040,INV-1011-202412-0004,SUP-1011,SKU-115,23/12/2024,06/03/2025,10/04/2025,28/04/2025,03/05/2025,07/05/2025,Maersk,MSC ANZU 441W,CIF,40GP,Shanghai,Lázaro Cárdenas,1,43143.26,"$43,143.26",0.0,,4563.0,4953.5,17.65,8477100100,43321.05,84755.47,6780.44,150254.49,3741.25,31031.19,0.0,0.0,19.5645,,,China
IMP-2024-0473,PO-202412-041,INV-1002-202412-0004,SUP-1002,SKU-114,23/12/2024,31/03/2025,01/05/2025,01/05/2025,07/05/2025,10/05/2025,Ocean,MAERSK ESSEX 653W,FOB,20GP,Shekou,Lázaro Cárdenas,2,"67,549.05","$135,098.10",5208.7,559.18,4287.2,4799.9,15.73,8456110100,140865.98,269558.32,21564.67,477872.99,4695.36,54926.7,0.0,0.0,19.1358,,,China
IMP-2024-0474,PO-202412-042,INV-1012-202412-0003,SUP-1012,SKU-101,23/12/2024,19/02/2025,28/03/2025,05/04/2025,13/04/2025,17/04/2025,Ocean Network Express,COSCO VEGA 136W,FOB,40HC,Shanghai,Manzanillo,2,150587.53,"$301,175.06",6725.13,1285.73,17085.0,19138.3,63.23,8457100100,309185.92,604906.79,48392.54,1072378.76,7355.77,25172.92,0.0,0.0,19.5645,,,China
IMP-2024-0475,PO-202412-043,INV-1002-202412-0005,SUP-1002,SKU-124,24/12/2024,23/03/2025,26/04/2025,26/04/2025,03/05/2025,,Evergreen Marine,COSCO VEGA 307W,FOB,20GP,Shekou,Veracruz,3,7193.35,"$21,580.05",8679.36,72.09,1713.6,1963.0,14.58,8414809900,30331.5,"MXN 89,013.09",4747.37,109948.97,8813.38,97188.7,0.0,,19.5645,,,China
IMP-2024-0476,PO-202412-044,INV-1009-202412-0002,SUP-1009,SKU-131,24/12/2024,02/04/2025,29/04/2025,29/04/2025,08/05/2025,12/05/2025,Maersk,EVER LIBRA 357E,FOB,40HC,Ningbo-Zhoushan,Lázaro Cárdenas,3,"79,270.99",237812.97,7149.77,,67733.1,76873.1,73.63,8462910100,246271.45,"MXN 481,817.78",38545.42,854166.56,7706.63,69641.5,0.0,0.0,19.5645,,,China
IMP-2024-0477,PO-202412-045,INV-1007-202412-0006,SUP-1007,SKU-129,26/12/2024,23/03/2025,,26/04/2025,02/05/2025,03/05/2025,Yang Ming Marine Transport,MSC ANZU 877W,CIF,40GP,Ningbo-Zhoushan,Manzanillo,2,39231.68,78463.36,0.0,376.76,15544.0,17220.2,37.44,8422309900,78840.12,154246.75,12339.74,273448.64,4715.06,33970.15,0.0,0.0,19.5645,,,China
IMP-2024-0478,PO-202412-046,INV-1013-202412-0006,SUP-1013,SKU-109,2024-12-27,2025-02-14,2025-03-18,2025-03-18,2025-03-27,2025-03-29,Maersk,MAERSK ESSEX 339W,FOB,40GP,Shanghai,Lázaro Cárdenas,2,80700.41,"$161,400.82",8997.15,,26814.4,29330.9,26.92,8458110100,171021.34,339709.95,27176.8,602237.8,4803.34,45687.51,0.0,0.0,19.8636,,,China
IMP-2024-0479,PO-202412-047,INV-1005-202412-0004,SUP-1005,SKU-141,27/12/2024,16/03/2025,12/04/2025,11/04/2025,27/04/2025,01/05/2025,Evergreen Marine,ONE APUS 470W,DDP,20GP,"Shekou, CN",Manzanillo,3,"28.967,96",86903.88,9096.75,,5686.8,6223.7,12.05,8515310100,96439.28,"MXN 283,017.94",15094.29,349583.76,4294.76,45862.01,0.0,2471.75,19.5645,,,China
IMP-2024-0480,PO-202412-048,INV-1013-202412-0007,SUP-1013,SKU-140,27/12/2024,04/04/2025,01/05/2025,01/05/2025,04/05/2025,06/05/2025,maersk,MSC PALOMA 133E,,20GP,Shanghai,Manzanillo,3,27759.71,83279.13,8435.98,0.0,5333.1,6144.2,9.67,8515310100,91715.11,263256.3,14040.34,325174.18,5686.93,39760.7,0.0,0.0,19.1358,,,China
IMP-2024-0481,PO-202412-049,INV-1014-202412-0003,SUP-1014,SKU-134,2024-12-28,2025-03-12,2025-04-14,2025-04-26,2025-05-02,2025-05-06,Evergreen Marine,ONE APUS 207E,CIF,20GP,Nantong,Lázaro Cárdenas,1,7344.66,"$7,344.66",0.0,,1398.5,1621.5,4.16,8480710100,7387.04,7226.19,1156.19,24464.98,7339.36,35126.26,36135.83,0.0,19.5645,0,No issues found on inspection,China
IMP-2024-0482,PO-202412-050,INV-1001-202412-0004,SUP-1001,SKU-114,28/12/2024,17/04/2025,25/05/2025,25/05/2025,27/05/2025,31/05/2025,Evergreen Marine,MSC PALOMA 543W,FOB,40HC,Yantian,Manzanillo,1,67042.19,67042.19,6891.61,,13106.2,15030.2,26.84,8477100100,74330.71,142237.76,11379.02,252159.1,3798.51,18803.22,,0.0,19.1358,,,China
IMP-2024-0483,PO-202412-051,INV-1003-202412-0008,SUP-1003,SKU-113,2024-12-28,2025-03-28,2025-04-28,2025-04-28,2025-05-01,2025-05-03,Yang Ming Marine Transport,MAERSK COLUMBUS 264W,FOB,40GP,Nansha,Manzanillo,1,59367.89,"$59,367.89",8836.86,329.07,3195.7,3635.4,19.17,8456110100,68533.82,134082.99,10726.64,237702.33,7037.75,17401.98,0.0,0.0,19.5645,,,China
IMP-2025-0001,PO-202501-001,INV-1013-202501-0001,SUP-1013,SKU-137,01-01-2025,09-03-2025,14-04-2025,14-04-2025,17-04-2025,21-04-2025,COSCO Shipping Lines,COSCO ARIES 593W,DDP,40GP,Shanghai,Manzanillo,4,33860.08,135440.32,,564.59,21821.2,24193.1,67.8,8428330100,141641.5,277114.51,22169.16,491268.61,7354.37,47581.3,0.0,,19.5645,,,China
IMP-2025-0002,PO-202501-002,INV-1003-202501-0001,SUP-1003,SKU-119,01/01/2025,04/02/2025,05/17/2025,05/17/2025,05/23/2025,05/24/2025,MSC,MAERSK ESSEX 118W,CIF,20GP,Nansha,Manzanillo,3,51741.02,155223.06,0.0,505.06,7464.9,8175.3,10.72,8479500100,155728.12,148999.11,23839.86,504451.38,6167.52,38703.31,0.0,0.0,19.1358,,,China
IMP-2025-0003,PO-202501-003,INV-1012-202501-0001,SUP-1012,SKU-108,2025-01-01,2025-03-03,2025-04-03,2025-04-03,2025-04-12,2025-04-14,Yang Ming Marine Transport,MAERSK COLUMBUS 556E,CIF,20GP,Shanghai,Lázaro Cárdenas,2,116090.92,"$232,181.84",0.0,978.82,22438.4,24605.8,22.81,8458110100,233160.66,"MXN 456,167.17",36493.37,808693.16,7436.63,48491.07,0.0,0.0,19.5645,1,Perforación fuera de tolerancia,China
IMP-2025-0004,PO-202501-004,INV-1008-202501-0001,SUP-1008,SKU-126,02/01/2025,09/04/2025,21/05/2025,21/05/2025,26/05/2025,28/05/2025,Ocean Network Express,HAPAG BERLIN EXPRESS 320W,FOB,40GP,Wenzhou,"Manzanillo, Colima",2,30413.91,"$60,827.82",7234.13,359.04,12461.6,13727.6,27.04,8422309900,68420.99,"MXN 130,929.04",10474.32,232111.0,6380.66,23210.24,0.0,0.0,19.1358,,,China
IMP-2025-0005,PO-202501-005,INV-1013-202501-0002,SUP-1013,SKU-109,2025-01-02,2025-03-05,2025-04-10,2025-04-10,2025-05-01,,COSCO Shipping Lines,COSCO VEGA 375E,DDP,,Shanghai,Manzanillo,1,"76,712.40",76712.40,5227.22,,13407.2,14699.5,12.85,8458110100,82244.54,160907.33,12872.59,285256.52,5734.62,25896.84,0.0,4000.96,19.5645,,,China
IMP-2025-0006,PO-202501-006,INV-1008-202501-0002,SUP-1008,SKU-126,03-01-2025,06-04-2025,13-05-2025,13-05-2025,21-05-2025,,Yang Ming Marine Transport,COSCO ARIES 279E,DDP,40GP,Wenzhou,Manzanillo,1,29796.38,29796.38,6046.27,109.92,6230.8,7132.0,13.2,8422309900,35952.57,68798.12,5503.85,121965.31,6162.53,20829.85,0.0,0.0,19.1358,3,Tornillería incompleta,China
IMP-2025-0007,PO-202501-007,INV-1013-202501-0003,SUP-1013,SKU-113,01/03/2025,04/13/2025,05/19/2025,05/19/2025,05/27/2025,05/29/2025,Ocean Network Express,COSCO VEGA 134E,,40GP,Shanghai,Lázaro Cárdenas,3,"$60,546.56","$181,639.68",9469.21,,9587.1,11006.0,55.36,8456110100,191769.15,366965.61,29357.25,650556.63,4164.74,58593.35,0.0,,19.1358,,,China
IMP-2025-0008,PO-202501-008,INV-1014-202501-0001,SUP-1014,SKU-116,03/01/2025,13/04/2025,18/05/2025,18/05/2025,27/05/2025,31/05/2025,Yang Ming Marine Transport,MAERSK COLUMBUS 878E,FOB,40 HC,Nantong,Manzanillo,2,86271.00,"$172,542.00",6498.82,580.29,12842.8,14761.2,20.59,8477100100,179621.11,343719.36,27497.55,609345.69,6757.85,34962.77,0.0,0.0,19.1358,,Perforación fuera de tolerancia,China
IMP-2025-0009,PO-202501-009,INV-1014-202501-0002,SUP-1014,SKU-107,2025-01-04,2025-03-20,2025-04-26,2025-04-26,2025-05-01,2025-05-05,Yang Ming Marine Transport,HAPAG BERLIN EXPRESS 717W,FOB,40GP,Nantong,Manzanillo,3,42803.59,"$128,410.77",6704.21,745.93,31627.2,35509.0,38.68,8458110100,135860.91,"MXN 265,805.08",21264.41,471219.24,5085.33,38061.55,0.0,0.0,19.5645,,,China
IMP-2025-0010,PO-202501-010,INV-1011-202501-0001,SUP-1011,SKU-115,2025-01-05,2025-04-05,2025-05-10,2025-05-10,,2025-05-18,Hapag-Lloyd,MAERSK ESSEX 129E,FOB,40GP,Shanghai,Lázaro Cárdenas,6,40846.34,"$245,078.04",,,27378.0,31555.8,119.92,8477100100,257556.67,492855.29,39428.42,873733.86,4895.61,105600.51,0.0,,19.1358,,,China
IMP-2025-0011,PO-202501-011,INV-1002-202501-0001,SUP-1002,SKU-124,2025-01-05,2025-04-03,2025-05-11,2025-05-11,2025-05-28,2025-05-31,COSCO Shipping Lines,MSC ANZU 449W,FOB,20GP,Shekou,Manzanillo,1,"$8,064.08","$8,064.08",6792.41,45.19,571.2,652.0,5.39,8462910100,14901.68,"MXN 42,773.34",2281.24,52833.62,6621.1,17993.77,0.0,1650.53,19.1358,,,China
IMP-2025-0012,PO-202501-012,INV-1002-202501-0002,SUP-1002,SKU-107,2025-01-05,2025-03-16,2025-04-23,2025-04-23,2025-04-29,2025-05-01,Evergreen Marine,HAPAG BERLIN EXPRESS 536W,CIF,40GP,Shenzhen (Shekou),Lázaro Cárdenas,1,45688.19,45688.19,0.0,167.8,10542.4,11813.3,13.34,8458110100,45855.99,89714.95,7177.2,159046.67,6625.15,33485.09,0.0,0.0,19.5645,1,Guard cracked during transit,China
IMP-2025-0013,PO-202501-013,INV-1008-202501-0003,SUP-1008,SKU-126,01/08/2025,04/24/2025,05/31/2025,05/31/2025,06/03/2025,06/07/2025,MSC,ONE APUS 446W,,40GP,Wenzhou,Lázaro Cárdenas,6,31243.13,187458.78,,,37384.8,43041.1,75.5,8422309900,198004.76,378897.95,30311.84,671710.28,3988.06,99869.87,0.0,0.0,19.1358,,,China
IMP-2025-0014,PO-202501-014,INV-1011-202501-0002,SUP-1011,SKU-127,01/10/2025,04/10/2025,05/19/2025,05/19/2025,05/22/2025,05/23/2025,Maersk,MAERSK COLUMBUS 333E,FOB,40GP,Shanghai,Lázaro Cárdenas,3,54936.93,164810.79,6109.21,631.05,11476.5,12494.2,58.57,8422309900,171551.05,328276.66,26262.13,581968.86,5469.2,47805.88,0.0,0.0,19.1358,0,No issues found on inspection,China
IMP-2025-0015,PO-202501-015,INV-1007-202501-0001,SUP-1007,SKU-129,2025-01-13,2025-04-11,2025-05-23,2025-05-23,2025-05-29,2025-05-31,Ocean Network Express,ONE APUS 711E,FOB,40GP,Ningbo-Zhoushan,Manzanillo,1,"$38,281.38","$38,281.38",6048.91,,7772.0,8933.5,18.68,8422309900,44470.78,85098.4,6807.87,150862.43,6127.77,20830.31,0.0,,19.1358,,,China
IMP-2025-0016,PO-202501-016,INV-1013-202501-0004,SUP-1013,SKU-132,01/14/2025,04/18/2025,05/30/2025,05/30/2025,06/08/2025,06/10/2025,Maersk,MAERSK COLUMBUS 497W,FOB ,40GP,Shanghai,Manzanillo,1,29464.48,29464.48,5305.45,,14439.6,16660.6,13.12,846291,34932.05,66845.27,5347.62,118503.3,7341.72,26372.48,,0.0,19.1358,,,China
IMP-2025-0017,PO-202501-017,INV-1013-202501-0005,SUP-1013,SKU-137,01/15/2025,03/08/2025,04/17/2025,04/17/2025,05/04/2025,05/07/2025,MSC,HAPAG BERLIN EXPRESS 514E,FOB,40GP,Shanghai,Manzanillo,4,34258.83,"$137,035.32",8318.22,552.19,21821.2,24013.2,73.01,8428330100,145905.73,285457.27,22836.58,506058.64,8570.59,55054.57,0.0,,19.5645,,,China
IMP-2025-0018,PO-202501-018,INV-1013-202501-0006,SUP-1013,SKU-137,2025-01-16,2025-03-16,2025-04-26,2025-04-26,2025-05-03,,Evergreen Marine,MAERSK COLUMBUS 221E,FOB,40GP,Shanghai,Manzanillo,6,32629.82,"$195,778.92",,,32731.8,37099.5,102.52,8428330100,205699.14,402440.08,32195.21,713445.78,8409.34,68146.98,0.0,0.0,19.5645,0,Sin observaciones durante la inspección,China
IMP-2025-0019,PO-202501-019,INV-1013-202501-0007,SUP-1013,SKU-140,2025-01-15,2025-04-19,2025-05-25,2025-05-25,2025-05-31,2025-06-01,evergreen marine,MSC ANZU 788E,FOB,,Shanghai,Manzanillo,3,26141.86,"$78,425.58",6225.72,,5333.1,5960.2,9.61,8515310100,84905.44,243710.03,12997.87,301030.63,4764.35,40454.03,0.0,0.0,19.1358,,,China
IMP-2025-0020,PO-202501-020,INV-1007-202501-0002,SUP-1007,SKU-143,01/16/2025,04/18/2025,05/19/2025,05/19/2025,05/24/2025,05/28/2025,Ocean Network Express,HAPAG BERLIN EXPRESS 639W,FOB,20GP,Ningbo-Zhoushan,Manzanillo,3,6971.57,20914.71,8225.4,79.15,3560.7,4067.1,9.93,8515310100,29219.26,83870.09,4473.07,103596.33,5760.44,38394.82,0.0,0.0,19.1358,,,China
IMP-2025-0021,PO-202501-021,INV-1003-202501-0002,SUP-1003,SKU-121,2025-01-17,2025-04-20,2025-05-25,2025-05-25,2025-05-30,,Maersk,HAPAG BERLIN EXPRESS 812W,FOB,20GP,Nansha,Manzanillo,1,66055.36,66055.36,,,2365.9,2726.8,8.52,8479500100,75153.98,"MXN 71,906.58",11505.05,243446.91,6451.06,25996.62,0.0,0.0,19.1358,,,China
IMP-2025-0022,PO-202501-022,INV-1002-202501-0003,SUP-1002,SKU-107,19/01/2025,16/03/2025,01/05/2025,01/05/2025,07/05/2025,11/05/2025,Hapag-Lloyd,MAERSK COLUMBUS 804W,CIF,40GP,Shekou,Manzanillo,1,43507.30,"$43,507.30",0.0,,10542.4,11476.0,12.59,8458110100,43706.41,83635.71,6690.86,148269.39,8539.83,23841.52,,0.0,19.1358,,,China
IMP-2025-0023,PO-202501-023,INV-1013-202501-0008,SUP-1013,SKU-101,2025-01-19,2025-03-28,2025-05-03,2025-05-03,2025-05-12,2025-05-13,Yang Ming Marine Transport,YM WELLNESS 112W,CIF,40HC,Shanghai,Lázaro Cárdenas,4,"162,689.17",650756.68,0.0,,34170.0,39323.3,123.76,8457100100,652881.0,1249340.02,99947.2,2214829.99,8648.18,62117.91,0.0,,19.1358,,,China
IMP-2025-0024,PO-202501-024,INV-1014-202501-0003,SUP-1014,SKU-118,01/20/2025,05/03/2025,06/08/2025,06/16/2025,06/20/2025,06/24/2025,Yang Ming Marine Transport,COSCO ARIES 848W,FOB,40GP,Nantong,Manzanillo,6,28188.02,"$169,128.12",10514.89,,40036.8,45292.9 kg,74.43,8477100100,180266.45,343266.98,27461.36,608543.7,6413.16,52052.22,,,19.0422,,,China
IMP-2025-0025,PO-202501-025,INV-1013-202501-0009,SUP-1013,SKU-137,2025-01-24,2025-03-15,2025-04-23,2025-05-27,2025-05-30,2025-06-02,Evergreen Marine,YM WELLNESS 348E,FOB,,Shanghai,Lázaro Cárdenas,3,33309.09,99927.27,7755.44,326.5,16365.9,18120.6,52.57,8428330100,108009.21,206684.26,16534.74,366409.86,9093.07,53308.38,,,19.1358,,,China
IMP-2025-0026,PO-202501-026,INV-1006-202501-0001,SUP-1006,SKU-101,2025-01-26,2025-03-18,2025-04-27,2025-04-27,2025-05-04,2025-05-07,Evergreen Marine,MSC PALOMA 434E,CIF,40HC,Ningbo-Zhoushan,Manzanillo,1,148339.16,148339.16,0.0,840.73,8542.5,9756.7,31.26,8457100100,149179.89,291863.0,23349.04,517414.72,4505.69,21498.81,,0.0,19.5645,,,China
IMP-2025-0027,PO-202501-027,INV-1004-202501-0001,SUP-1099,SKU-127,27/01/2025,09/05/2025,16/06/2025,24/06/2025,28/06/2025,02/07/2025,COSCO Shipping Lines,MAERSK COLUMBUS 319W,EXW,40GP,Yantian,Manzanillo,1,52732.99,"$52,732.99",8353.78,0.0,3825.5,4369.4,19.31,8422309900,61086.77,116322.65,9305.81,206216.79,5228.89,21169.53,,0.0,19.0422,,,China
IMP-2025-0028,PO-202501-028,INV-1012-202501-0002,SUP-1012,SKU-142,28/01/2025,18/04/2025,02/06/2025,02/06/2025,04/06/2025,06/06/2025,Ocean Network Express,MAERSK ESSEX 654W,CIF,20GP,Shanghai,Manzanillo,1,6879.97,6879.97,0.0,,1186.9,1347.7,3.38,8515310100,6917.65,19759.09,1053.82,24406.43,6963.32,23646.11,0.0,,19.0422,,,China
IMP-2025-0029,PO-202501-029,INV-1009-202501-0001,SUP-1009,SKU-131,2025-01-28,2025-04-19,2025-05-28,2025-05-28,2025-06-10,2025-06-11,COSCO Shipping Lines,MSC PALOMA 338W,FOB,40HC,Ningbo-Zhoushan,Manzanillo,4,73620.17,294480.68,,,90310.8,103462.5,103.72,8462910100,305580.99,584753.67,46780.29,1036651.31,6336.3,42855.63,0.0,0.0,19.1358,,,China
IMP-2025-0030,PO-202501-030,INV-1014-202501-0004,SUP-1014,SKU-134,2025-01-28,2025-03-31,2025-05-06,2025-05-06,2025-05-12,2025-05-15,COSCO Shipping Lines,YM WELLNESS 695E,FOB,20GP,Nantong,Manzanillo,1,7511.23,7511.23,7865.95,34.66,1398.5,1558.6,4.46,8480710100,15411.84,14745.89,2359.34,49923.7,8152.25,23585.19,0.0,0.0,19.1358,,,China
IMP-2025-0031,PO-202501-031,INV-1002-202501-0004,SUP-1002,SKU-107,01/28/2025,04/05/2025,05/18/2025,05/18/2025,06/05/2025,06/09/2025,Hapag-Lloyd,COSCO VEGA 314W,CIF,40GP,Shekou,Manzanillo,2,"45.825,20","$91,650.40",0.0,,21084.8,24079.6,27.57,8458110100,91937.55,175929.86,14074.39,311888.45,7015.19,28850.93,0.0,0.0,19.1358,0,Sin observaciones durante la inspección,China
IMP-2025-0032,PO-202502-001,INV-1003-202502-0001,SUP-1003,SKU-113,02/01/2025,05/14/2025,06/14/2025,06/14/2025,06/23/2025,06/24/2025,Maersk,MSC PALOMA 699W,FOB,40GP,Nansha,Manzanillo,2,62657.80,125315.60,8976.79,509.51,6391.4,7202.1,34.39,8456110100,134801.9,256692.47,20535.4,455064.42,5162.66,29057.84,,0.0,19.0422,,,China
IMP-2025-0033,PO-202502-002,INV-1002-202502-0001,SUP-1002,SKU-106,2025-02-02,2025-05-05,2025-06-12,2025-06-24,2025-06-29,2025-07-03,COSCO Shipping Lines,MAERSK COLUMBUS 277E,DDP,40GP,Shekou,Lázaro Cárdenas,3,87118.01,"$261,354.03",,960.91,39981.9,44176.9,53.42,8458110100,271341.48,516693.87,41335.51,915994.9,7465.92,58511.73,38154.89,0.0,19.0422,,,China
IMP-2025-0034,PO-202502-003,INV-1010-202502-0001,SUP-1010,SKU-110,2025-02-02,2025-04-12,2025-05-29,2025-05-29,2025-06-02,2025-06-04,Evergreen Marine,EVER LIBRA 371E,CIF,20GP,Taizhou,Veracruz,1,19367.02,19367.02,0.0,97.97,4689.9,5092.4,11.77,8456110100,19464.99,37247.82,2979.83,66032.93,8646.59,64826.92,0.0,0.0,19.1358,,,China
IMP-2025-0035,PO-202502-004,INV-1005-202502-0001,SUP-1005,SKU-138,2025-02-03,2025-04-30,2025-06-13,2025-06-13,2025-06-21,2025-06-24,Ocean Network Express,MSC ANZU 861W,CIF,40GP,Shekou,Manzanillo,3,11444.91,34334.73,,,15761.1,17082.9,36.36,8428330100,34456.3,65612.38,5248.99,116317.62,4139.49,29213.13,0.0,,19.0422,,,China
IMP-2025-0036,PO-202502-005,INV-1002-202502-0002,SUP-1002,SKU-134,2025-02-03,2025-04-05,2025-05-15,2025-05-15,2025-05-24,2025-05-28,Yang Ming Marine Transport,COSCO ARIES 110E,FOB,20GP,Shekou,Manzanillo,1,7016.07,7016.07,5404.17,35.92,1398.5,1520.0,4.58,8480710100,12456.16,11917.93,1906.87,40349.34,5964.96,20807.48,0.0,0.0,19.1358,,,China
IMP-2025-0037,PO-202502-006,INV-1008-202502-0001,SUP-1008,SKU-112,2025-02-05,2025-04-17,2025-06-06,2025-06-13,2025-06-18,2025-06-22,MSC,HAPAG BERLIN EXPRESS 639E,DDP,20GP,Wenzhou,Manzanillo,2,72601.34,145202.68,,505.67,4287.2,4962.3,14.68,8456110100,154617.78,294426.27,23554.1,521958.89,8813.75,24028.53,,0.0,19.0422,0,No issues found on inspection,China
IMP-2025-0038,PO-202502-007,INV-1013-202502-0001,SUP-1013,SKU-120,2025-02-05,2025-05-08,2025-06-15,2025-07-03,2025-07-08,2025-07-12,Evergreen Marine,MSC PALOMA 230W,FOB,20GP,Shanghai,Manzanillo,1,"$62,672.38",62672.38,8368.25,326.25,2182.8,2521.0,3.1,8479500100,71366.88,67654.02,10824.64,229049.44,6394.17,22392.77,5336.53,0.0,18.9595,,,China
IMP-2025-0039,PO-202502-008,INV-1010-202502-0002,SUP-1010,SKU-108,2025-02-05,2025-04-24,2025-06-02,2025-06-02,2025-06-10,2025-06-12,Hapag-Lloyd,YM WELLNESS 294W,CIF,20GP,Taizhou,Lázaro Cárdenas,1,116133.97,116133.97,0.0,515.89,11219.2,12293.4,10.97,8458110100,116649.86,222127.0,17770.16,393786.74,3613.13,32323.57,0.0,0.0,19.0422,0,No issues found on inspection,China
IMP-2025-0040,PO-202502-009,INV-1013-202502-0002,SUP-1013,SKU-109,07/02/2025,11/04/2025,21/05/2025,21/05/2025,24/05/2025,26/05/2025,Hapag-Lloyd,EVER LIBRA 344E,FOB,40GP,Shanghai,Manzanillo,1,78379.21,"$78,379.21",7144.67,,13407.2,15079.8,12.97,8458110100,85947.02,164466.5,13157.32,291566.21,9162.15,23987.83,0.0,0.0,19.1358,,,China
IMP-2025-0041,PO-202502-010,INV-1008-202502-0002,SUP-1008,SKU-125,02/08/2025,04/16/2025,05/24/2025,05/24/2025,,06/03/2025,Yang Ming Marine Transport,MAERSK COLUMBUS 427E,CIF ,20GP,Wenzhou,Manzanillo,1,14883.05,14883.05,0.0,,3330.5,3746.2,7.12,8414809900,14967.17,42961.32,2291.27,53065.82,6051.92,24046.45,,0.0,19.1358,,,China
IMP-2025-0042,PO-202502-011,INV-1013-202502-0003,SUP-1013,SKU-117,11/02/2025,02/05/2025,,07/06/2025,14/06/2025,16/06/2025,COSCO Shipping Lines,EVER LIBRA 484W,FOB,40GP,"Shanghai, CN",Lázaro Cárdenas,2,34444.51,"$68,889.02",5209.53,,23168.0,26851.8,33.93,8477100100,74374.9,141626.17,11330.09,251074.88,4779.85,36990.73,0.0,0.0,19.0422,,,China
IMP-2025-0043,PO-202502-012,INV-1012-202502-0001,SUP-1012,SKU-142,12/02/2025,01/05/2025,01/06/2025,05/07/2025,,08/07/2025,Ocean Network Express,MSC PALOMA 682W,CIF,20GP,Shanghai,Manzanillo,4,7413.86,"$29,655.44",0.0,167.89,4747.6,5170.6,14.54,8515310100,29823.33,84815.31,4523.48,104763.88,6216.64,51280.16,0.0,0.0,18.9595,,,China
IMP-2025-0044,PO-202502-013,INV-1002-202502-0003,SUP-1002,SKU-106,12/02/2025,18/05/2025,19/06/2025,27/06/2025,13/07/2025,14/07/2025,Hapag-Lloyd,MSC ANZU 138W,FOB,40GP,Shekou,Lázaro Cárdenas,3,82703.61,"$248,110.83",6580.36,942.24,39981.9,45251.1,52.71,8458110100,255633.43,486782.29,38942.58,862967.64,8634.43,58387.94,0.0,0.0,19.0422,,,China
IMP-2025-0045,PO-202502-014,INV-1013-202502-0004,SUP-1013,SKU-137,02/13/2025,04/04/2025,05/20/2025,05/20/2025,05/25/2025,05/26/2025,MSC,COSCO ARIES 527E,FOB,40GP,Shanghai,Manzanillo,3,35715.58,"$107,146.74",7167.69,601.65,16365.9,18637.0,53.42,8428330100,114916.08,219901.11,17592.09,389840.69,5250.77,40697.68,0.0,0.0,19.1358,,,China
IMP-2025-0046,PO-202502-015,INV-1001-202502-0001,SUP-1001,SKU-111,2025-02-14,2025-04-15,2025-05-27,2025-05-27,2025-06-05,2025-06-07,COSCO Shipping Lines,ONE APUS 645W,CIF,40GP,Yantian,Manzanillo,1,"45,071.66","$45,071.66",0.0,177.96,1856.0,2063.5,15.93,8456110100,45249.62,86588.77,6927.1,153504.57,6771.99,26252.38,0.0,0.0,19.1358,0,Sin observaciones durante la inspección,China
IMP-2025-0047,PO-202502-016,INV-1009-202502-0001,SUP-1009,SKU-137,2025-02-17,2025-04-17,2025-06-03,2025-06-05,2025-06-08,2025-06-10,Evergreen Marine,MSC ANZU 597E,FOB,40GP,Ningbo-Zhoushan,Manzanillo,1,34794.06,34794.06,6618.12,,5455.3,6175.2,18.22,8428330100,41597.78,79211.32,6336.91,140425.84,7365.13,26274.27,0.0,0.0,19.0422,,,China
IMP-2025-0048,PO-202502-017,INV-1013-202502-0005,SUP-1013,SKU-137,2025-02-18,2025-04-14,2025-05-27,2025-06-04,2025-06-07,2025-06-09,Evergreen Marine,COSCO VEGA 565W,CIF,40GP,Shanghai,Manzanillo,3,"$31,820.95",95462.85,0.0,,16365.9,18075.9,55.39,8428330100,96027.7,182857.87,14628.63,324170.43,6764.64,40348.02,0.0,,19.0422,,,China
IMP-2025-0049,PO-202502-018,INV-1014-202502-0001,SUP-1014,SKU-119,20/02/2025,20/05/2025,28/06/2025,01/07/2025,06/07/2025,10/07/2025,Hapag-Lloyd,COSCO VEGA 361W,CIF,20GP,Nantong,Manzanillo,1,50408.77,50408.77,0.0,268.78,2488.3,2811.1,3.6,8479500100,50677.55,48041.05,7686.57,162647.78,3839.65,17309.73,0.0,,18.9595,0,Sin observaciones durante la inspección,China
IMP-2025-0050,PO-202502-019,INV-1014-202502-0002,SUP-1014,SKU-105,20/02/2025,21/05/2025,04/07/2025,04/07/2025,12/07/2025,16/07/2025,MSC,MSC PALOMA 199W,FOB,40'HC,Nantong,Veracruz,1,159345.36,159345.36,7878.82,,14233.9,15694.5,15.35,8457100100,167957.06,318438.19,25475.06,564527.22,3542.77,60056.94,0.0,,18.9595,,,China
IMP-2025-0051,PO-202502-020,INV-1006-202502-0001,SUP-1006,SKU-119,02/20/2025,05/26/2025,07/02/2025,07/02/2025,07/07/2025,07/08/2025,Yang Ming Marine Transport,COSCO ARIES 245E,CIF,40 HC,Ningbo-Zhoushan,Manzanillo,2,48420.77,"$96,841.54",0.0,,4976.6,5718.6,7.29,8479500100,97336.7,92272.76,14763.64,312398.65,6428.81,33032.41,0.0,,18.9595,0,Sin observaciones durante la inspección,China
IMP-2025-0052,PO-202502-021,INV-1011-202502-0001,SUP-1011,SKU-136,02/20/2025,05/16/2025,06/20/2025,06/20/2025,06/25/2025,06/27/2025,Evergreen Marine,COSCO VEGA 281E,FOB,20GP,Shanghai,Lázaro Cárdenas,3,18469.19,"$55,407.57",,283.27,5031.3,5634.8,17.57,8480710100,64615.91,61521.45,9843.43,208287.03,4489.72,51790.61,0.0,0.0,19.0422,,,China
IMP-2025-0053,PO-202502-022,INV-1001-202502-0002,SUP-1001,SKU-121,2025-02-26,2025-05-27,2025-07-07,2025-07-05,2025-07-11,2025-07-12,cosco shipping lines,COSCO VEGA 415W,CIF,20GP,Yantian,Manzanillo,2,64463.64,"$128,927.28",0.0,458.62,4731.8,5263.0,16.19,8479500100,129385.9,122654.6,19624.74,415259.41,7062.16,24970.0,0.0,0.0,18.9595,0,No issues found on inspection,China
IMP-2025-0054,PO-202502-023,INV-1011-202502-0002,SUP-1011,SKU-137,2025-02-27,2025-04-21,2025-06-02,2025-06-02,2025-06-17,2025-06-20,Hapag-Lloyd,MSC PALOMA 620W,CIF,40GP,Shanghai,Manzanillo,2,"35,043.21","$70,086.42",0.0,289.8,10910.6,11807.2,37.33,8428330100,70376.22,134011.81,10720.94,237576.13,7212.08,32699.3,0.0,0.0,19.0422,,,China
IMP-2025-0055,PO-202502-024,INV-1010-202502-0003,SUP-1010,SKU-110,28/02/2025,28/04/2025,06/06/2025,06/06/2025,15/06/2025,19/06/2025,COSCO Shipping Lines,MSC ANZU 752E,FOB,20GP,Taizhou,Manzanillo,1,19258.57,"$19,258.57",6724.97,87.54,4689.9,5205.7,11.58,8456110100,26071.08,49645.07,3971.61,88010.78,5212.86,24049.33,,0.0,19.0422,,,China
IMP-2025-0056,PO-202503-001,INV-1009-202503-0001,SUP-1009,SKU-119,03/01/2025,05/05/2025,06/07/2025,06/07/2025,,06/13/2025,Maersk,MSC PALOMA 212E,FOB,20 GP,Ningbo-Zhoushan,Manzanillo,2,50701.91,"$101,403.82",,,4976.6,5644.4,6.85,8479500100,107153.08,102021.52,16323.44,345404.05,7369.72,23540.21,,0.0,19.0422,,,China
IMP-2025-0057,PO-202503-002,INV-1002-202503-0001,SUP-1002,SKU-120,2025-03-01,2025-05-24,2025-06-26,2025-06-29,2025-07-07,2025-07-08,Hapag-Lloyd,COSCO ARIES 177W,FOB,20GP,Shekou,Lázaro Cárdenas,2,57046.53,114093.06,8500.06,,4365.6,5020.0,6.38,8479500100,123129.84,117233.15,18757.3,396904.56,7709.49,50983.4,0.0,0.0,19.0422,,Rebaba en el acabado de la bancada,China
IMP-2025-0058,PO-202503-003,INV-1006-202503-0001,SUP-1006,SKU-101,01/03/2025,17/04/2025,25/05/2025,26/05/2025,01/06/2025,02/06/2025,Hapag-Lloyd,ONE APUS 144E,FOB,40HC,Ningbo-Zhoushan,Manzanillo,4,149160.23,"$596,640.92",7247.09,2036.08,34170.0,38613.1,124.14,8457100100,605924.09,1159484.22,92758.74,2055533.63,6546.93,41971.64,,0.0,19.1358,0,No issues found on inspection,China
IMP-2025-0059,PO-202503-004,INV-1003-202503-0001,SUP-1003,SKU-133,02/03/2025,14/05/2025,25/06/2025,25/06/2025,28/06/2025,02/07/2025,Hapag-Lloyd,COSCO VEGA 114W,FOB,40HC,Nansha,Veracruz,3,94327.04,282981.12,10226.1,,60816.9,69971.7,91.63,8462910100,294779.43,561324.89,44905.99,995116.76,7115.61,106252.05,0.0,0.0,19.0422,,,China
IMP-2025-0060,PO-202503-005,INV-1011-202503-0001,SUP-1011,SKU-121,03/02/2025,06/01/2025,07/08/2025,07/08/2025,07/16/2025,07/20/2025,Hapag-Lloyd,EVER LIBRA 175W,FOB,20GP,SHANGHAI,Manzanillo,4,66724.40,266897.60,,923.85,9463.6,10846.8,33.86,8479.50.01.00,275072.17,260761.54,41721.85,882834.27,8203.52,47314.47,0.0,0.0,18.9595,,,China
IMP-2025-0061,PO-202503-006,INV-1009-202503-0002,SUP-1009,SKU-131,02/03/2025,19/05/2025,15/06/2025,15/06/2025,22/06/2025,26/06/2025,COSCO Shipping Lines,ONE APUS 705E,FOB,40HC,Ningbo-Zhoushan,Lázaro Cárdenas,1,"77,573.72","$77,573.72",5066.94,,22577.7,25039.5,24.98,8462910100,82915.86,157890.04,12631.2,279907.46,6322.36,29254.65,0.0,0.0,19.0422,,,China
IMP-2025-0062,PO-202503-007,INV-1008-202503-0001,SUP-1008,SKU-140,03/02/2025,05/15/2025,06/18/2025,06/18/2025,06/25/2025,06/29/2025,Hapag-Lloyd,YM WELLNESS 237W,FOB,20GP,Wenzhou,Veracruz,6,26906.92,161441.52,7751.63,,10666.2,11728.8,20.33,8515310100,170131.42,485951.48,25917.41,600247.27,4891.41,152877.7,0.0,,19.0422,0,No issues found on inspection,China
IMP-2025-0063,PO-202503-008,INV-1014-202503-0001,SUP-1014,SKU-134,2025-03-03,2025-04-18,2025-05-20,2025-05-20,2025-05-23,2025-05-24,MSC,MSC ANZU 582W,CIF,20GP,Nantong,Lázaro Cárdenas,2,"$7,146.12",14292.24,0.0,52.07,2797.0,3075.8,9.18,8480710100,14344.31,13724.49,2195.92,46465.64,4028.96,50450.15,0.0,,19.1358,,Emergency stop tested and passed,China
IMP-2025-0064,PO-202503-009,INV-1012-202503-0001,SUP-1012,SKU-102,2025-03-03,2025-05-16,2025-06-20,2025-06-20,2025-06-23,2025-06-27,Ocean Network Express,MSC ANZU 242W,FOB,40GP,Shanghai,Manzanillo,3,"163,838.96","$491,516.88",6800.3,2934.5,55023.6,61182.7,52.35,8457100100,501251.68,954493.47,76359.48,1692126.03,8158.35,29058.57,0.0,,19.0422,,,China
IMP-2025-0065,PO-202503-010,INV-1006-202503-0002,SUP-1006,SKU-125,04-03-2025,30-04-2025,03-06-2025,03-06-2025,05-06-2025,08-06-2025,MSC,YM WELLNESS 545E,DDP,20GP,Ningbo-Zhoushan,Manzanillo,1,14626.48,14626.48,6579.37,53.56,3330.5,3643.6,7.26,8414809900,21259.41,60723.89,3238.61,75006.15,8283.03,18079.56,,,19.0422,5,Accessory kit incomplete,China
IMP-2025-0066,PO-202503-011,INV-1007-202503-0001,SUP-1007,SKU-130,2025-03-04,2025-05-08,2025-06-07,2025-06-07,2025-06-14,2025-06-18,Maersk,EVER LIBRA 573W,FOB,40HC,Ningbo-Zhoushan,Manzanillo,1,80885.67,"$80,885.67",7167.27,,22799.0,24625.7,32.87,8462910100,88400.1,168333.24,13466.66,298421.17,4559.58,23511.52,0.0,,19.0422,,,China
IMP-2025-0067,PO-202503-012,INV-1010-202503-0001,SUP-1010,SKU-136,05-03-2025,27-04-2025,27-05-2025,27-05-2025,29-05-2025,30-05-2025,Hapag-Lloyd,MSC ANZU 377W,FOB,20GP,Taizhou,Manzanillo,3,19807.48,59422.44,6407.58,191.48,5031.3,5440.2,18.1,8480710100,66021.5,63168.71,10106.99,213863.99,5871.94,31486.81,,0.0,19.1358,,,China
IMP-2025-0068,PO-202503-013,INV-1006-202503-0003,SUP-1006,SKU-101,03/08/2025,04/23/2025,05/26/2025,05/26/2025,05/28/2025,06/01/2025,COSCO Shipping Lines,HAPAG BERLIN EXPRESS 418W,FOB,40HC,Ningbo-Zhoushan,Manzanillo,1,"160,627.43","$160,627.43",6446.85,,8542.5,9513.8,30.56,8457100100,167695.88,320899.48,25671.96,568890.6,3895.6,24524.84,,0.0,19.1358,,,China
IMP-2025-0069,PO-202503-014,INV-1011-202503-0002,SUP-1011,SKU-115,03/06/2025,05/14/2025,06/11/2025,06/11/2025,06/13/2025,06/16/2025,Ocean Network Express,HAPAG BERLIN EXPRESS 370E,FOB,40GP,Shanghai,Manzanillo,1,"43,853.83","$43,853.83",8506.82,137.25,4563.0,5199.5,18.63,8477100100,52497.9,99967.55,7997.4,177222.47,6577.35,26119.18,0.0,0.0,19.0422,,,China
IMP-2025-0070,PO-202503-015,INV-1013-202503-0001,SUP-1013,SKU-129,2025-03-07,2025-05-25,2025-07-03,2025-07-03,2025-07-12,2025-07-14,Ocean Network Express,MSC ANZU 775W,FOB,40GP,Shanghai,Veracruz,3,40690.03,"$122,070.09",10786.63,596.57,23316.0,27005.1,54.8,8422309900,133453.29,253020.77,20241.66,448555.21,7743.68,87727.99,0.0,0.0,18.9595,1,Rebaba en el acabado de la bancada,China
IMP-2025-0071,PO-202503-016,INV-1001-202503-0001,SUP-1001,SKU-111,08/03/2025,29/04/2025,01/06/2025,01/06/2025,10/06/2025,14/06/2025,Ocean Network Express,MSC PALOMA 141E,EXW,,Yantian,Lázaro Cárdenas,2,"$43,630.37",87260.74,,0.0,3712.0,4292.8,29.94,8456110100,93861.97,178733.84,14298.71,316859.35,5230.2,39017.31,,,19.0422,,,China
IMP-2025-0072,PO-202503-017,INV-1013-202503-0002,SUP-1013,SKU-109,10/03/2025,24/04/2025,29/05/2025,29/05/2025,01/06/2025,02/06/2025,Hapag-Lloyd,COSCO VEGA 442E,CIF,20GP,Shanghai,Manzanillo,1,84823.47,"$84,823.47",0.0,302.22,13407.2,15422.5,11.94,8458110100,85125.69,162894.82,13031.59,288779.93,6273.36,23702.97,0.0,0.0,19.1358,,,China
IMP-2025-0073,PO-202503-018,INV-1003-202503-0002,SUP-1003,SKU-133,2025-03-10,2025-05-20,2025-06-26,2025-06-26,2025-07-03,2025-07-06,Evergreen Marine,COSCO ARIES 375E,FOB,40HC,Nansha,Veracruz,3,100256.55,300769.65,10568.91,,60816.9,67667.5,93.51,8462910100,312572.48,595206.77,47616.54,1055182.56,6786.26,92999.32,0.0,0.0,19.0422,,,China
IMP-2025-0074,PO-202503-019,INV-1014-202503-0002,SUP-1014,SKU-116,2025-03-11,2025-05-20,2025-06-21,2025-06-21,2025-06-23,2025-06-25,Hapag-Lloyd,EVER LIBRA 754E,FOB,20GP,Nantong,Manzanillo,3,"82,514.65","$247,543.95",,,19264.2,21728.6,31.18,8477100100,254369.35,484375.2,38750.02,858700.36,7963.6,31590.31,0.0,0.0,19.0422,,Bearing play detected on spindle,China
IMP-2025-0075,PO-202503-020,INV-1003-202503-0003,SUP-1003,SKU-133,2025-03-11,2025-05-15,2025-06-14,2025-06-14,2025-06-20,2025-06-21,COSCO Shipping Lines,COSCO VEGA 108E,FOB,40HC,Nansha,Manzanillo,1,"93,163.48","$93,163.48",6471.03,528.94,20272.3,23256.2,28.65,8462910100,100163.45,190733.24,15258.66,338131.9,5494.04,20338.73,0.0,0.0,19.0422,,,China
IMP-2025-0076,PO-202503-021,INV-1007-202503-0002,SUP-1007,SKU-102,03/12/2025,04/28/2025,05/28/2025,05/30/2025,,06/07/2025,MSC,MAERSK COLUMBUS 638W,FOB,40GP,Ningbo-Zhoushan,Lázaro Cárdenas,3,102763.01,308289.03,8823.07,,45191.1,50566.4,64.43,8457100100,318264.67,609024.91,48721.99,1079679.36,9115.38,46341.21,,0.0,19.1358,0,Sin observaciones durante la inspección,China
IMP-2025-0077,PO-202503-022,INV-1008-202503-0002,SUP-1008,SKU-126,12/03/2025,18/06/2025,18/07/2025,18/07/2025,27/07/2025,28/07/2025,MSC,MSC ANZU 543W,FOB,40GP,Wenzhou,Manzanillo,1,"$29,258.16","$29,258.16",8178.27,,6230.8,6801.2,12.25,8422309900,37589.09,71267.04,5701.36,126342.2,9184.52,20714.76,0.0,,18.9595,0,No issues found on inspection,China
IMP-2025-0078,PO-202503-023,INV-1013-202503-0003,SUP-1013,SKU-120,2025-03-12,2025-06-05,,2025-07-08,2025-07-16,2025-07-17,COSCO Shipping Lines,EVER LIBRA 884E,FOB,20GP,Shanghai,Veracruz,1,56031.21,"$56,031.21",10332.04,,2182.8,2466.1,2.92,8479500100,66536.5,63074.94,10091.99,213546.51,3673.92,63543.58,,0.0,18.9595,,,China
IMP-2025-0079,PO-202503-024,INV-1011-202503-0003,SUP-1011,SKU-137,13/03/2025,30/04/2025,25/05/2025,25/05/2025,01/06/2025,05/06/2025,Hapag-Lloyd,COSCO ARIES 280W,FOB,40GP,Shanghai,Lázaro Cárdenas,4,"$35,601.80",142407.20,8360.41,471.51,21821.2,25087.9 kg,69.99,8428330100,151239.12,289408.16,23152.65,513062.78,8928.15,58979.93,0.0,,19.1358,0,Sin observaciones durante la inspección,China
IMP-2025-0080,PO-202503-025,INV-1011-202503-0004,SUP-1011,SKU-127,14/03/2025,10/06/2025,14/07/2025,19/07/2025,26/07/2025,30/07/2025,Evergreen Marine,ONE APUS 642W,CIF,40GP,Shanghai,Veracruz,1,54458.67,54458.67,,,3825.5,4303.7,18.13,8422309900,54745.92,103795.53,8303.64,184008.71,4578.58,46608.72,,0.0,18.9595,,,China
IMP-2025-0081,PO-202503-026,INV-1001-202503-0002,SUP-1001,SKU-111,2025-03-16,2025-04-26,,2025-05-25,2025-05-30,2025-05-31,MSC,EVER LIBRA 654W,FOB,40GP,Yantian,Manzanillo,1,"42,813.06",42813.06,5551.34,146.13,1856.0,2073.1,14.86,8456110100,48510.53,92828.78,7426.3,164566.86,6032.19,19359.32,0.0,0.0,19.1358,,,China
IMP-2025-0082,PO-202503-027,INV-1003-202503-0004,SUP-03,SKU-113,03/17/2025,06/05/2025,07/09/2025,07/09/2025,07/14/2025,07/15/2025,Evergreen Marine,MSC PALOMA 336E,CIF,40GP,Nansha,Manzanillo,3,"65,067.40","$195,202.20",0.0,956.97,9587.1,10868.1,56.55,8456110100,196159.17,371907.98,29752.64,659318.46,9048.96,31187.27,0.0,0.0,18.9595,,,China
IMP-2025-0083,PO-202503-028,INV-1005-202503-0001,SUP-1005,SKU-141,17-03-2025,29-04-2025,04-06-2025,03-06-2025,08-06-2025,09-06-2025,Evergreen Marine,COSCO VEGA 731E,FOB,20GP,Shekou,Lázaro Cárdenas,1,23621.36,23621.36,8824.92,,1033.8,1138.2,9.24,8428330100,32563.29,62007.67,4960.61,109927.19,8240.24,37996.04,,0.0,19.0422,2,Rebaba en el acabado de la bancada,China
IMP-2025-0084,PO-202503-029,INV-1007-202503-0003,SUP-1007,SKU-128,18/03/2025,31/05/2025,01/07/2025,03/07/2025,05/07/2025,08/07/2025,Evergreen Marine,MSC ANZU 646W,FOB,20GP,Ningbo-Zhoushan,Manzanillo,2,54775.82,109551.64,7072.47,575.24,10305.6,11744.1,23.5,8422309900,117199.35,222204.11,17776.33,393923.44,5863.34,23373.56,,0.0,18.9595,,,China
IMP-2025-0085,PO-202503-030,INV-1012-202503-0002,SUP-1012,SKU-108,18/03/2025,08/05/2025,10/06/2025,10/06/2025,18/06/2025,19/06/2025,Ocean Network Express,COSCO VEGA 563W,FOB,20GP,Shanghai,Manzanillo,4,111129.59,"$444,518.36",6090.77,,44876.8,50872.4,43.62,8458110100,452577.43,861806.99,68944.56,1527811.44,8959.33,52749.67,0.0,0.0,19.0422,,No issues found on inspection,China
IMP-2025-0086,PO-202503-031,INV-1005-202503-0002,SUP-1005,SKU-132,2025-03-18,2025-06-03,2025-07-04,2025-07-04,2025-07-26,2025-07-29,Hapag-Lloyd,HAPAG BERLIN EXPRESS 356E,FOB,40hc,Shekou,Lázaro Cárdenas,3,28978.06,"$86,934.18",,506.86,43318.8,49043.5,39.06,8462910100,93856.31,177946.87,14235.75,315464.21,8564.05,68566.32,0.0,0.0,18.9595,,,China
IMP-2025-0087,PO-202503-032,INV-1002-202503-0002,SUP-1002,SKU-107,2025-03-19,2025-04-30,2025-05-27,2025-05-27,2025-06-01,2025-06-03,Maersk,COSCO VEGA 445E,FOB,40GP,Shekou,Manzanillo,2,42337.78,84675.56,8169.99,398.45,21084.8,23558.5,26.61,8458110100,93244.0,178429.85,14274.39,316320.44,8052.62,31066.44,0.0,0.0,19.1358,,,China
IMP-2025-0088,PO-202503-033,INV-1013-202503-0004,SUP-03,SKU-109,19/03/2025,24/04/2025,21/05/2025,29/05/2025,03/06/2025,06/06/2025,Ocean Network Express,ONE APUS 442W,FOB,40GP,Shanghai,Manzanillo,1,"83,246.19","$83,246.19",6887.28,,13407.2,14694.4,12.18,8458110100,90442.81,173069.55,13845.56,306817.7,5366.17,17553.61,0.0,0.0,19.1358,2,Sello de empaque roto,China
IMP-2025-0089,PO-202503-034,INV-1013-202503-0005,SUP-1013,SKU-137,19/03/2025,29/04/2025,29/05/2025,29/05/2025,05/06/2025,09/06/2025,COSCO Shipping Lines,COSCO ARIES 158E,CIF,40GP,Shanghai,Manzanillo,4,35381.31,"$141,525.24",0.0,,21821.2,23779.4,67.27,8428330100,142145.81,"MXN 272,007.38",21760.59,482214.68,4442.47,52010.78,0.0,0.0,19.1358,,,China
IMP-2025-0090,PO-202503-035,INV-1012-202503-0003,SUP-1012,SKU-103,19/03/2025,27/05/2025,08/07/2025,08/07/2025,26/07/2025,29/07/2025,Maersk,COSCO VEGA 338W,CIF,40GP,Shanghai,Veracruz,3,161325.68,"$483,977.04",0.0,,55023.6,61587.6,53.0,8457100100,486859.59,923061.44,73844.92,1636403.32,8133.65,104153.29,0.0,0.0,18.9595,,,China
IMP-2025-0091,PO-202503-036,INV-1001-202503-0003,SUP-1001,SKU-122,2025-03-20,2025-06-24,2025-07-24,2025-08-05,2025-08-14,2025-08-16,Yang Ming Marine Transport,MAERSK ESSEX 817E,FOB,20GP,Yantian,Manzanillo,1,25368.21,25368.21,8187.97,96.11,1294.2,1429.0,4.36,8414809900,33652.29,95950.42,5117.36,118517.96,3721.81,19947.13,39639.09,0.0,19.0082,,,China
IMP-2025-0092,PO-202503-037,INV-1006-202503-0004,SUP-1006,SKU-101,03/20/2025,04/30/2025,05/29/2025,05/29/2025,06/07/2025,06/11/2025,Maersk,COSCO VEGA 762E,FOB,40HC,Ningbo-Zhoushan,Lázaro Cárdenas,3,159898.69,"$479,696.07",6420.72,,25627.5,28615.1,85.83,8457100100,488124.61,"MXN 934,065.49",74725.24,1655911.3,5940.35,66633.78,0.0,,19.1358,0,No issues found on inspection,China
IMP-2025-0093,PO-202503-038,INV-1010-202503-0002,SUP-1010,SKU-110,23/03/2025,20/05/2025,25/06/2025,07/07/2025,12/07/2025,13/07/2025,Hapag-Lloyd,MAERSK COLUMBUS 570W,DDP,20GP,Taizhou,Manzanillo,4,"$18,642.74","$74,570.96",9361.84,344.33,18759.6,20425.1,42.09,8456110100,84277.13,159785.22,12782.82,283267.25,8532.31,40212.43,0.0,0.0,18.9595,0,Sin observaciones durante la inspección,China
IMP-2025-0094,PO-202503-039,INV-1001-202503-0004,SUP-1001,SKU-121,2025-03-23,2025-06-06,2025-07-07,2025-07-07,2025-07-13,2025-07-17,Ocean Network Express,COSCO VEGA 198E,FOB,20GP,Yantian,Lázaro Cárdenas,3,62490.19,"$187,470.57",5954.05,951.99,7097.7,7682.0,23.68,8479500100,194376.61,184264.17,29482.27,623844.76,5716.92,51396.78,0.0,0.0,18.9595,,,China
IMP-2025-0095,PO-202503-040,INV-1008-202503-0003,SUP-1008,SKU-126,23/03/2025,13/06/2025,17/07/2025,04/08/2025,06/08/2025,07/08/2025,Ocean Network Express,MAERSK ESSEX 889W,FOB,40GP,Wenzhou,Manzanillo,3,28659.96,85979.88,8470.14,,18692.4,20629.3,38.82,8422309900,94885.79,180360.81,14428.86,319743.64,4692.65,37663.68,,,19.0082,,,China
IMP-2025-0096,PO-202503-041,INV-1002-202503-0003,SUP-1002,SKU-102,2025-03-23,2025-05-26,2025-06-29,2025-07-02,,2025-07-11,Evergreen Marine,MSC PALOMA 772E,CIF,40GP,Shekou,Veracruz,1,94802.45,94802.45,0.0,,15063.7,16357.5,20.34,8457 10 01 00,95227.22,180546.05,14443.68,320072.03,9018.36,61763.66,0.0,,18.9595,,,China
IMP-2025-0097,PO-202503-042,INV-1013-202503-0006,SUP-1013,SKU-137,45741,45780,45814,45814,45816,45817,Evergreen Marine,ONE APUS 449W,FOB,40GP,Shanghai,Manzanillo,2,33229.24,66458.48,,345.8,10910.6,12318.6,37.41,8428330100,73460.52,139884.99,11190.8,247988.11,4010.93,33139.2,0.0,0.0,19.0422,,,China
IMP-2025-0098,PO-202503-043,INV-1012-202503-0004,SUP-1012,SKU-999,2025-03-25,2025-05-17,2025-06-19,2025-06-19,2025-06-30,2025-07-01,Maersk,HAPAG BERLIN EXPRESS 741W,FOB,40GP,Shanghai,Veracruz,2,114906.18,229812.36,10350.53,,22438.4,25366.6,24.48,8458110100,241007.36,458931.04,36714.48,813592.94,3619.63,87003.41,0.0,,19.0422,,,China
IMP-2025-0099,PO-202503-044,INV-1012-202503-0005,SUP-1012,SKU-142,28/03/2025,23/05/2025,27/06/2025,27/06/2025,09/07/2025,13/07/2025,Yang Ming Marine Transport,MAERSK ESSEX 556W,EXW,20GP,Shanghai,Lázaro Cárdenas,2,7021.51,14043.02,,0.0,2373.8,2588.5,7.05,8480710100,20830.77,59499.55,3173.31,73493.85,7564.34,51843.87,0.0,,19.0422,,,China
IMP-2025-0100,PO-202503-045,INV-1003-202503-0005,SUP-1003,SKU-112,03/28/2025,06/10/2025,07/07/2025,07/07/2025,07/18/2025,07/22/2025,Yang Ming Marine Transport,MSC PALOMA 184E,FOB,20GP,Nansha,Manzanillo,2,"$65,512.48",131024.96,5067.26,,4287.2,4947.8,15.9,8456 11 01 00,136733.76,"MXN 259,240.37",20739.23,459581.33,6445.84,27811.27,0.0,,18.9595,,,China
IMP-2025-0101,PO-202503-046,INV-1002-202503-0004,SUP-1002,SKU-119,2025-03-28,2025-06-11,,2025-07-18,2025-07-21,2025-07-24,COSCO Shipping Lines,HAPAG BERLIN EXPRESS 733W,FOB,20GP,Shekou,Manzanillo,3,47841.60,"$143,524.80",6855.51,860.3,7464.9,8452.5,10.6,8479500100,151240.61,143372.32,22939.57,485401.32,7064.34,45647.14,0.0,0.0,18.9595,,,China
IMP-2025-0102,PO-202503-047,INV-1009-202503-0003,SUP-1009,SKU-133,28/03/2025,11/06/2025,11/07/2025,11/07/2025,16/07/2025,20/07/2025,Yang Ming Marine Transport,MAERSK COLUMBUS 282E,EXW,40HC,Ningbo-Zhoushan,Manzanillo,1,96187.21,96187.21,8233.28,0.0,20272.3,22820.5,30.52,8462910100,104420.49,197976.03,15838.08,350971.9,7450.68,19656.43,,0.0,18.9595,0,No issues found on inspection,China
IMP-2025-0103,PO-202504-001,INV-1002-202504-0001,SUP-1002,SKU-125,2025-04-01,2025-06-04,2025-06-29,2025-06-29,2025-07-04,,Hapag-Lloyd,COSCO VEGA 568W,FOB,20GP,Shekou,Lázaro Cárdenas,3,13987.30,"$41,961.90",7093.03,,9991.5,11439.3,20.82,8414809900,49248.53,140670.05,7502.4,173755.65,4670.0,53541.83,0.0,0.0,19.0422,,,China
IMP-2025-0104,PO-202504-002,INV-1012-202504-0001,SUP-1012,SKU-131,02/04/2025,07/06/2025,13/07/2025,31/07/2025,09/08/2025,12/08/2025,Ocean Network Express,EVER LIBRA 310W,FOB,40GP,Shanghai,Manzanillo,1,79863.74,79863.74,5125.28,,22577.7,25321.4,23.95,8462910100,85299.68,161723.93,12937.91,286704.18,6501.59,26923.66,0.0,0.0,18.9595,0,No issues found on inspection,China
IMP-2025-0105,PO-202504-003,INV-1003-202504-0001,SUP-1003,SKU-110,2025-04-02,2025-05-30,2025-07-04,2025-07-09,2025-07-26,2025-07-28,Maersk,MAERSK ESSEX 168W,CIF,20GP,Nansha,"MANZANILLO, COL",3,19677.09,"$59,031.27",0.0,,14069.7,15670.1,31.86,8456110100,59325.63,"MXN 112,478.43",8998.27,199401.76,9190.57,33076.17,0.0,11368.99,18.9595,0,Sin observaciones durante la inspección,China
IMP-2025-0106,PO-202504-004,INV-1001-202504-0001,SUP-1001,SKU-114,04/02/2025,06/28/2025,07/31/2025,07/31/2025,08/19/2025,08/20/2025,Ocean Network Express,MAERSK ESSEX 494E,FOB,40HC,Yantian,Veracruz,2,"$68,612.09","$137,224.18",10814.96,547.72,26212.4,29165.5,52.91,8477100100,148586.86,281713.26,22537.06,499421.26,4309.56,60792.94,,0.0,18.9595,0,Sin observaciones durante la inspección,China
IMP-2025-0107,PO-202504-005,INV-1002-202504-0002,SUP-1002,SKU-106,03-04-2025,11-06-2025,17-07-2025,17-07-2025,21-07-2025,25-07-2025,Yang Ming Marine Transport,COSCO VEGA 199W,FOB,40GP,Shekou,Manzanillo,1,"81,883.45",81883.45,,,13327.3,15072.0,17.44,8458110100,89451.15,169594.91,13567.59,300657.85,4853.85,23931.44,,,18.9595,0,No issues found on inspection,China
IMP-2025-0108,PO-202504-006,INV-1003-202504-0002,SUP-1003,SKU-133,04/06/2025,06/23/2025,07/26/2025,07/26/2025,08/01/2025,08/03/2025,Evergreen Marine,COSCO ARIES 353W,FOB,40HC,Nansha,Manzanillo,1,"97,148.84",97148.84,7208.28,460.7,20272.3,22558.9,30.45,8462910100,104817.82,198729.35,15898.35,352307.38,4747.21,26254.81,0.0,0.0,18.9595,,,China
IMP-2025-0109,PO-202504-007,INV-1011-202504-0001,SUP-1011,SKU-115,06/04/2025,11/06/2025,16/07/2025,16/07/2025,18/07/2025,22/07/2025,Ocean Network Express,MAERSK ESSEX 647W,FOB,40GP,Shanghai,Lázaro Cárdenas,1,"$42,234.33","$42,234.33",6927.35,,4563.0,5247.0,18.14,8477100100,49327.57,93522.61,7481.81,165796.88,7583.12,38786.28,0.0,,18.9595,,,China
IMP-2025-0110,PO-202504-008,INV-1001-202504-0002,SUP-1001,SKU-111,06/04/2025,31/05/2025,02/07/2025,02/07/2025,05/07/2025,06/07/2025,Evergreen Marine,EVER LIBRA 628W,CIF,40GP,Yantian,Lázaro Cárdenas,1,"45,856.64",45856.64,0.0,,1856.0,2056.8,14.61,8456110100,46060.39,87328.2,6986.26,154815.43,3954.69,32335.92,0.0,0.0,18.9595,,,China
IMP-2025-0111,PO-202504-009,INV-1003-202504-0003,SUP-1003,SKU-121,04/06/2025,06/25/2025,07/27/2025,07/27/2025,07/29/2025,08/02/2025,Maersk,HAPAG BERLIN EXPRESS 454W,FOB,20GP,Nansha,Manzanillo,2,65175.69,"$130,351.38",5697.72,,4731.8,5139.6,15.62,8479500100,136547.23,129443.36,20710.94,438243.44,4206.77,24907.5,0.0,,18.9595,0,No issues found on inspection,China
IMP-2025-0112,PO-202504-010,INV-1002-202504-0003,SUP-1002,SKU-106,08/04/2025,20/06/2025,25/07/2025,25/07/2025,30/07/2025,03/08/2025,COSCO Shipping Lines,COSCO VEGA 750E,FOB,40GP,Shekou,Manzanillo,2,91140.36,"$182,280.72",8903.3,951.86,26654.6,30485.3 kg,35.56,8458110100,192135.88,364280.02,29142.4,645795.62,5865.93,36115.34,0.0,0.0,18.9595,0,No issues found on inspection,China
IMP-2025-0113,PO-202504-011,INV-1002-202504-0004,SUP-1002,SKU-106,04/09/2025,06/18/2025,07/17/2025,07/29/2025,08/04/2025,08/07/2025,Ocean Network Express,MSC ANZU 247E,FOB,40GP,Shekou,Manzanillo,1,"90,940.02","$90,940.02",8686.87,512.51,13327.3,14601.4,17.52,8458110100,100139.4,"MXN 189,859.30",15188.74,336582.56,3993.28,23759.88,0.0,0.0,18.9595,,,China
IMP-2025-0114,PO-202504-012,INV-1001-202504-0003,SUP-1001,SKU-114,04/09/2025,07/09/2025,08/05/2025,08/05/2025,08/09/2025,08/11/2025,Yang Ming Marine Transport,MAERSK COLUMBUS 796W,CIF,40HC,Yantian,Manzanillo,1,70537.56,70537.56,0.0,412.35,13106.2,14831.6,25.92,8477 10 01 00,70949.91,134863.01,10789.04,239085.14,6051.52,26547.6,0.0,0.0,19.0082,,,China
IMP-2025-0115,PO-202504-013,INV-1006-202504-0001,SUP-1006,SKU-119,2025-04-10,2025-06-16,2025-07-15,2025-07-15,2025-07-18,2025-07-22,Maersk,HAPAG BERLIN EXPRESS 555E,FOB,20GP,Ningbo-Zhoushan,Manzanillo,1,"48.074,95","$48,074.95",6105.23,285.87,2488.3,2691.1,3.79,8479500100,54466.05,51632.45,8261.19,174806.84,5357.9,17769.59,0.0,0.0,18.9595,0,No issues found on inspection,China
IMP-2025-0116,PO-202504-014,INV-1013-202504-0001,SUP-1013,SKU-110,11/04/2025,29/05/2025,05/07/2025,05/07/2025,21/07/2025,23/07/2025,COSCO Shipping Lines,YM WELLNESS 123W,FOB,20GP,Shanghai,Manzanillo,1,17922.96,"$17,922.96",5176.89,,4689.9,5296.7,10.54,,23171.77,43932.52,3514.6,77883.57,8064.37,20428.16,0.0,,18.9595,,,China
IMP-2025-0117,PO-202504-015,INV-1013-202504-0002,SUP-1013,SKU-117,12/04/2025,16/06/2025,21/07/2025,21/07/2025,03/08/2025,07/08/2025,MSC,YM WELLNESS 713E,FOB,40GP,Shanghai,Manzanillo,6,35008.01,"$210,048.06",10287.88,754.56,69504.0,78280.2,93.09,8477 10 01 00,221090.5,419176.53,33534.12,743116.16,9080.68,59429.65,0.0,,18.9595,0,No issues found on inspection,China
IMP-2025-0118,PO-202504-016,INV-1001-202504-0004,SUP-1001,SKU-121,2025-04-12,2025-06-25,2025-07-24,2025-07-24,2025-08-01,2025-08-03,Maersk,HAPAG BERLIN EXPRESS 712W,CIF,20GP,Yantian,Manzanillo,3,61259.24,183777.72,0.0,786.2,7097.7,8147.1,26.04,8479500100,184563.92,174961.98,27993.92,592351.29,6337.65,44615.54,0.0,0.0,18.9595,0,No issues found on inspection,China
IMP-2025-0119,PO-202504-017,INV-1005-202504-0001,SUP-1005,SKU-104,14/04/2025,28/06/2025,23/07/2025,23/07/2025,28/07/2025,01/08/2025,Evergreen Marine,EVER LIBRA 804E,FOB,40HC,Shekou,Lázaro Cárdenas,4,149277.37,"$597,109.48",6589.48,,34546.8,38802.3,110.12,8457100100,606237.94,1149396.82,91951.75,2037650.69,3988.6,81727.74,0.0,0.0,18.9595,,,China
IMP-2025-0120,PO-202504-018,INV-1013-202504-0003,SUP-1013,SKU-120,2025-04-14,2025-07-05,2025-08-07,2025-08-07,2025-08-16,2025-08-17,Ocean Network Express,COSCO VEGA 515E,CIF,20GP,Shanghai,Lázaro Cárdenas,3,55517.80,166553.40,0.0,,6548.4,7552.4,9.03,8479500100,167219.82,158927.39,25428.38,538064.57,7789.37,60672.07,0.0,0.0,19.0082,,,China
IMP-2025-0121,PO-202504-019,INV-1012-202504-0002,SUP-1012,SKU-114,45762,45843,45877,45877,45880,45883,Ocean Network Express,EVER LIBRA 733E,FOB,40HC,Shanghai,Veracruz,1,63943.77,"$63,943.77",,354.49,13106.2,15120.4,28.45,8477100100,73420.65,139559.44,11164.76,247410.98,8204.86,45064.57,0.0,0.0,19.0082,,,China
IMP-2025-0122,PO-202504-020,INV-1012-202504-0003,SUP-1012,SKU-103,2025-04-15,2025-06-20,2025-07-26,2025-07-26,2025-08-04,2025-08-07,Yang Ming Marine Transport,MSC ANZU 264W,FOB,40GP,Shanghai,Manzanillo,1,"175,388.85",175388.85,8885.19,547.64,18341.2,19897.4,17.12,8457100100,184821.68,350412.66,28033.01,621211.57,4551.89,24273.28,0.0,0.0,18.9595,,,China
IMP-2025-0123,PO-202504-021,INV-1007-202504-0001,SUP-1007,SKU-132,15/04/2025,04/07/2025,02/08/2025,02/08/2025,24/08/2025,28/08/2025,Yang Ming Marine Transport,MAERSK COLUMBUS 167E,FOB,40GP,"Ningbo, CN",Manzanillo,1,"$31,786.61","$31,786.61",7290.31,169.3,14439.6,15736.4,12.94,8462910100,39246.22,74600.0,5968.0,132250.88,7838.78,18554.4,0.0,0.0,19.0082,,,China
IMP-2025-0124,PO-202504-022,INV-1011-202504-0002,SUP-1011,SKU-136,2025-04-16,2025-06-20,2025-07-22,2025-07-23,2025-07-31,2025-08-04,Yang Ming Marine Transport,MSC PALOMA 385W,FOB,20GP,Shanghai,Lázaro Cárdenas,1,19792.34,19792.34,6848.51,61.51,1677.1,1838.1,6.06,8480710100,26702.36,25313.17,4050.11,85700.27,4703.59,32183.21,0.0,0.0,18.9595,,,China
IMP-2025-0125,PO-202504-023,INV-1004-202504-0001,SUP-1004,SKU-115,04/18/2025,06/22/2025,07/27/2025,07/27/2025,08/03/2025,08/05/2025,Maersk,COSCO VEGA 814W,FOB,40GP,Yantian,Manzanillo,3,"$41,893.89",125681.67,7118.76,,13689.0,14853.4,53.63,8477100100,133246.25,252628.23,20210.26,447859.32,8490.07,37130.34,0.0,0.0,18.9595,,,China
IMP-2025-0126,PO-202504-024,INV-1005-202504-0002,SUP-1005,SKU-139,2025-04-19,2025-06-05,2025-07-10,2025-07-10,2025-07-12,2025-07-13,Hapag-Lloyd,MAERSK COLUMBUS 898E,FOB,20GP,Shekou,Lázaro Cárdenas,2,21804.43,43608.86,6611.96,245.51,2067.6,2327.3,20.05,8428330100,50466.33,95681.64,7654.53,169624.41,5732.9,47921.27,0.0,0.0,18.9595,2,Sello de empaque roto,China
IMP-2025-0127,PO-202504-025,INV-1003-202504-0004,SUP-1003,SKU-123,19/04/2025,28/06/2025,30/07/2025,01/08/2025,01/08/2025,03/08/2025,Evergreen Marine,HAPAG BERLIN EXPRESS 264E,FOB,20GP,Nansha,Manzanillo,4,19031.97,"$76,127.88",7202.77,,6143.6,7032.5,29.73,8414809900,83661.67,237927.51,12689.47,293888.07,5895.8,41043.25,0.0,0.0,18.9595,,Paint chipping on enclosure,China
IMP-2025-0128,PO-202504-026,INV-1014-202504-0001,SUP-1014,SKU-134,04/19/2025,06/14/2025,07/17/2025,07/17/2025,07/26/2025,07/29/2025,Yang Ming Marine Transport,MAERSK COLUMBUS 511E, EXW,20GP,Nantong,Lázaro Cárdenas,2,7348.25,"$14,696.50",,,2797.0,3177.0,8.78,8480710100,21019.15,"MXN 19,925.63",3188.1,67460.21,4684.41,52401.46,,0.0,18.9595,,,China
IMP-2025-0129,PO-202504-027,INV-1012-202504-0004,SUP-1012,SKU-103,2025-04-20,2025-06-21,2025-07-18,2025-07-30,2025-08-05,2025-08-07,Ocean Network Express,MAERSK ESSEX 391W,FOB,40GP,Shanghai,Manzanillo,1,173894.25,"$173,894.25",6509.31,,18341.2,20827.8,17.95,8457100100,181223.14,343590.01,27487.2,609116.37,3796.96,24911.11,0.0,0.0,18.9595,,,China
IMP-2025-0130,PO-202504-028,INV-1013-202504-0004,SUP-1013,SKU-137,2025-04-20,2025-05-20,2025-06-27,2025-06-27,2025-07-06,2025-07-10,Evergreen Marine,MSC ANZU 860W,CIF,40GP,Shanghai,Manzanillo,2,"34.959,54","$69,919.08",0.0,,10910.6,12153.1,34.21,8428330100,70228.1,133729.75,10698.38,237076.11,4676.57,31600.13,0.0,,19.0422,,,China
IMP-2025-0131,PO-202504-029,INV-1006-202504-0002,SUP-1006,SKU-099,20-04-2025,30-05-2025,05-07-2025,10-07-2025,12-07-2025,15-07-2025,Ocean Network Express,EVER LIBRA 674W,CIF,40HC,Ningbo-Zhoushan,Manzanillo,1,149312.38,149312.38,0.0,829.23,8542.5,9739.7,28.91,8457100100,150141.61,284660.99,22772.88,504647.0,5664.88,22380.51,0.0,0.0,18.9595,,,China
IMP-2025-0132,PO-202504-030,INV-1014-202504-0002,SUP-1014,SKU-118,2025-04-20,2025-07-18,2025-08-14,2025-08-14,2025-08-21,2025-08-22,MSC,YM WELLNESS 303W,CIF,20 GP,Nantong,"MANZANILLO, COL",2,29845.81,59691.62,0.0,288.12,13345.6,15169.4,23.29,8477.10.01.00,59979.74,114010.69,9120.86,202118.15,5941.64,30592.07,0.0,0.0,19.0082,0,Sin observaciones durante la inspección,China
IMP-2025-0133,PO-202504-031,INV-1005-202504-0003,SUP-1005,SKU-121,21/04/2025,20/07/2025,18/08/2025,21/09/2025,30/09/2025,01/10/2025,MSC,COSCO ARIES 527E,FOB,20GP,Shekou,Manzanillo,3,60207.34,180622.02,5639.25,667.3,7097.7,8024.1,26.41,8479500100,186928.57,174862.33,27977.97,592013.91,7853.11,34909.85,38745.01,0.0,18.709,,,China
IMP-2025-0134,PO-202504-032,INV-1008-202504-0001,SUP-1008,SKU-132,2025-04-21,2025-07-21,2025-08-26,2025-08-26,2025-09-02,2025-09-03,Ocean Network Express,ONE APUS 404E,CIF,40GP,Wenzhou,Manzanillo,4,32031.24,128124.96,0.0,,57758.4,62784.3,54.2,8462910100,128522.25,244297.66,19543.81,433090.9,9178.17,36939.18,,,19.0082,,,China
IMP-2025-0135,PO-202504-033,INV-1014-202504-0003,SUP-1014,SKU-116,2025-04-21,2025-07-01,2025-07-28,2025-07-28,2025-08-06,2025-08-10,Ocean Network Express,ONE APUS 487W,FOB,20GP,Nantong,Manzanillo,2,82082.41,"$164,164.82",8109.61,940.15,12842.8,14286.6,21.42,8477100100,173214.58,328406.18,26272.49,582198.48,6466.33,30125.57,0.0,0.0,18.9595,,,China
IMP-2025-0136,PO-202504-034,INV-1002-202504-0005,SUP-1002,SKU-106,2025-04-22,2025-07-07,2025-08-08,2025-08-08,2025-08-16,2025-08-17,Evergreen Marine,COSCO ARIES 726W,DDP,40GP,Shekou,Manzanillo,1,88152.50,"$88,152.50",7014.88,324.94,13327.3,14869.9,17.18,8458110100,95492.32,181513.71,14521.1,321787.51,8431.84,26363.3,0.0,0.0,19.0082,,,China
IMP-2025-0137,PO-202504-035,INV-1013-202504-0005,SUP-1013,SKU-120,23-04-2025,27-07-2025,02-09-2025,10-09-2025,,19-09-2025,Hapag-Lloyd,MSC ANZU 636W,EXW,20GP,Shanghai,Manzanillo,2,59533.00,"$119,066.00",7196.85,,4365.6,4855.0,6.24,8479500100,126262.85,118112.58,18898.01,399881.96,5099.6,28905.8,40815.63,0.0,18.709,3,Guard cracked during transit,China
IMP-2025-0138,PO-202504-036,INV-1003-202504-0005,SUP-1003,SKU-113,2025-04-26,2025-07-13,2025-08-13,2025-08-13,2025-08-19,2025-08-21,Maersk,EVER LIBRA 223W,FOB,40GP,Nansha,Lázaro Cárdenas,2,64064.02,"$128,128.04",9347.6,,6391.4,7072.4,35.2,8456110100,138017.87,262347.13,20987.77,465088.99,6918.16,41191.74,0.0,0.0,19.0082,,,China
IMP-2025-0139,PO-202504-037,INV-1006-202504-0003,SUP-1006,SKU-101,24/04/2025,08/06/2025,,13/07/2025,17/07/2025,19/07/2025,COSCO Shipping Lines,COSCO VEGA 332E,CIF,40HC,Ningbo-Zhoushan,Lázaro Cárdenas,1,156112.68,"$156,112.68",0.0,,8542.5,9554.6,30.57,8457100100,156888.81,297453.34,23796.27,527325.28,7140.49,36523.45,0.0,0.0,18.9595,,,China
IMP-2025-0140,PO-202504-038,INV-1003-202504-0006,SUP-1003,SKU-133,24/04/2025,10/07/2025,16/08/2025,,24/08/2025,21/08/2025,Ocean Network Express,MAERSK COLUMBUS 646E,DDP,40HC,Nansha,Manzanillo,1,97622.65,"$97,622.65",7624.61,316.84,20272.3,22536.8,30.15,8462910100,105564.1,200658.35,16052.67,355727.13,8442.91,17911.07,0.0,0.0,19.0082,,,China
IMP-2025-0141,PO-202504-039,INV-1010-202504-0001,SUP-1010,SKU-138,2025-04-25,2025-06-12,2025-07-19,2025-07-17,2025-07-19,2025-07-22,Maersk,MSC PALOMA 490E,CIF,40GP,Taizhou,Manzanillo,2,35846.86,71693.72,0.0,334.93,10910.6,12587.9,35.5,8428330100,72028.65,136562.72,10925.02,242098.39,8730.79,32359.14,0.0,0.0,18.9595,0,No issues found on inspection,China
IMP-2025-0142,PO-202504-040,INV-1012-202504-0005,SUP-1012,SKU-103,04/25/2025,06/29/2025,08/05/2025,08/05/2025,08/07/2025,08/11/2025,,COSCO VEGA 739W,FOB,40GP,Shanghai,Manzanillo,3,"$158,425.02",475275.06,8919.07,,55023.6,62630.5,52.96,845710,486708.73,"MXN 925,145.69",74011.66,1640098.28,3602.08,37260.78,0.0,0.0,19.0082,0,Sin observaciones durante la inspección,China
IMP-2025-0143,PO-202504-041,INV-1011-202504-0003,SUP-1011,SKU-136,2025-04-25,2025-06-18,2025-07-21,2025-07-21,2025-07-30,2025-08-03,Ocean Network Express,MAERSK COLUMBUS 333E,FOB,20GP,Shanghai,Lázaro Cárdenas,1,18860.78,18860.78,6102.37,96.39,1677.1,1942.6,5.59,8480710100,25059.54,23755.82,3800.93,80427.7,7913.92,40886.41,,0.0,18.9595,0,Sin observaciones durante la inspección,China
IMP-2025-0144,PO-202504-042,INV-1003-202504-0007,SUP-1003,SKU-113,26/04/2025,28/07/2025,01/09/2025,01/09/2025,06/09/2025,09/09/2025,COSCO Shipping Lines,MAERSK ESSEX 705W,FOB,40GP,Nansha,Manzanillo,3,60089.76,"$180,269.28",5972.51,1015.51,9587.1,11087.5,52.61,8456110100,187257.3,350339.68,28027.17,621082.19,8407.44,30342.97,0.0,0.0,18.709,0,Sin observaciones durante la inspección,China
IMP-2025-0145,PO-202504-043,INV-1013-202504-0006,SUP-1013,SKU-117,2025-04-27,2025-07-09,2025-08-08,2025-08-08,2025-08-17,2025-08-19,Evergreen Marine,MSC PALOMA 444E,FOB,40GP,Shanghai,Lázaro Cárdenas,3,34649.35,"$103,948.05",9586.77,,34752.0,39802.7,46.58,8477100100,114139.98,"MXN 216,959.56",17356.76,384625.9,5106.73,57305.39,0.0,0.0,19.0082,,,China
IMP-2025-0146,PO-202504-044,INV-1002-202504-0006,SUP-02,SKU-142,45774,45827,45859,45885,45888,45891,Ocean Network Express,ONE APUS 309W,FOB,20GP,Shekou,Manzanillo,4,7564.67,30258.68,8390.76,132.82,4747.6,5177.2,14.16,8515310100,38782.26,110577.14,5897.45,136584.89,8050.66,51292.21,0.0,0.0,19.0082,,,China
IMP-2025-0147,PO-202504-045,INV-1009-202504-0001,SUP-1009,SKU-131,04/28/2025,07/07/2025,08/14/2025,08/14/2025,08/20/2025,08/21/2025,Hapag-Lloyd,COSCO ARIES 644W,FOB,40HC,Ningbo-Zhoushan,Veracruz,1,80083.51,"$80,083.51",9062.83,387.84,22577.7,25297.4,27.01,8462910100,89534.18,"MXN 170,188.36",13615.07,301709.92,8230.3,62459.98,0.0,0.0,19.0082,,,China
IMP-2025-0148,PO-202505-001,INV-1003-202505-0001,SUP-1003,SKU-113,02/05/2025,25/07/2025,20/08/2025,21/08/2025,24/08/2025,27/08/2025,MSC,MSC PALOMA 319E,FOB,40GP,Nansha,Manzanillo,3,"$59,192.86","$177,578.58",8582.35,544.17,9587.1,10926.6,57.2,8456110100,186705.1,354892.79,28391.42,629153.93,6795.34,29493.48,0.0,0.0,19.0082,0,No issues found on inspection,China
IMP-2025-0149,PO-202505-002,INV-1002-202505-0001,SUP-1002,SKU-125,45780,45844,45882,45882,45891,45893,Yang Ming Marine Transport,YM WELLNESS 526W,FOB,20GP,Shenzhen (Shekou),Manzanillo,2,14860.07,29720.14,7794.52,,6661.0,7507.0,13.7,8414809900,37670.67,107407.74,5728.41,132670.05,7896.62,34934.48,0.0,,19.0082,,,China
IMP-2025-0150,PO-202505-003,INV-1014-202505-0001,SUP-1014,SKU-105,05/03/2025,06/27/2025,08/03/2025,08/03/2025,08/06/2025,08/10/2025,Hapag-Lloyd,HAPAG BERLIN EXPRESS 739E,EXW,40GP,Nantong,Manzanillo,1,161586.52,161586.52,8778.34,0.0,14233.9,16394.8,13.65,8457100100,170364.86,323832.93,25906.63,574091.02,5022.29,17300.52,0.0,,19.0082,18,Paint chipping on enclosure,China
IMP-2025-0151,PO-202505-004,INV-1013-202505-0001,SUP-1013,SKU-109,2025-05-03,2025-06-20,2025-07-17,2025-07-17,2025-07-21,2025-07-22,Evergreen Marine,EVER LIBRA 176E,FOB,40GP,Shanghai,Manzanillo,1,80609.01,80609.01,8204.48,397.38,13407.2,15471.9,12.0,8458110100,89210.87,169139.35,13531.15,299850.24,6812.98,22298.6,0.0,0.0,18.9595,5,Sello de empaque roto,China
IMP-2025-0152,PO-202505-005,INV-1010-202505-0001,SUP-1010,SKU-110,04/05/2025,27/06/2025,02/08/2025,03/08/2025,11/08/2025,12/08/2025,Hapag-Lloyd,MAERSK COLUMBUS 416E,FOB,20GP,Taizhou,Manzanillo,4,18218.18,72872.72,9683.91,286.34,18759.6,21688.5,43.49,8456110100,82842.97,157469.57,12597.57,279162.06,4907.13,43386.98,0.0,0.0,19.0082,,,China
IMP-2025-0153,PO-202505-006,INV-1010-202505-0002,SUP-1010,SKU-135,05/06/2025,07/04/2025,08/02/2025,08/02/2025,08/11/2025,08/13/2025,Maersk,MAERSK ESSEX 452W,EXW,20GP,Taizhou,Manzanillo,6,"3.908,57",23451.42,7475.17,,11329.8,12557.8,26.59,8480710100,30926.59,29392.94,4702.87,99512.74,6484.47,72386.35,0.0,0.0,19.0082,0,No issues found on inspection,China
IMP-2025-0154,PO-202505-007,INV-1012-202505-0001,SUP-1012,SKU-108,2025-05-07,2025-06-16,2025-07-21,2025-07-21,2025-07-30,2025-08-03,Maersk,EVER LIBRA 295W,CIF,20GP,Shanghai,Manzanillo,1,"$108,573.30","$108,573.30",0.0,338.35,11219.2,12790.3,11.25,8458110100,108911.65,206491.04,16519.28,366067.32,3610.42,22219.33,0.0,0.0,18.9595,1,Sin observaciones durante la inspección,China
IMP-2025-0155,PO-202505-008,INV-1012-202505-0002,SUP-1012,SKU-103,05/08/2025,07/14/2025,08/11/2025,08/11/2025,08/18/2025,08/22/2025,Hapag-Lloyd,YM WELLNESS 321W,FOB,40GP,Shanghai (Waigaoqiao),Manzanillo,1,174670.35,174670.35,5258.05,,18341.2,20458.0,18.27,8457100100,180488.55,343076.25,27446.1,608205.57,6408.75,20893.91,0.0,0.0,19.0082,,,China
IMP-2025-0156,PO-202505-009,INV-1003-202505-0002,SUP-1003,SKU-123,05/08/2025,07/26/2025,09/02/2025,09/02/2025,09/08/2025,09/09/2025,Hapag-Lloyd,EVER LIBRA 730E,FOB,20GP,Nansha,Veracruz,3,17953.67,53861.01,7082.51,,4607.7,5019.4,22.77,8414809900,61146.46,171598.37,9151.91,211958.3,7582.62,100109.02,,,18.709,,Rebaba en el acabado de la bancada,China
IMP-2025-0157,PO-202505-010,INV-1014-202505-0002,SUP-1014,SKU-122,10/05/2025,16/08/2025,23/09/2025,23/09/2025,10/10/2025,13/10/2025,Maersk,COSCO ARIES 800W,CIF,20GP,Nantong,Manzanillo,1,"23,748.73","$23,748.73",,74.36,1294.2,1411.7,4.33,8414809900,23823.09,66855.93,3565.65,82580.44,8859.23,26755.61,0.0,10587.52,18.709,3,Sin observaciones durante la inspección,China
IMP-2025-0158,PO-202505-011,INV-1012-202505-0003,SUP-1012,SKU-142,10/05/2025,15/07/2025,17/08/2025,17/08/2025,26/08/2025,27/08/2025,Yang Ming Marine Transport,MAERSK ESSEX 874E,CIF,20GP,Shanghai,Manzanillo,3,7408.25,22224.75,,,3560.7,3959.5,10.74,8515310100,22344.31,63708.77,3397.8,78693.07,5353.13,43188.22,0.0,0.0,19.0082,,,China
IMP-2025-0159,PO-202505-012,INV-1012-202505-0004,SUP-1012,SKU-112,05/10/2025,07/14/2025,08/17/2025,08/17/2025,08/22/2025,08/25/2025,COSCO Shipping Lines,EVER LIBRA 539E,FOB,20GP,Shanghai,Manzanillo,1,"$70,667.81",70667.81,8407.7,,2143.6,2347.8,7.0,8456110100,79303.18,150741.07,12059.29,267233.77,3817.55,26794.18,,0.0,19.0082,0,No issues found on inspection,China
IMP-2025-0160,PO-202505-013,INV-1003-202505-0003,SUP-1003,SKU-133,2025-05-11,2025-07-19,2025-08-19,2025-08-19,2025-08-28,2025-09-01,Ocean Network Express,EVER LIBRA 180W,FOB,40HC,Nansha,Manzanillo,2,95389.84,"$190,779.68",,,40544.6,44483.5,58.33,8462910100,201030.35,"MXN 382,122.51",30569.8,677426.79,6732.01,23719.98,0.0,0.0,19.0082,,,China
IMP-2025-0161,PO-202505-014,INV-1012-202505-0005,SUP-1012,SKU-142,13/05/2025,19/07/2025,20/08/2025,20/08/2025,26/08/2025,28/08/2025,COSCO Shipping Lines,YM WELLNESS 296E,FOB,20GP,Shanghai,Manzanillo,6,7359.13,44154.78,8641.81,245.74,7121.4,8204.5,21.22,8515310100,53042.33,151235.88,8065.91,186806.56,3727.07,56817.36,0.0,,19.0082,,,China
IMP-2025-0162,PO-202505-015,INV-1001-202505-0001,SUP-1001,SKU-124,2025-05-13,2025-08-03,2025-09-10,2025-09-10,2025-09-12,2025-09-14,COSCO Shipping Lines,ONE APUS 658E,FOB,20GP,Yantian,Manzanillo,2,"7,496.10",14992.20,5321.11,,1142.4,1255.0,10.7,8414809900,20366.25,57154.83,3048.26,70597.64,6289.37,30561.28,0.0,0.0,18.709,0,No issues found on inspection,China
IMP-2025-0163,PO-202505-016,INV-1013-202505-0002,SUP-1013,SKU-137,2025-05-13,2025-06-10,2025-07-14,2025-07-14,2025-07-22,2025-07-25,COSCO Shipping Lines,MSC ANZU 888W,,40GP,Shanghai,Lázaro Cárdenas,4,34234.87,"$136,939.48",7127.49,,21821.2,24017.4,68.67,8428 33 01 00,144732.27,"MXN 274,405.15",21952.41,486465.45,8064.58,67182.12,0.0,0.0,18.9595,,Hydraulic leak at fitting,China
IMP-2025-0164,PO-202505-017,INV-1006-202505-0001,SUP-1006,SKU-119,13/05/2025,16/07/2025,17/08/2025,18/08/2025,24/08/2025,28/08/2025,Hapag-Lloyd,MSC PALOMA 275W,FOB,20GP,Ningbo-Zhoushan,Lázaro Cárdenas,2,50274.82,100549.64,5217.77,467.19,4976.6,5523.4,7.03,8479500100,106234.6,100966.43,16154.63,341831.93,5307.57,36819.55,0.0,0.0,19.0082,,,China
IMP-2025-0165,PO-202505-018,INV-1014-202505-0003,SUP-1014,SKU-134,2025-05-14,2025-06-29,2025-08-02,2025-08-02,2025-08-05,2025-08-09,Hapag-Lloyd,MSC PALOMA 769E,FOB,20GP,Nantong,Manzanillo,3,7181.08,21543.24,8803.81,,4195.5,4532.5,13.01,8480710100,30431.13,"MXN 28,922.05",4627.53,97918.49,8238.56,39614.42,0.0,0.0,19.0082,,,China
IMP-2025-0166,PO-202505-019,INV-1002-202505-0002,SUP-1002,SKU-103,05/14/2025,07/29/2025,08/29/2025,08/29/2025,09/06/2025,09/09/2025,Maersk,MSC PALOMA 597W,EXW,40GP,Shekou,Manzanillo,4,"158,523.22",634092.88,5966.78,0.0,73364.8,83118.2,68.33,8457100100,640059.66,"MXN 1,216,638.20",97331.06,2156856.21,8966.41,42908.17,0.0,0.0,19.0082,2,Pallet damaged on arrival,China
IMP-2025-0167,PO-202505-020,INV-1002-202505-0003,SUP-1002,SKU-107,05/17/2025,06/30/2025,08/07/2025,06/11/2025,08/24/2025,08/24/2025,Ocean Network Express,COSCO ARIES 319W,FOB,40GP,Shekou,Manzanillo,3,46291.91,"$138,875.73",6680.8,685.7,31627.2,36262.5,41.18,8458110100,146242.23,277980.16,22238.41,492803.22,3767.22,37087.88,0.0,0.0,19.0082,,,China
IMP-2025-0168,PO-202505-021,INV-1014-202505-0004,SUP-1014,SKU-104,05/17/2025,07/29/2025,09/01/2025,09/01/2025,09/05/2025,09/09/2025,Yang Ming Marine Transport,COSCO VEGA 892E,DDP,,Nantong,Lázaro Cárdenas,1,143850.98,"$143,850.98",8240.32,561.05,8636.7,9476.7,28.64,8457100100,152652.35,285597.28,22847.78,506306.86,7682.67,29899.41,0.0,0.0,18.709,0,No issues found on inspection,China
IMP-2025-0169,PO-202505-022,INV-1013-202505-0003,SUP-1013,SKU-120,18/05/2025,03/08/2025,08/09/2025,08/09/2025,10/09/2025,13/09/2025,Ocean Network Express,COSCO VEGA 831W,FOB,20GP,Shanghai,Manzanillo,6,"56,179.31","$337,075.86",9807.76,1754.27,13096.8,14958.9,19.14,8479500100,348637.89,326133.31,52181.33,1104156.95,6012.3,60711.7,0.0,0.0,18.709,,,China
IMP-2025-0170,PO-202505-023,INV-1011-202505-0001,SUP-1011,SKU-127,2025-05-19,2025-08-04,2025-09-08,2025-09-08,2025-09-17,2025-09-19,MSC,MAERSK COLUMBUS 201W,DDP,40GP,Shanghai,Manzanillo,3,"$50,998.86",152996.58,7424.24,,11476.5,12462.3,56.09,8422309900,160896.61,301021.47,24081.72,533650.86,5028.99,42961.21,0.0,0.0,18.709,,,China
IMP-2025-0171,PO-202505-024,INV-1014-202505-0005,SUP-1014,SKU-116,2025-05-19,2025-08-07,2025-09-13,2025-09-21,2025-09-27,2025-09-30,Evergreen Marine,COSCO ARIES 380W,FOB,20GP,Nantong,Veracruz,1,86395.45,"$86,395.45",7854.77,395.31,6421.4,7240.8,9.85,8477100100,94645.53,177072.32,14165.79,313913.81,7984.16,52018.25,0.0,0.0,18.709,,No issues found on inspection,China
IMP-2025-0172,PO-202505-025,INV-1014-202505-0006,SUP-1014,SKU-116,45796,45881,45910,45910,45912,45916,HAPAG-LLOYD,YM WELLNESS 198E,FOB,20GP,Nantong,Manzanillo,1,82381.48,"$82,381.48",,,6421.4,7081.0,10.2,8477100100,88764.39,166069.3,13285.54,294407.65,3729.86,24571.01,0.0,0.0,18.709,,,China
IMP-2025-0173,PO-202505-026,INV-1006-202505-0002,SUP-1006,SKU-122,45796,45895,45922,45948,45952,45954,Maersk,HAPAG BERLIN EXPRESS 391E,FOB,20GP,Ningbo-Zhoushan,Manzanillo,2,"24,142.04","$48,284.08",6670.72,,2588.4,2867.8,8.29,8414809900,55181.53,153595.58,8191.76,189721.26,8291.11,33998.15,0.0,0.0,18.5564,,,China
IMP-2025-0174,PO-202505-027,INV-1001-202505-0002,SUP-1001,SKU-111,20-05-2025,03-07-2025,06-08-2025,11-08-2025,16-08-2025,18-08-2025,COSCO Shipping Lines,EVER LIBRA 348E,FOB,40GP,Yantian,Manzanillo,2,"43,945.08",87890.16,6028.8,279.42,3712.0,4266.7,31.32,8456110100,94198.38,179054.16,14324.33,317427.22,8809.72,35744.54,0.0,0.0,19.0082,,,China
IMP-2025-0175,PO-202505-028,INV-1006-202505-0003,SUP-1006,SKU-102,2025-05-20,2025-07-07,2025-08-12,2025-08-12,2025-08-21,2025-08-23,Maersk,HAPAG BERLIN EXPRESS 226E,DDP,40HC,Ningbo-Zhoushan,Manzanillo,1,166207.56,"$166,207.56",8197.64,599.23,8542.5,9560.9,29.37,8457100100,175004.43,332651.92,26612.15,589725.32,7312.96,21624.77,0.0,0.0,19.0082,,,China
IMP-2025-0176,PO-202505-029,INV-1002-202505-0004,SUP-1002,SKU-107,22/05/2025,30/06/2025,29/07/2025,29/07/2025,06/08/2025,08/08/2025,Evergreen Marine,MSC ANZU 804E,FOB,40GP,Shekou,Manzanillo,3,46081.32,138243.96,8963.92,700.46,31627.2,34856.0,41.93,8458110100,147908.34,280426.82,22434.15,497140.66,6395.11,41007.87,,0.0,18.9595,,,China
IMP-2025-0177,PO-202505-030,INV-1014-202505-0007,SUP-1014,SKU-122,05/23/2025,08/23/2025,09/23/2025,09/25/2025,,10/02/2025,Ocean Network Express,HAPAG BERLIN EXPRESS 504E,CIF,20GP,Nantong,Manzanillo,6,"25,136.26","$150,817.56",0.0,496.97,7765.2,8857.7,24.71,8414809900,151314.53,424641.53,22647.55,524517.22,4655.19,50388.67,0.0,0.0,18.709,3,Guard cracked during transit,China
IMP-2025-0178,PO-202505-031,INV-1012-202505-0006,SUP-1012,SKU-142,05/23/2025,08/04/2025,08/31/2025,09/05/2025,09/12/2025,09/14/2025,Evergreen Marine,ONE APUS 801E,FOB,20GP,Shanghai,Lázaro Cárdenas,1,6969.87,"$6,969.87",6723.47,,1186.9,1310.1,3.64,8515310100,13724.99,38517.13,2054.25,47576.35,5536.82,29846.27,0.0,0.0,18.709,,Sin observaciones durante la inspección,China
IMP-2025-0179,PO-202505-032,INV-1010-202505-0003,SUP-1010,SKU-110,23/05/2025,14/07/2025,21/08/2025,21/08/2025,26/08/2025,29/08/2025,Maersk,EVER LIBRA 807W,CIF,20GP,Taizhou,Manzanillo,2,17794.20,"$35,588.40",0.0,,9379.8,10333.1,21.07,8456110100,35738.6,67932.65,5434.61,120430.99,7086.72,24784.75,0.0,0.0,19.0532,,,China
IMP-2025-0180,PO-202505-033,INV-1014-202505-0008,SUP-1014,SKU-117,2025-05-23,2025-08-01,2025-09-01,2025-09-01,2025-09-09,2025-09-13,Ocean Network Express,EVER LIBRA 445W,CIF,40GP,Nantong,Manzanillo,1,32570.10,32570.10,0.0,174.54,11584.0,12748.2,16.42,8477100100,32744.64,61261.95,4900.96,108605.18,7199.76,17028.64,0.0,0.0,18.709,0,Sin observaciones durante la inspección,China
IMP-2025-0181,PO-202505-034,INV-1001-202505-0003,SUP-1001,SKU-111,05/23/2025,07/11/2025,08/10/2025,08/11/2025,08/29/2025,08/30/2025,COSCO Shipping Lines,MAERSK COLUMBUS 539E,FOB,40GP,"YANTIAN, CN",Manzanillo,1,44732.72,44732.72,6865.67,,1856.0,2056.7,15.55,8456110100,51849.07,98555.75,7884.46,174719.63,3867.92,23166.8,,0.0,19.0082,,,China
IMP-2025-0182,PO-202505-035,INV-1001-202505-0004,SUP-1001,SKU-120,2025-05-25,2025-08-24,2025-09-22,2025-09-24,2025-10-07,2025-10-10,Hapag-Lloyd,MSC PALOMA 120E,FOB,20GP,Yantian,Manzanillo,1,57210.96,"$57,210.96",6382.45,,2182.8,2530.4,3.05,8479500100,63865.6,59743.08,9558.89,202266.16,5268.74,22314.39,0.0,0.0,18.709,1,Sin observaciones durante la inspección,China
IMP-2025-0183,PO-202505-036,INV-1012-202505-0007,SUP-1012,SKU-142,05/25/2025,07/24/2025,08/29/2025,08/29/2025,08/31/2025,09/02/2025,Maersk,HAPAG BERLIN EXPRESS 206W,EXW,20GP,Shanghai,"Manzanillo, Colima",3,7529.26,22587.78,7016.16,0.0,3560.7,3928.6,10.86,8515310100,29603.94,84407.64,4501.74,104260.32,5391.4,31120.36,0.0,0.0,19.0082,,,China
IMP-2025-0184,PO-202505-037,INV-1002-202505-0005,SUP-1002,SKU-106,26/05/2025,12/08/2025,11/09/2025,12/09/2025,28/09/2025,30/09/2025,MSC,MAERSK COLUMBUS 247W,FOB,40GP,Shekou,Lázaro Cárdenas,3,92090.76,"$276,272.28",7415.99,1590.52,39981.9,46111.1,53.83,8458110100,285278.79,533728.09,42698.25,946193.15,7990.53,52898.33,,,18.709,,,China
IMP-2025-0185,PO-202505-038,INV-1011-202505-0002,SUP-1011,SKU-114,2025-05-27,2025-07-28,2025-08-25,2025-08-25,2025-08-28,2025-08-30,COSCO Shipping Lines,MAERSK ESSEX 277E,FOB,40GP,Shanghai,Manzanillo,2,"45,170.59","$90,341.18",7601.05,272.74,9126.0,10188.7,39.53,8477100100,98214.97,186688.98,14935.12,330962.22,4773.71,27788.38,0.0,0.0,19.0082,,,China
IMP-2025-0186,PO-202505-039,INV-1008-202505-0001,SUP-1008,SKU-139,2025-05-27,2025-07-06,2025-07-31,2025-07-31,2025-08-02,2025-08-06,Yang Ming Marine Transport,YM WELLNESS 395E,CIF,20GP,Wenzhou,Lázaro Cárdenas,1,22773.17,22773.17,0.0,,1033.8,1117.6,9.33,8428330100,22871.74,43363.68,3469.09,76875.12,3924.36,30054.02,0.0,,18.9595,,,China
IMP-2025-0187,PO-202505-040,INV-1011-202505-0003,SUP-1011,SKU-136,27/05/2025,01/08/2025,29/08/2025,29/08/2025,04/09/2025,06/09/2025,Ocean Network Express,MSC ANZU 243E,CIF,20GP,Shanghai,Manzanillo,1,19889.39,19889.39,0.0,83.38,1677.1,1928.4,5.61,,19972.77,18982.32,3037.17,64266.54,5777.15,19924.86,0.0,0.0,19.0082,,,China
IMP-2025-0188,PO-202505-041,INV-1009-202505-0001,SUP-1009,SKU-131,28/05/2025,28/07/2025,28/08/2025,28/08/2025,30/08/2025,01/09/2025,Maersk,COSCO VEGA 370E,N/A,40HC,Ningbo-Zhoushan,Manzanillo,4,77949.06,"$311,796.24",8343.16,0.0,90310.8,98266.8,104.66,8462910100,320139.4,608527.37,48682.19,1078797.33,4924.11,44490.11,0.0,0.0,19.0082,3,Pallet damaged on arrival,China
IMP-2025-0189,PO-202505-042,INV-1014-202505-0009,SUP-1014,SKU-118,2025-05-28,2025-08-08,2025-09-07,2025-09-07,2025-09-11,2025-09-13,Hapag-Lloyd,MSC ANZU 587W,FOB,40GP,Nantong,Lázaro Cárdenas,6,"$28,787.93","$172,727.58",7140.52,847.63,40036.8,44493.9,73.02,8477100100,180715.73,338101.06,27048.08,599385.56,5892.49,84501.83,0.0,0.0,18.709,,,China
IMP-2025-0190,PO-202505-043,INV-1012-202505-0008,SUP-1012,SKU-108,28/05/2025,10/07/2025,14/08/2025,14/08/2025,,26/08/2025,Yang Ming Marine Transport,ONE APUS 457W,FOB,20GP,Shanghai,Manzanillo,1,113734.23,"$113,734.23",5609.54,610.67,11219.2,12661.2,11.35,8458110100,119954.44,228011.8,18240.94,404219.32,6098.36,20087.95,0.0,,19.0082,,,China
IMP-2025-0191,PO-202506-001,INV-1009-202506-0001,SUP-1009,SKU-111,01/06/2025,09/07/2025,13/08/2025,13/08/2025,19/08/2025,20/08/2025,MSC,MSC PALOMA 767E,CIF,40GP,"Ningbo, CN",Manzanillo,6,42788.11,256728.66,0.0,1311.07,11136.0,12758.6,93.79,8456110100,258039.73,490487.08,39238.97,869535.49,6877.54,66898.31,0.0,,19.0082,0,Sin observaciones durante la inspección,China
IMP-2025-0192,PO-202506-002,INV-1013-202506-0001,SUP-1013,SKU-140,2025-06-02,2025-08-21,2025-09-24,2025-09-24,2025-09-29,2025-09-30,Hapag-Lloyd,MAERSK ESSEX 342E,FOB,20GP,Shanghai,Manzanillo,1,"26,928.73","$26,928.73",8016.55,107.65,1777.7,1981.3,3.16,8515310100,35052.93,98370.79,5246.44,121507.6,8154.47,25605.24,0.0,,18.709,,,China
IMP-2025-0193,PO-202506-003,INV-1011-202506-0001,SUP-1011,SKU-130,06/03/2025,08/08/2025,09/14/2025,09/14/2025,09/22/2025,09/23/2025,Evergreen Marine,MSC PALOMA 672W,FOB,40HC,Shanghai,Manzanillo,1,78775.32,78775.32,7102.06,,22799.0,25776.2,31.46,8462910100,86308.08,161473.79,12917.9,286260.73,8235.1,17048.52,,0.0,18.709,0,Sin observaciones durante la inspección,China
IMP-2025-0194,PO-202506-004,INV-1010-202506-0001,SUP-1010,SKU-110,06/06/2025,25/07/2025,20/08/2025,21/08/2025,23/08/2025,27/08/2025,MSC,YM WELLNESS 865E,FOB,20GP,Taizhou,Lázaro Cárdenas,3,20157.37,"$60,472.11",6232.3,,14069.7,15871.9,31.72,8456110100,67056.75,127462.81,10197.02,225966.07,7517.27,53606.53,,0.0,19.0082,,Fuga de aceite hidráulico,China
IMP-2025-0195,PO-202506-005,INV-1008-202506-0001,SUP-1008,SKU-112,06/06/2025,08/16/2025,09/23/2025,09/23/2025,09/30/2025,10/04/2025,MSC,EVER LIBRA 157E,FOB,20GP,Wenzhou,Manzanillo,3,65924.96,"$197,774.88",7989.47,,6430.8,7045.7,22.68,8456110100,206515.16,386369.21,30909.54,684955.34,6274.12,33040.09,0.0,0.0,18.709,0,Sin observaciones durante la inspección,China
IMP-2025-0196,PO-202506-006,INV-1002-202506-0001,SUP-1002,SKU-125,06/08/2025,07/30/2025,08/29/2025,08/29/2025,09/03/2025,,Evergreen Marine,MSC PALOMA 635W,FOB,20GP,Shekou,"MANZANILLO, COL",4,14730.08,"$58,920.32",6889.15,265.03,13322.0,15040.7,26.28,8414809900,66074.5,188393.6,10047.66,232703.77,7047.97,35746.69,0.0,0.0,19.0082,,,China
IMP-2025-0197,PO-202506-007,INV-1007-202506-0001,SUP-1007,SKU-130,08/06/2025,14/08/2025,08/09/2025,13/09/2025,29/09/2025,01/10/2025,Ocean Network Express,ONE APUS 655W,DDP,40HC,Ningbo-Zhoushan,Lázaro Cárdenas,2,83931.54,167863.08,,819.31,45598.0,50781.2,61.91,8462910100,176754.16,330689.36,26455.15,586246.09,8293.41,53841.05,0.0,0.0,18.709,,,China
IMP-2025-0198,PO-202506-008,INV-1001-202506-0001,SUP-1001,SKU-132,2025-06-10,2025-09-05,2025-10-06,2025-10-06,2025-10-13,2025-10-15,Ocean Network Express,HAPAG BERLIN EXPRESS 497E,CIF,40GP,Yantian,Manzanillo,3,"29,310.31","$87,930.93",0.0,480.59,43318.8,47245.6,40.29,8462910100,88411.52,164059.95,13124.8,290845.48,5499.07,42687.8,0.0,,18.5564,0,Sin observaciones durante la inspección,China
IMP-2025-0199,PO-202506-009,INV-1003-202506-0001,SUP-1003,SKU-113,08/06/2025,02/09/2025,09/10/2025,11/10/2025,12/10/2025,14/10/2025,Yang Ming Marine Transport,COSCO VEGA 296W,FOB,40'HC,Nansha,Veracruz,1,59381.95,59381.95,7120.84,268.12,3195.7,3591.7,17.72,8456110100,66770.91,"MXN 123,902.77",9912.22,219654.83,8010.6,53315.8,0.0,0.0,18.5564,3,Pallet damaged on arrival,China
IMP-2025-0200,PO-202506-010,INV-1012-202506-0001,SUP-1012,SKU-108,09/06/2025,01/08/2025,03/09/2025,03/09/2025,08/09/2025,12/09/2025,Yang Ming Marine Transport,MSC ANZU 303W,CIF,20GP,Shanghai,Manzanillo,1,"$116,483.95","$116,483.95",0.0,444.09,11219.2,12663.3,11.45,8458110100,116928.04,"MXN 218,760.67",17500.85,387818.92,7282.05,19538.41,0.0,,18.709,,,China
IMP-2025-0201,PO-202506-011,INV-1012-202506-0002,SUP-1012,SKU-142,09/06/2025,09/08/2025,05/09/2025,05/09/2025,09/09/2025,13/09/2025,Ocean Network Express,EVER LIBRA 418W,DDP,20GP,Shanghai,Lázaro Cárdenas,4,7041.40,"$28,165.60",9198.08,,4747.6,5481.2,14.19,8515310100,37493.87,105220.92,5611.78,129968.88,8646.78,74781.29,0.0,0.0,18.709,3,Faltó el manual en español,China
IMP-2025-0202,PO-202506-012,INV-1009-202506-0002,SUP-1009,SKU-131,45818,45878,,45907,45916,45917,Evergreen Marine,COSCO VEGA 793E,CIF,40HC,Ningbo-Zhoushan,Manzanillo,6,78696.17,472177.02,0.0,1843.33,135466.2,147033.8,149.31,8462910100,474020.35,886844.67,70947.57,1572198.24,3928.0,47820.07,0.0,0.0,18.709,,,China
IMP-2025-0203,PO-202506-013,INV-1002-202506-0002,SUP-1002,SKU-102,06/11/2025,08/05/2025,09/03/2025,09/03/2025,09/05/2025,09/08/2025,Yang Ming Marine Transport,MSC PALOMA 136W,CIF,40GP,Shekou,manzanillo,2,"100.886,66",201773.32,0.0,,30127.4,34368.4,39.66,8457100100,202882.27,379572.44,30365.8,672906.02,4277.51,34604.72,0.0,0.0,18.709,,,China
IMP-2025-0204,PO-202506-014,INV-1014-202506-0001,sup1014,SKU-122,2025-06-11,2025-09-19,2025-10-17,2025-10-17,2025-10-25,2025-10-27,Yang Ming Marine Transport,COSCO ARIES 727W,CIF,20GP,"Nantong, CN",Manzanillo,1,24099.77,"$24,099.77",0.0,115.13,1294.2,1406.1,3.95,8414809900,24214.9,67401.21,3594.73,83253.97,6650.57,19625.69,0.0,,18.5564,,,China
IMP-2025-0205,PO-202506-015,INV-1004-202506-0001,SUP-1004,SKU-137,11-06-2025,24-07-2025,21-08-2025,21-08-2025,,26-08-2025,COSCO Shipping Lines,MSC PALOMA 133E,EXW,40GP,Yantian,Manzanillo,3,"33,222.06",99666.18,6591.69,,16365.9,17856.0,54.64,8428330100,106257.87,201977.08,16158.17,358064.98,3949.68,31899.02,0.0,0.0,19.0082,,,China
IMP-2025-0206,PO-202506-016,INV-1001-202506-0002,SUP-1001,SKU-121,2025-06-12,2025-08-25,2025-09-26,2025-09-26,2025-09-28,2025-10-01,Maersk,MAERSK ESSEX 354E,DDP,20GP,Yantian,Manzanillo,3,66486.08,199458.24,8906.47,1119.29,7097.7,7937.8,24.06,8479500100,209484.0,195961.81,31353.89,663448.3,7055.81,42241.9,0.0,0.0,18.709,1,Wiring harness loose in cabinet,China
IMP-2025-0207,PO-202506-017,INV-1011-202506-0002,SUP-1011,SKU-135,06/12/2025,08/05/2025,09/09/2025,09/09/2025,09/14/2025,09/18/2025,Yang Ming Marine Transport,ONE APUS 237E,FOB,20GP,Shanghai,Manzanillo,2,4342.70,"$8,685.40",8747.84,44.37,3776.6,4220.6,9.02,8480710100,17477.61,16349.43,2615.91,55352.63,6096.73,26302.74,0.0,0.0,18.709,,,China
IMP-2025-0208,PO-202506-018,INV-1008-202506-0002,SUP-1008,SKU-126,06/14/2025,09/04/2025,10/01/2025,10/01/2025,10/09/2025,10/10/2025,COSCO Shipping Lines,ONE APUS 700E,CIF,40GP,Wenzhou,Manzanillo,6,29428.54,176571.24,0.0,,37384.8,42603.0,74.96,8422309900,177501.98,"MXN 329,379.77",26350.38,583924.46,3992.98,61112.42,,0.0,18.5564,0,No issues found on inspection,China
IMP-2025-0209,PO-202506-019,INV-1013-202506-0002,SUP-1013,SKU-109,2025-06-14,2025-07-16,2025-08-21,2025-08-21,2025-08-30,2025-09-01,EVERGREEN MARINE,MSC PALOMA 532E,EXW,40GP,Shanghai,Manzanillo,1,77901.99,77901.99,5464.04,0.0,13407.2,14870.8,12.28,8458110100,83366.03,158463.82,12677.11,280924.66,6593.8,20323.53,0.0,0.0,19.0082,0,No issues found on inspection,China
IMP-2025-0210,PO-202506-020,INV-1011-202506-0003,SUP-1011,SKU-115,15/06/2025,16/08/2025,21/09/2025,21/09/2025,23/09/2025,26/09/2025,Yang Ming Marine Transport,MAERSK ESSEX 144E,DDP,40GP,Shanghai,Manzanillo,6,45342.17,"$272,053.02",8933.14,1624.48,27378.0,30745.6,106.23,8477100100,282610.64,528736.25,42298.9,937343.62,7898.29,47713.58,0.0,0.0,18.709,,,China
IMP-2025-0211,PO-202506-021,INV-1010-202506-0002,SUP-1010,SKU-136,06/15/2025,08/18/2025,09/18/2025,09/18/2025,09/24/2025,09/28/2025,Hapag-Lloyd,COSCO ARIES 247E,FOB,20GP,Taizhou,Lázaro Cárdenas,6,"18.221,40",109328.40,10871.69,,10062.6,11645.8,34.09,8480710100,120596.66,112812.15,18049.94,381936.8,8928.84,87221.23,0.0,0.0,18.709,,,China
IMP-2025-0212,PO-202506-022,INV-1008-202506-0003,SUP-1008,SKU-123,06/15/2025,09/02/2025,09/28/2025,09/28/2025,10/05/2025,10/06/2025,Hapag-Lloyd,MSC ANZU 378E,EXW,20GP,Wenzhou,Lázaro Cárdenas,6,17707.34,"$106,244.04",8370.35,,9215.4,10319.4,41.42,8414809900,114614.39,321648.09,17154.56,397299.72,"6.805,42",112169.02,0.0,0.0,18.709,,Sin observaciones durante la inspección,China
IMP-2025-0213,PO-202506-023,INV-1011-202506-0004,SUP-1011,SKU-115,45824,45882,45924,45924,45927,45929,COSCO Shipping Lines,HAPAG BERLIN EXPRESS 493W,FOB,40GP,Shanghai,Veracruz,1,"$42,428.48","$42,428.48",8545.29,204.51,4563.0,5057.2,18.89,8477100100,51178.28,95749.44,7659.96,169744.61,4456.35,45425.75,0.0,0.0,18.709,1,Fuga de aceite hidráulico,China
IMP-2025-0214,PO-202506-024,INV-1012-202506-0003,SUP-1012,SKU-111,2025-06-17,2025-07-24,2025-08-25,2025-08-24,2025-08-26,2025-08-29,MSC,ONE APUS 219E,CIF,40GP,Shanghai,Manzanillo,1,43295.63,43295.63,0.0,200.81,1856.0,2127.4,16.46,8456110100,43496.44,82678.9,6614.31,146573.16,7963.45,21113.57,,,19.0082,1,Hydraulic leak at fitting,China
IMP-2025-0215,PO-202506-025,INV-1012-202506-0004,SUP-1012,SKU-103,06/17/2025,09/04/2025,10/13/2025,10/18/2025,10/22/2025,10/26/2025,Hapag-Lloyd,COSCO VEGA 887E,FOB,40GP,Shanghai,Veracruz,1,173171.60,173171.60,6986.89,,18341.2,21091.5,17.64,8457100100,180732.01,335373.55,26829.88,594550.22,8746.87,64006.79,0.0,0.0,18.5564,,,China
IMP-2025-0216,PO-202506-026,INV-1003-202506-0002,SUP-1003,SKU-123,17/06/2025,12/09/2025,19/10/2025,19/10/2025,21/10/2025,23/10/2025,Hapag-Lloyd,MSC PALOMA 559E,CIF,20GP,Nansha,Manzanillo,1,"$17,459.65",17459.65,0.0,66.22,1535.9,1721.8,7.61,8414809900,17525.87,"MXN 48,782.56",2601.74,60256.22,7444.38,23033.64,0.0,,18.5564,,,China
IMP-2025-0217,PO-202506-027,INV-1008-202506-0004,SUP-1008,SKU-115,2025-06-18,2025-08-16,2025-09-20,2025-09-20,2025-10-12,2025-10-13,Maersk,EVER LIBRA 489W,,40GP,Wenzhou,Manzanillo,2,"45,101.90","$90,203.80",6178.65,,9126.0,9985.8,38.97,8477100100,96699.67,180915.41,14473.23,320726.84,7897.1,27356.82,0.0,8405.14,18.709,,,China
IMP-2025-0218,PO-202506-028,INV-1014-202506-0002,SUP-1014,SKU-116,2025-06-18,2025-09-08,2025-10-07,2025-10-07,2025-10-12,2025-10-13,Yang Ming Marine Transport,COSCO VEGA 518E,FOB,20GP,Nantong,Manzanillo,1,88828.51,"$88,828.51",7469.73,430.98,6421.4,7262.1,9.6,8477100100,96729.22,179494.61,14359.57,318208.04,5335.44,21050.29,0.0,0.0,18.5564,0,Sin observaciones durante la inspección,China
IMP-2025-0219,PO-202506-029,INV-1002-202506-0003,SUP-1002,SKU-124,06/18/2025,09/07/2025,10/07/2025,10/07/2025,10/09/2025,10/10/2025,Maersk,HAPAG BERLIN EXPRESS 843E,FOB,20GP,Shekou,Manzanillo,1,7733.99,"$7,733.99",7571.0,35.76,571.2,624.3,5.16,8414809900,15340.75,42700.36,2277.35,52743.49,5339.05,18107.97,0.0,0.0,18.5564,0,Sin observaciones durante la inspección,China
IMP-2025-0220,PO-202506-030,INV-1003-202506-0003,SUP-1003,SKU-123,20/06/2025,03/09/2025,14/10/2025,09/11/2025,14/11/2025,15/11/2025,Yang Ming Marine Transport,MAERSK ESSEX 219E,FOB,20GP,Nansha,Veracruz,2,18256.61,"$36,513.22",9304.09,,3071.8,3483.5,15.2,8414809900,45987.31,127994.18,6826.36,158098.41,7697.32,87192.85,45572.12,0.0,18.555,0,No issues found on inspection,China
IMP-2025-0221,PO-202506-031,INV-1012-202506-0005,SUP-1012,SKU-109,20/06/2025,28/07/2025,24/08/2025,24/08/2025,27/08/2025,31/08/2025,Maersk,MAERSK COLUMBUS 416W,CIF,40GP,Shanghai,Manzanillo,4,"81,878.14",327512.56,0.0,1484.2,53628.8,61415.4,52.62,8458110100,328996.76,625363.62,50029.09,1108644.63,6666.11,38434.18,0.0,0.0,19.0082,,Calibration certificate missing,China
IMP-2025-0222,PO-202506-032,INV-1007-202506-0002,SUP-1007,SKU-129,21/06/2025,21/09/2025,25/10/2025,25/10/2025,27/10/2025,30/10/2025,Evergreen Marine,MAERSK COLUMBUS 442W,FOB,40GP,Ningbo-Zhoushan,Manzanillo,4,39637.92,158551.68,8485.77,,31088.0,35550.6,76.1,8422309900,167814.58,"MXN 311,403.45",24912.28,552056.03,7399.0,43822.0,0.0,0.0,18.5564,,,China
IMP-2025-0223,PO-202506-033,INV-1002-202506-0004,SUP-1002,SKU-125,2025-06-22,2025-08-27,2025-09-27,2025-09-27,2025-09-29,2025-10-02,COSCO Shipping Lines,EVER LIBRA 853E,FOB,20GP,Shekou,Lázaro Cárdenas,3,"13,970.80",41912.40,,234.7,9991.5,10842.0,,8414809900,49170.53,137989.72,7359.45,170444.9,7217.29,64516.24,0.0,0.0,18.709,,,China
IMP-2025-0224,PO-202506-034,INV-1008-202506-0005,SUP-1008,SKU-140,2025-06-22,2025-08-30,2025-10-05,2025-10-05,2025-10-08,2025-10-12,Hapag-Lloyd,COSCO VEGA 123W,FOB,20GP,Wenzhou,Veracruz,1,27911.75,"$27,911.75",8066.11,166.59,1777.7,2042.4,3.39,8515310100,36144.45,"MXN 100,606.63",5365.69,124269.31,8893.25,54694.67,0.0,0.0,18.5564,,,China
IMP-2025-0225,PO-202506-035,INV-1014-202506-0003,SUP-1014,SKU-105,23/06/2025,18/08/2025,20/09/2025,16/10/2025,22/10/2025,25/10/2025,COSCO,EVER LIBRA 139E,FOB,40GP,Nantong,Lázaro Cárdenas,1,"155.875,88",155875.88,6219.82,495.46,14233.9,15789.2,14.47,8457100100,162591.16,301710.66,24136.85,534872.66,6980.69,40646.8,0.0,0.0,18.5564,,,China
IMP-2025-0226,PO-202506-036,INV-1013-202506-0003,SUP-1013,SKU-140,06/25/2025,09/13/2025,10/17/2025,10/17/2025,10/26/2025,10/29/2025,Yang Ming Marine Transport,EVER LIBRA 598E,DDP,20GP,Shanghai,Manzanillo,1,25399.33,25399.33,5719.44,,1777.7,1979.6,3.15,8515310100,31259.53,87009.65,4640.51,107474.32,7093.69,19755.44,0.0,0.0,18.5564,,,China
IMP-2025-0227,PO-202506-037,INV-1011-202506-0005,SUP-1011,SKU-136,2025-06-26,2025-08-13,2025-09-18,2025-09-18,2025-09-20,2025-09-23,Evergreen Marine,HAPAG BERLIN EXPRESS 724E,CIF,20GP,Shanghai,Manzanillo,1,19419.72,19419.72,0.0,,1677.1,1877.2,5.78,8480710100,19529.45,18268.82,2923.01,61850.93,8170.72,25516.19,,0.0,18.709,,,China
IMP-2025-0228,PO-202506-038,INV-1004-202506-0002,SUP-1004,SKU-133,2025-06-26,2025-08-27,2025-09-29,2025-09-29,2025-10-02,2025-10-03,MSC,HAPAG BERLIN EXPRESS 659W,FOB,40HC,Yantian,Lázaro Cárdenas,3,96379.35,289138.05,6252.62,1185.0,60816.9,68206.2,86.69,8462910100,296575.67,554863.42,44389.07,983661.87,8469.26,46317.75,,0.0,18.709,,,China
IMP-2025-0229,PO-202506-039,INV-1001-202506-0003,SUP-1001,SKU-106,2025-06-26,2025-09-11,2025-10-08,2025-10-08,2025-10-16,2025-10-18,COSCO,YM WELLNESS 739E,CIF,40GP,Yantian,Manzanillo,1,"90.755,86","$90,755.86",,540.53,13327.3,15435.7,18.13,8458110100,91296.39,169413.23,13553.06,300335.78,4916.95,17695.01,0.0,0.0,18.5564,,,China
IMP-2025-0230,PO-202506-040,INV-1014-202506-0004,SUP-1014,SKU-134,27-06-2025,14-08-2025,24-09-2025,24-09-2025,01-10-2025,04-10-2025,Maersk,HAPAG BERLIN EXPRESS 666W,FOB,20GP,Nantong,Veracruz,3,"7,333.90",22001.70,11214.44,103.07,4195.5,4593.0,13.32,8480710100,33319.21,31168.45,4986.95,105523.92,7711.89,108472.63,,0.0,18.709,,,China
IMP-2025-0231,PO-202506-041,INV-1002-202506-0005,SUP-1002,SKU-102,28/06/2025,27/08/2025,28/09/2025,29/09/2025,07/10/2025,10/10/2025,MSC,MAERSK COLUMBUS 638W,FOB,40GP,Shekou,Manzanillo,2,91700.64,"$183,401.28",6229.33,,30127.4,33767.9,37.93,8457100100,190391.61,356203.66,28496.29,631477.85,9178.06,36256.05,0.0,0.0,18.709,,,China
IMP-2025-0232,PO-202507-001,INV-1003-202507-0001,sup1003,SKU-103,01/07/2025,18/09/2025,20/10/2025,20/10/2025,26/10/2025,29/10/2025,Maersk,ONE APUS 791E,FOB,40GP,Nansha,Lázaro Cárdenas,1,173729.25,173729.25,5908.66,850.54,18341.2,20640.8,18.67,8457100100,180488.45,334921.59,26793.73,593748.99,5216.08,40181.6,0.0,0.0,18.5564,,,China
IMP-2025-0233,PO-202507-002,INV-1005-202507-0001,SUP-1005,SKU-130,02/07/2025,04/09/2025,10/10/2025,13/10/2025,16/10/2025,17/10/2025,COSCO Shipping Lines,COSCO VEGA 707E, FOB,40HC,Shekou,Manzanillo,4,84265.24,"$337,060.96",9568.29,1777.26,91196.0,102827.3,137.98,8462910100,348406.51,646517.06,51721.36,1146145.44,6742.53,40352.04,,0.0,18.5564,0,No issues found on inspection,China
IMP-2025-0234,PO-202507-003,INV-1002-202507-0001,SUP-1002,SKU-124,07/04/2025,09/19/2025,10/14/2025,10/14/2025,10/25/2025,10/28/2025,COSCO Shipping Lines,COSCO ARIES 711E,FOB,20GP,Shekou,Lázaro Cárdenas,1,"$7,258.41",7258.41,7805.71,,571.2,624.1,5.22,8414809900,15102.85,42038.18,2242.04,51925.56,5609.68,29632.76,0.0,,18.5564,,,China
IMP-2025-0235,PO-202507-004,INV-1003-202507-0002,SUP-1003,SKU-123,05/07/2025,01/10/2025,07/11/2025,07/11/2025,10/11/2025,14/11/2025,Hapag-Lloyd,YM WELLNESS 334W,FOB,20GP,Nansha,Manzanillo,1,19389.16,"$19,389.16",5621.62,103.59,1535.9,1708.0,7.17,8414809900,25114.37,69899.57,3727.98,86339.95,6746.18,21683.56,0.0,0.0,18.555,,Emergency stop tested and passed,China
IMP-2025-0236,PO-202507-005,INV-1002-202507-0002,SUP-1002,SKU-124,07/06/2025,09/15/2025,10/14/2025,10/14/2025,10/18/2025,10/19/2025,Hapag-Lloyd,COSCO ARIES 512E,FOB,20GP,Shekou,Manzanillo,1,7305.96,7305.96,5862.8,42.7,571.2,618.0,5.35,8414809900,13211.46,36773.57,1961.26,45422.71,7511.57,22881.04,0.0,0.0,18.5564,,,China
IMP-2025-0237,PO-202507-006,INV-1007-202507-0001,SUP-1007,SKU-130,2025-07-06,2025-09-09,2025-10-08,2025-10-08,2025-10-23,2025-10-27,MSC,MSC ANZU 633E,CIF,40HC,Ningbo-Zhoushan,Manzanillo,3,81507.91,244523.73,0.0,,68397.0,74091.7,99.44,8462910100,245806.61,456128.58,36490.29,808624.74,5911.37,37241.36,0.0,0.0,18.5564,,,China
IMP-2025-0238,PO-202507-007,INV-1011-202507-0001,SUP-1011,SKU-134,2025-07-07,2025-08-17,2025-09-19,2025-09-19,2025-09-22,2025-09-23,Hapag-Lloyd,COSCO VEGA 653W, FOB,,Shanghai,Manzanillo,1,7169.82,"$7,169.82",8284.3,42.15,1398.5,1517.7,4.06,8480710100,15496.27,"MXN 14,495.99",2319.36,49077.61,7969.55,22898.06,0.0,0.0,18.709,,,China
IMP-2025-0239,PO-202507-008,INV-1013-202507-0001,SUP-1013,SKU-135,2025-07-08,2025-08-26,2025-09-28,2025-10-10,2025-10-15,2025-10-17,Yang Ming Marine Transport,MAERSK COLUMBUS 187E,CIF,20GP,Shanghai,Manzanillo,3,3906.28,"$11,718.84",0.0,,5664.9,6360.0,13.27,8480 71 01 00,11774.46,10924.58,1747.93,36986.26,5805.41,33749.62,0.0,0.0,18.5564,,,China
IMP-2025-0240,PO-202507-009,INV-1002-202507-0003,SUP-1002,SKU-107,10/07/2025,18/08/2025,25/09/2025,07/10/2025,12/10/2025,13/10/2025,Ocean Network Express,MSC ANZU 861W,CIF,40GP,"Shekou, CN",Manzanillo,2,"$44,216.83","$88,433.66",0.0,403.89,21084.8,24314.7,28.17,8458110100,88837.55,164850.51,13188.04,292246.99,8601.29,35651.59,0.0,0.0,18.5564,,,China
IMP-2025-0241,PO-202507-010,INV-1007-202507-0002,SUP-1007,SKU-132,2025-07-11,2025-10-04,2025-11-06,2025-11-06,2025-11-09,2025-11-10,MSC,YM WELLNESS 368W,CIF,40GP,Ningbo-Zhoushan,Lázaro Cárdenas,1,29451.12,"$29,451.12",,,14439.6,16053.2,12.19,8462910100,29623.03,54965.53,4397.24,97442.9,4460.91,36209.72,0.0,0.0,18.555,,,China
IMP-2025-0242,PO-202507-011,INV-1005-202507-0002,SUP-1005,SKU-139,07/11/2025,08/19/2025,09/18/2025,09/20/2025,09/24/2025,09/28/2025,Evergreen Marine,MSC ANZU 179E,FOB,20GP,Shekou,Manzanillo,1,22852.07,"$22,852.07",5429.56,,1033.8,1141.4,9.37,8428330100,28415.37,53162.32,4252.99,94246.15,3653.06,23406.23,0.0,0.0,18.709,0,No issues found on inspection,China
IMP-2025-0243,PO-202507-012,INV-1013-202507-0002,SUP-1013,SKU-120,2025-07-12,2025-10-15,2025-11-15,2025-11-15,2025-11-17,2025-11-20,Yang Ming Marine Transport,YM WELLNESS 296E,FOB,20GP,Shanghai,Manzanillo,2,60791.71,121583.42,6078.71,,4365.6,4849.4,5.76,8479500100,128097.06,118842.05,19014.73,402351.64,4471.99,34342.03,0.0,0.0,18.555,,,China
IMP-2025-0244,PO-202507-013,INV-1013-202507-0003,SUP-1013,SKU-109,13/07/2025,17/08/2025,14/09/2025,14/09/2025,20/09/2025,21/09/2025,Yang Ming Marine Transport,COSCO VEGA 663E,FOB,40GP,Shanghai,Manzanillo,2,77108.49,"$154,216.98",5649.03,896.96,26814.4,29524.7,26.22,8458110100,160762.97,300771.44,24061.72,533207.61,8584.23,34754.55,0.0,0.0,18.709,,,China
IMP-2025-0245,PO-202507-014,INV-1012-202507-0001,SUP-1012,SKU-142,2025-07-14,2025-09-12,2025-10-09,2025-10-09,2025-10-21,2025-10-23,Evergreen Marine,COSCO ARIES 424E,CIF,20GP,Shanghai,,0,6773.64,20320.92,0.0,71.47,3560.7,3928.9,10.03,8515310100,20392.39,56761.4,3027.27,70111.68,4498.21,31345.43,0.0,0.0,18.5564,1,Óxido superficial en la carcasa,China
IMP-2025-0246,PO-202507-015,INV-1013-202507-0004,SUP-1013,SKU-137,2025-07-15,2025-08-27,2025-09-30,2025-09-30,2025-10-02,2025-10-04,Yang Ming Marine Transport,ONE APUS 270E,FOB,40GP,Shanghai,Lázaro Cárdenas,2,35109.96,"$70,219.92",6427.19,,10910.6,12233.8,36.84,8428330100,77067.41,144185.42,11534.83,255611.91,6161.53,38806.59,0.0,0.0,18.709,,,China
IMP-2025-0247,PO-202507-016,INV-1007-202507-0003,SUP-1007,SKU-130,15/07/2025,03/09/2025,04/10/2025,04/10/2025,10/10/2025,14/10/2025,Ocean Network Express,MSC PALOMA 649E,FOB,40HC,Ningbo-Zhoushan,Manzanillo,3,"$76,767.29","$230,301.87",,,68397.0,74493.9,101.27,8462910100,238382.28,442351.69,35388.14,784201.08,4312.33,36769.08,0.0,0.0,18.5564,0,No issues found on inspection,China
IMP-2025-0248,PO-202507-017,INV-1003-202507-0003,SUP-1003,SKU-117,15/07/2025,17/09/2025,18/10/2025,18/10/2025,21/10/2025,22/10/2025,Ocean Network Express,MSC ANZU 541W,FOB,40GP,Nansha,Manzanillo,6,34745.66,"$208,473.96",,,69504.0,77587.6,103.7,8477100100,217989.62,404510.26,32360.82,717115.79,5666.76,52035.12,0.0,,18.5564,,,China
IMP-2025-0249,PO-202507-018,INV-1007-202507-0004,SUP-1007,SKU-132,2025-07-16,2025-09-29,2025-11-05,2025-11-05,2025-11-12,2025-11-14,Ocean Network Express,YM WELLNESS 603E,CIF,40GP,Ningbo-Zhoushan,Veracruz,1,32154.25,"$32,154.25",0.0,,14439.6,16317.1,13.7,8462910100,32297.04,59927.16,4794.17,106238.87,7098.02,52229.67,0.0,0.0,18.555,,,China
IMP-2025-0250,PO-202507-019,INV-1008-202507-0001,SUP-1008,SKU-126,45854,45948,45983,45945,45988,45990,Maersk,EVER LIBRA 785E,FOB,40GP,Wenzhou,Veracruz,1,"31,595.19","$31,595.19",10338.59,189.34,6230.8,7217.2,12.32,8422309900,42123.12,78159.45,6252.76,138561.07,8249.46,52064.73,,,18.555,,,China
IMP-2025-0251,PO-202507-020,INV-1007-202507-0005,SUP-1007,SKU-141,2025-07-18,2025-08-28,2025-10-03,2025-10-03,2025-10-08,2025-10-12,Maersk,ONE APUS 624W,FOB,20GP,Ningbo-Zhoushan,Manzanillo,1,"28.003,40",28003.40,7236.5,,1895.6,2106.8,3.81,8515310100,35357.23,98415.44,5248.82,121562.75,5247.06,23313.03,0.0,0.0,18.5564,,,China
IMP-2025-0252,PO-202507-021,INV-1007-202507-0006,SUP-1007,SKU-141,07/18/2025,09/13/2025,10/10/2025,10/10/2025,10/12/2025,10/16/2025,Evergreen Marine,COSCO ARIES 219W,FOB,20GP,Ningbo-Zhoushan,Manzanillo,3,28480.01,"$85,440.03",6247.97,336.44,5686.8,6155.3,12.75,8515310100,92024.44,256146.35,13661.14,316391.97,7890.14,40977.95,0.0,0.0,18.5564,0,Sin observaciones durante la inspección,China
IMP-2025-0253,PO-202507-022,INV-1007-202507-0007,SUP-1007,SKU-129,19/07/2025,29/09/2025,26/10/2025,26/10/2025,30/10/2025,02/11/2025,Yang Ming Marine Transport,MSC PALOMA 142W,FOB,40GP,Ningbo-Zhoushan,Lázaro Cárdenas,6,40300.75,241804.50,8214.63,1238.41,46632.0,51950.9,106.4,8422309900,251257.54,"MXN 466,243.54",37299.48,826556.55,4623.95,94552.75,0.0,0.0,18.5564,,,China
IMP-2025-0254,PO-202507-023,INV-1003-202507-0004,SUP-1003,SKU-127,18/07/2025,07/10/2025,08/11/2025,08/11/2025,11/11/2025,12/11/2025,Maersk,MSC ANZU 559E,FOB,40GP,Nansha,Manzanillo,1,53777.01,53777.01,5203.95,,3825.5,4194.3,17.82,8422 30 99 00,59155.61,109763.23,8781.06,194588.26,4237.3,19092.52,0.0,0.0,18.555,0,No issues found on inspection,China
IMP-2025-0255,PO-202507-024,INV-1005-202507-0003,SUP-1005,SKU-138,45858,45914,45950,45968,45971,45973,Hapag-Lloyd,YM WELLNESS 610E,FOB,40GP,Shekou,"Manzanillo, Colima",3,10987.97,"$32,963.91",6082.43,,15761.1,18079.7,36.3,8428330100,39179.81,72698.14,5815.85,128879.26,7896.42,32164.43,35976.7,0.0,18.555,0,Sin observaciones durante la inspección,China
IMP-2025-0256,PO-202507-025,INV-1004-202507-0001,SUP-1004,SKU-110,20/07/2025,22/09/2025,30/10/2025,30/10/2025,02/11/2025,04/11/2025,Yang Ming Marine Transport,HAPAG BERLIN EXPRESS 680W,CIF,20GP,Yantian,Manzanillo,2,"18,343.30","$36,686.60",0.0,150.83,9379.8,10390.0,22.89,8456110100,36837.43,68357.01,5468.56,121183.3,8264.54,26209.82,0.0,0.0,18.5564,,,China
IMP-2025-0257,PO-202507-026,INV-1005-202507-0004,SUP-1005,SKU-107,2025-07-22,2025-09-07,2025-10-07,2025-10-07,2025-10-13,2025-10-17,YANG MING MARINE TRANSPORT,COSCO VEGA 650E,CIF,40GP,Shekou,Manzanillo,3,43160.76,"$129,482.28",0.0,734.31,31627.2,34412.9,38.66,8458110100,130216.59,241635.11,19330.81,428370.73,4516.62,44878.82,0.0,0.0,18.5564,,Bearing play detected on spindle,China
IMP-2025-0258,PO-202507-027,INV-1001-202507-0001,SUP-1001,SKU-121,22/07/2025,08/10/2025,15/11/2025,15/11/2025,23/11/2025,25/11/2025,Yang Ming Marine Transport,MSC PALOMA 730E,DDP,20GP,Yantian,Manzanillo,3,60178.84,"$180,536.52",7265.13,879.62,7097.7,7962.7,26.0,8479500100,188681.27,175049.05,28007.85,592646.06,8393.98,38838.8,0.0,0.0,18.555,,,China
IMP-2025-0259,PO-202507-028,INV-1014-202507-0001,SUP-1014,SKU-122,45861,45960,45994,45993,45998,46001,MSC,HAPAG BERLIN EXPRESS 895W,FOB,20GP,Nantong,Manzanillo,2,25375.39,"$50,750.78",5286.86,,2588.4,2812.5,8.56,8414809900,56284.77,155524.95,8294.66,192104.42,7996.19,24247.46,0.0,0.0,18.4212,1,Calibration certificate missing,China
IMP-2025-0260,PO-202507-029,INV-1001-202507-0002,SUP-1001,SKU-114,23-07-2025,26-10-2025,23-11-2025,23-11-2025,27-11-2025,30-11-2025,Hapag-Lloyd,COSCO VEGA 785E,FOB,40HC,Yantian,Lázaro Cárdenas,4,"66.630,92","$266,523.68",,895.39,52424.8,60057.3,114.14,8477100100,274735.88,509772.43,40781.79,903724.56,6109.18,73300.13,0.0,0.0,18.555,,,China
IMP-2025-0261,PO-202507-030,INV-1006-202507-0001,SUP-1006,SKU-101,24/07/2025,03/09/2025,07/10/2025,15/10/2025,20/10/2025,21/10/2025,Maersk,MAERSK ESSEX 296W,FOB,40HC,Ningbo-Zhoushan,Manzanillo,3,160765.07,482295.21,8860.71,1974.35,25627.5,28089.1,90.99,8457100100,493130.27,915072.25,73205.78,1622240.09,5931.59,37192.51,34991.0,0.0,18.5564,,,China
IMP-2025-0262,PO-202507-031,INV-1007-202507-0008,SUP-1007,SKU-132,45862,45937,45969,45969,45971,45973,Yang Ming Marine Transport,MAERSK ESSEX 350W,FOB,40GP,Ningbo-Zhoushan,Lázaro Cárdenas,2,28773.82,"$57,547.64",8222.15,,28879.2,32012.0,24.79,8462910100,66067.41,122588.08,9807.05,217324.15,6520.64,48230.11,,0.0,18.555,,,China
IMP-2025-0263,PO-202507-032,INV-1011-202507-0002,SUP-1011,SKU-123,2025-07-24,2025-10-13,2025-11-12,2025-11-24,2025-12-02,2025-12-06,MSC,MSC ANZU 716W,EXW,20GP,Shanghai,Manzanillo,1,18738.72,18738.72,7562.46,0.0,1535.9,1729.0,7.36,8479500100,26301.18,73202.76,3904.15,90420.05,6022.62,25923.81,25766.47,0.0,18.555,,,China
IMP-2025-0264,PO-202507-033,INV-1006-202507-0002,SUP-1006,SKU-101,2025-07-24,2025-09-11,2025-10-16,2025-10-16,2025-10-20,2025-10-23,MSC,YM WELLNESS 286W,CIF,40HC,Ningbo-Zhoushan,Manzanillo,2,"163,821.93",327643.86,,,17085.0,18801.2,60.28,8515310100,329054.35,"MXN 610,606.41",48848.51,1082483.05,7097.49,33473.2,0.0,0.0,18.5564,3,Sello de empaque roto,China
IMP-2025-0265,PO-202507-034,INV-1007-202507-0009,SUP-1007,SKU-110,2025-07-24,2025-09-17,2025-10-24,2025-11-05,2025-11-09,2025-11-13,Maersk,COSCO VEGA 745E,FOB,20GP,Ningbo-Zhoushan,Manzanillo,3,"$20,082.59",60247.77,7431.81,328.43,14069.7,15407.9,34.58,8456110100,68008.01,126188.86,10095.11,223707.62,3874.94,40669.49,,0.0,18.555,,,China
IMP-2025-0266,PO-202507-035,INV-1001-202507-0003,SUP-1001,SKU-125,2025-07-25,2025-10-02,2025-10-31,2025-10-31,2025-11-02,2025-11-03,Maersk,MSC PALOMA 838E,FOB,20GP,Yantian,Lázaro Cárdenas,3,"15,346.83",46040.49,8616.7,274.66,9991.5,11158.8,21.42,8414809900,54931.85,152900.61,8154.7,188862.83,7393.26,67680.69,0.0,0.0,18.5564,,,China
IMP-2025-0267,PO-202507-036,INV-1003-202507-0005,SUP-1003,SKU-113,2025-07-26,2025-10-23,2025-11-20,2025-11-20,2025-11-23,2025-11-27,Evergreen Marine,ONE APUS 127W,DDP,40GP,Nansha,Manzanillo,2,60029.87,"$120,059.74",8779.0,,6391.4,7362.7,34.95,8456110100,129300.76,239917.56,19193.4,425325.85,8871.51,32709.63,0.0,0.0,18.555,,,China
IMP-2025-0268,PO-202507-037,INV-1007-202507-0010,SUP-1007,SKU-141,2025-07-26,2025-09-18,2025-10-25,2025-10-25,2025-10-29,2025-10-30,Evergreen Marine,MAERSK COLUMBUS 220E,FOB,20GP,Ningbo-Zhoushan,Manzanillo,1,26675.91,"$26,675.91",8929.49,,1895.6,2177.0,4.25,8515310100,35701.6,99373.98,5299.95,122746.73,3801.67,23355.76,0.0,0.0,18.5564,,,China
IMP-2025-0269,PO-202507-038,INV-1002-202507-0004,SUP-1002,SKU-107,2025-07-27,2025-09-02,2025-10-06,2025-10-06,2025-10-08,2025-10-12,Hapag-Lloyd,EVER LIBRA 684E,DDP,40GP,Shekou,Manzanillo,2,"$42,477.30",84954.60,8801.98,,21084.8,24192.3,26.92,8458110100,94073.79,174567.09,13965.37,309472.53,4076.26,23378.61,0.0,,18.5564,,,China
IMP-2025-0270,PO-202507-039,INV-1014-202507-0002,SUP-1014,SKU-116,07/28/2025,10/13/2025,11/14/2025,11/14/2025,12/01/2025,12/04/2025,COSCO Shipping Lines,COSCO ARIES 242W,CIF,20GP,Nantong,Manzanillo,6,83581.76,501490.56,0.0,,38528.4,41700.8,62.0,8477100100,503561.32,934358.03,74748.64,1656429.91,6735.02,73449.23,0.0,,18.555,,,China
IMP-2025-0271,PO-202508-001,INV-1006-202508-0001,SUP-1006,SKU-138,2025-08-01,2025-09-24,2025-10-29,2025-10-29,2025-11-06,2025-11-08,Yang Ming Marine Transport,MSC ANZU 216W,DDP,40GP,Ningbo-Zhoushan,Manzanillo,1,"$10,856.48","$10,856.48",5513.23,58.11,5253.7,5729.8,12.97,8428330100,16427.82,30484.12,2438.73,54042.25,8651.07,19822.25,0.0,,18.5564,,,China
IMP-2025-0272,PO-202508-002,INV-1002-202508-0001,SUP-1002,SKU-107,01/08/2025,22/09/2025,26/10/2025,29/10/2025,01/11/2025,05/11/2025,Hapag-Lloyd,YM WELLNESS 810E,FOB,40GP,Shekou,Manzanillo,3,46981.85,"$140,945.55",6435.83,,31627.2,35269.4,41.68,8458110100,148039.07,274707.22,21976.58,487000.96,4026.34,31682.93,0.0,,18.5564,,,China
IMP-2025-0273,PO-202508-003,INV-1005-202508-0001,SUP-1005,SKU-138,2025-08-01,2025-10-07,2025-11-14,2025-11-14,2025-11-27,2025-11-28,Hapag-Lloyd,MAERSK COLUMBUS 168W,EXW,40GP,Shekou,Manzanillo,3,12246.80,"$36,740.40",,0.0,15761.1,18001.1,38.83,8428330100,44486.13,82544.01,6603.52,146334.03,6283.46,41553.21,0.0,10648.98,18.555,,,China
IMP-2025-0274,PO-202508-004,INV-1013-202508-0001,SUP-1013,SKU-117,2025-08-02,2025-10-23,2025-11-19,2025-12-07,2025-12-11,2025-12-15,Maersk,HAPAG BERLIN EXPRESS 139W,FOB,40GP,Shanghai,Lázaro Cárdenas,2,31615.06,63230.12,7027.78,313.7,23168.0,26131.6,34.5,8477100100,70571.6,130001.36,10400.11,230466.4,4681.54,39280.4,0.0,0.0,18.4212,,,China
IMP-2025-0275,PO-202508-005,INV-1004-202508-0001,SUP-1004,SKU-136,04/08/2025,03/10/2025,06/11/2025,06/11/2025,15/11/2025,19/11/2025,MSC,ONE APUS 844E,FOB,20GP,Yantian,Manzanillo,1,18301.15,"$18,301.15",7376.85,105.76,1677.1,1893.3,6.1,8480710100,25783.76,23920.88,3827.34,80986.54,8898.72,18159.73,0.0,0.0,18.555,,,China
IMP-2025-0276,PO-202508-006,INV-1002-202508-0002,SUP-1002,SKU-125,06/08/2025,01/10/2025,29/10/2025,29/10/2025,05/11/2025,06/11/2025,Evergreen Marine,MSC PALOMA 355E,FOB,40'GP,Shekou,Lázaro Cárdenas,2,"$14,574.53",29149.06,9172.97,118.91,6661.0,7582.3,13.01,8414809900,38440.94,106998.82,5706.6,132164.94,3522.37,43913.38,0.0,,18.5564,,,China
IMP-2025-0277,PO-202508-007,INV-1013-202508-0002,SUP-1013,SKU-117,06-08-2025,17-10-2025,16-11-2025,16-11-2025,20-11-2025,24-11-2025,MSC,YM WELLNESS 795W,CIF,40GP,Shanghai,Manzanillo,1,32514.68,"$32,514.68",0.0,,11584.0,13069.6,16.54,8477100100,32680.33,60638.35,4851.07,107499.67,4039.86,26585.98,0.0,0.0,18.555,,,China
IMP-2025-0278,PO-202508-008,INV-1010-202508-0001,SUP-1010,SKU-103,2025-08-08,2025-10-20,2025-11-17,2025-11-17,2025-11-20,2025-11-22,MSC,MAERSK COLUMBUS 488W,FOB,40GP,Taizhou,Manzanillo,3,166478.97,"$499,436.91",7258.0,,55023.6,59847.3,51.07,8457100100,509590.43,945545.04,75643.6,1676262.25,6141.74,42411.95,0.0,0.0,18.555,,Vibración excesiva al arranque,China
IMP-2025-0279,PO-202508-009,INV-1004-202508-0002,SUP-1004,SKU-128,08/08/2025,10/22/2025,11/29/2025,11/29/2025,12/06/2025,12/10/2025,Evergreen Marine,MSC PALOMA 362W,FOB,40GP,Yantian,Manzanillo,3,"52,855.96",158567.88,6621.01,913.69,15458.4,17757.1,36.26,8422309900,166102.58,308203.34,24656.27,546382.88,6075.88,43173.95,0.0,0.0,18.555,,,China
IMP-2025-0280,PO-202508-010,INV-1010-202508-0002,SUP-1010,SKU-110,2025-08-08,2025-10-04,2025-11-09,2025-11-17,2025-11-19,2025-11-21,Maersk,MAERSK ESSEX 330E,FOB,20GP,Taizhou,Veracruz,4,"17,935.62",71742.48,8353.58,,18759.6,20362.3,46.93,8456110100,80519.39,149403.73,11952.3,264862.93,5343.99,113775.42,0.0,0.0,18.555,,,China
IMP-2025-0281,PO-202508-011,INV-1013-202508-0003,SUP-1013,SKU-123,08/09/2025,10/31/2025,12/07/2025,12/07/2025,12/14/2025,12/16/2025,MSC,MAERSK COLUMBUS 732W,FOB,20GP,Shanghai,Manzanillo,1,"18,579.50",18579.50,,,1535.9,1759.0,7.58,8414809900,23854.21,65913.48,3515.39,81416.33,8705.27,20520.61,0.0,,18.4212,0,No issues found on inspection,China
IMP-2025-0282,PO-202508-012,INV-1013-202508-0004,SUP-1013,SKU-137,2025-08-09,2025-09-23,2025-10-24,2025-10-24,2025-10-31,2025-11-04,Hapag-Lloyd,EVER LIBRA 859E,CIF,40 HC,Shanghai,Manzanillo,1,32292.99,32292.99,0.0,,5455.3,6063.7,17.18,8428330100,32415.32,"MXN 60,151.16",4812.09,106635.98,8071.19,19399.75,0.0,0.0,18.5564,,,China
IMP-2025-0283,PO-202508-013,INV-1005-202508-0002,SUP-1005,SKU-117,09/08/2025,18/10/2025,21/11/2025,21/11/2025,26/11/2025,27/11/2025,Yang Ming Marine Transport,YM WELLNESS 281E,FOB,40GP,Shekou,Manzanillo,3,31898.44,95695.32,,454.48,34752.0,38383.0,47.66,8477100100,102228.21,"MXN 189,684.44",15174.76,336272.58,3737.97,37392.71,0.0,0.0,18.555,,,China
IMP-2025-0284,PO-202508-014,INV-1004-202508-0003,SUP-1004,SKU-138,11-08-2025,04-10-2025,03-11-2025,15-11-2025,21-11-2025,22-11-2025,Yang Ming Marine Transport,MSC ANZU 880E,FOB,40GP,Yantian,Manzanillo,6,11747.46,"$70,484.76",6974.72,361.01,31522.2,36041.5,76.68,8428330100,77820.49,144395.92,11551.67,255985.09,6889.84,59894.32,0.0,0.0,18.555,5,Vibración excesiva al arranque,China
IMP-2025-0285,PO-202508-015,INV-1013-202508-0005,SUP-1013,SKU-120,2025-08-11,2025-11-15,2025-12-23,2025-12-23,2025-12-30,2026-01-03,Yang Ming Marine Transport,YM WELLNESS 246W,FOB,20GP,Shanghai,Manzanillo,2,59467.79,"$118,935.58",6820.31,,4365.6,4916.0,5.76,8479500100,126207.27,116244.47,18599.11,393557.27,8957.73,25663.98,0.0,0.0,18.4212,,,China
IMP-2025-0286,PO-202508-016,INV-1012-202508-0001,SUP-1012,SKU-108,12/08/2025,05/10/2025,08/11/2025,08/11/2025,17/11/2025,20/11/2025,Hapag-Lloyd,HAPAG BERLIN EXPRESS 752W,FOB,20GP,Shanghai,Manzanillo,4,"112,553.66",450214.64,8160.83,1958.01,44876.8,51780.3,43.43,8458110100,460333.48,854148.77,68331.9,1514234.94,7577.01,51860.92,0.0,0.0,18.555,,,China
IMP-2025-0287,PO-202508-017,INV-1002-202508-0003,SUP-1002,SKU-124,08/12/2025,10/24/2025,11/28/2025,11/28/2025,12/04/2025,12/07/2025,Hapag-Lloyd,COSCO VEGA 742E,FOB,20GP,Shekou,Lázaro Cárdenas,6,"7,464.00",44784.00,8061.99,,3427.2,3923.9,29.79,8414809900,53023.68,"MXN 147,578.16",7870.84,182288.54,3567.55,80967.03,,0.0,18.555,,,China
IMP-2025-0288,PO-202508-018,INV-1013-202508-0006,SUP-1013,SKU-115,12/08/2025,28/10/2025,02/12/2025,02/12/2025,10/12/2025,13/12/2025,Maersk,YM WELLNESS 666E,FOB,40GP,Shanghai,"LÁZARO CÁRDENAS, MICH",4,"40.613,62","$162,454.48",,923.92,18252.0,20723.6,75.67,8477100100,173410.96,319443.8,25555.5,566309.96,8176.24,73409.22,0.0,0.0,18.4212,,,China
IMP-2025-0289,PO-202508-019,INV-1010-202508-0003,SUP-1010,SKU-113,2025-08-13,2025-11-17,2025-12-16,2025-12-21,2025-12-24,2025-12-26,Evergreen Marine,MAERSK ESSEX 425E,DDP,40GP,Taizhou,Manzanillo,1,"$62,164.09","$62,164.09",9032.33,,3195.7,3635.4,18.33,8456110100,71569.23,131839.11,10547.13,233724.37,7068.39,23809.09,0.0,0.0,18.4212,,,China
IMP-2025-0290,PO-202508-020,INV-1009-202508-0001,SUP-1009,SKU-122,13-08-2025,11-11-2025,11-12-2025,11-12-2025,14-12-2025,18-12-2025,Yang Ming Marine Transport,YM WELLNESS 129W,FOB,20GP,Ningbo-Zhoushan,Lázaro Cárdenas,3,23298.95,"$69,896.85",6660.57,334.97,3882.6,4380.0,12.16,8414809900,76892.39,212467.51,11331.6,262439.87,7467.19,68060.56,,,18.4212,,,China
IMP-2025-0291,PO-202508-021,INV-1012-202508-0002,SUP-1012,SKU-103,2025-08-14,2025-10-30,2025-11-29,2025-12-01,2025-12-09,2025-12-11,Yang Ming Marine Transport,MAERSK ESSEX 263W,FOB,40GP,Shanghai,Manzanillo,4,161074.19,"$644,296.76",,2342.85,73364.8,84607.2,69.4,8457 10 01 00,653094.27,1203078.02,96246.24,2132816.71,6897.59,49708.13,0.0,0.0,18.4212,,,China
IMP-2025-0292,PO-202508-022,INV-1002-202508-0004,SUP-1002,SKU-124,16/08/2025,01/11/2025,06/12/2025,06/12/2025,10/12/2025,12/12/2025,COSCO Shipping Lines,MAERSK ESSEX 661E,FOB,20GP,Shekou,Manzanillo,2,7247.25,"$14,494.50",5536.85,,1142.4,1313.9,9.88,8414809900,20094.4,55524.44,2961.3,68583.79,7288.85,28902.69,0.0,0.0,18.4212,,,China
IMP-2025-0293,PO-202508-023,INV-1006-202508-0002,SUP-1006,SKU-125,08/16/2025,10/12/2025,11/08/2025,11/08/2025,11/13/2025,11/17/2025,Hapag-Lloyd,COSCO ARIES 498E,FOB,20GP,Ningbo-Zhoushan,Manzanillo,3,"$15,234.13","$45,702.39",6009.03,,9991.5,11123.3,20.88,8414809900,51849.92,144311.29,7696.6,178253.31,7384.89,35234.25,0.0,0.0,18.555,,,China
IMP-2025-0294,PO-202508-024,INV-1002-202508-0005,SUP-1002,SKU-106,16/08/2025,06/11/2025,07/12/2025,07/12/2025,13/12/2025,16/12/2025,Ocean Network Express,MAERSK COLUMBUS 413W,fob,40GP,Shekou,Manzanillo,6,85928.44,515570.64,8832.64,2689.08,79963.8,92661.4,96.25,8458110100,527092.36,970967.38,77677.39,1721330.97,4674.28,60352.47,0.0,0.0,18.4212,,,China
IMP-2025-0295,PO-202508-025,INV-1001-202508-0001,SUP-1001,SKU-121,2025-08-17,2025-11-07,2025-12-14,2025-12-14,2025-12-21,2025-12-24,MSC,EVER LIBRA 634E,FOB,20GP,Yantian,Manzanillo,2,"60,049.08",120098.16,7169.93,552.74,4731.8,5404.9,17.62,8479500100,127820.83,117730.65,18836.9,398588.9,8820.27,32907.6,,0.0,18.4212,,,China
IMP-2025-0296,PO-202508-026,INV-1011-202508-0001,SUP-1011,SKU-139,18-08-2025,02-10-2025,09-11-2025,09-11-2025,16-11-2025,20-11-2025,Maersk,ONE APUS 425E,CIF,20GP,Shanghai,Veracruz,2,22883.15,"$45,766.30",0.0,173.2,2067.6,2345.2,18.54,8428330100,45939.5,85240.74,6819.26,151114.79,7603.08,79639.25,0.0,,18.555,0,No issues found on inspection,China
IMP-2025-0297,PO-202508-027,INV-1003-202508-0001,SUP-1003,SKU-113,20/08/2025,10/11/2025,14/12/2025,14/12/2025,23/12/2025,27/12/2025,COSCO Shipping Lines,HAPAG BERLIN EXPRESS 821E,CIF,40GP,Nansha,Manzanillo,4,5898291.00,"$235,931.64",,953.75,12782.8,13877.9,70.83,8456110100,236885.39,436371.31,34909.71,773599.07,7592.19,42902.71,,,18.4212,,,China
IMP-2025-0298,PO-202508-028,INV-1014-202508-0001,SUP-1014,SKU-118,2025-08-20,2025-11-04,2025-12-07,2025-12-07,2025-12-09,2025-12-12,COSCO Shipping Lines,MSC PALOMA 734W,FOB,40GP,NANTONG,Manzanillo,1,29004.17,"$29,004.17",6441.8,133.88,7641.5,6672.8,12.71,8414809900,35579.85,65542.35,5243.39,116193.48,8235.58,17984.78,,0.0,18.4212,0,Sin observaciones durante la inspección,China
IMP-2025-0299,PO-202508-029,INV-1007-202508-0001,SUP-1007,SKU-142,2025-08-23,2025-11-01,2025-11-30,2025-11-30,2025-12-20,2025-12-24,COSCO SHIPPING LINES,COSCO ARIES 754E,CIF,20GP,Ningbo-Zhoushan,Manzanillo,2,6935.42,13870.84,0.0,,2373.8,2634.9,6.99,8515310100,13920.93,38745.43,2066.42,47858.35,4831.57,31532.44,0.0,0.0,18.555,0,Sin observaciones durante la inspección,China
IMP-2025-0300,PO-202508-030,INV-1006-202508-0003,SUP-1006,SKU-110,2025-08-24,2025-10-13,2025-11-14,2025-11-26,2025-12-03,2025-12-06,COSCO,COSCO ARIES 106E,EXW,20GP,"Ningbo, CN",Manzanillo,2,18385.17,"$36,770.34",7784.81,0.0,9379.8,10174.5,23.71,8456110100,44555.15,82672.08,6613.77,146561.06,6792.38,29817.31,32402.98,0.0,18.555,,,China
IMP-2025-0301,PO-202508-031,INV-1011-202508-0002,SUP-1011,SKU-127,2025-08-25,2025-11-07,2025-12-11,2025-12-11,2025-12-19,2025-12-22,Hapag-Lloyd,YM WELLNESS 328W,FOB,40GP,Shanghai,Manzanillo,2,"57.146,13",114292.26,9031.52,636.8,7651.0,8453.2,36.27,8422.30.99.00,123960.58,228350.26,18268.02,404819.35,3725.67,25040.33,0.0,,18.4212,,,China
IMP-2025-0302,PO-202508-032,INV-1005-202508-0003,SUP-1005,SKU-129,2025-08-26,2025-11-25,2025-12-27,2025-12-27,2026-01-02,2026-01-04,Hapag-Lloyd,HAPAG BERLIN EXPRESS 479E,FOB,40GP,Shekou,Manzanillo,6,39705.85,238235.10,,828.71,46632.0,50500.9,113.63,8422309900,245790.33,452775.28,36222.02,802680.02,4223.07,68328.65,0.0,,18.4212,,,China
IMP-2025-0303,PO-202508-033,INV-1013-202508-0007,SUP-1013,SKU-137,45895,45938,45972,45972,45992,45995,Yang Ming Marine Transport,COSCO VEGA 847W,FOB,40GP,Shanghai,Lázaro Cárdenas,2,35338.81,70677.62,9015.02,,10910.6,12413.3,36.97,8428330100,79935.7,148320.69,11865.66,262942.92,8718.81,38436.57,,3523.23,18.555,1,Guard cracked during transit,China
IMP-2025-0304,PO-202508-034,INV-1006-202508-0004,SUP-1006,SKU-101,27/08/2025,13/10/2025,23/11/2025,25/11/2025,04/12/2025,05/12/2025,Hapag-Lloyd,MAERSK COLUMBUS 850W,FOB,40HC,Ningbo-Zhoushan,Veracruz,1,159710.77,"$159,710.77",10064.85,588.57,8542.5,9390.2,29.8,8457100100,170364.19,316110.75,25288.86,560401.15,3855.6,51695.77,0.0,0.0,18.555,,,China
IMP-2025-0305,PO-202508-035,INV-1007-202508-0002,SUP-1007,SKU-129,27/08/2025,09/11/2025,14/12/2025,14/12/2025,16/12/2025,18/12/2025,Yang Ming Marine Transport,MSC PALOMA 213E,FOB,,Ningbo-Zhoushan,Lázaro Cárdenas,1,"36,333.30","$36,333.30",6092.26,197.8,7772.0,8740.2,17.05,8422309900,42623.36,78517.34,6281.39,139195.55,7830.02,32849.09,0.0,0.0,18.4212,0,No issues found on inspection,China
IMP-2025-0306,PO-202508-036,INV-1012-202508-0003,SUP-1012,SKU-129,08/27/2025,11/10/2025,12/11/2025,12/11/2025,12/20/2025,12/23/2025,Maersk,ONE APUS 669W,FOB,40GP,Shanghai,Manzanillo,2,"39,528.06",79056.12,,,15544.0,17116.5,36.39,8422309900,85731.46,157927.64,12634.21,279974.12,6943.14,32032.54,0.0,0.0,18.4212,,,China
IMP-2025-0307,PO-202508-037,INV-1007-202508-0003,SUP-1007,SKU-129,08/27/2025,11/16/2025,12/22/2025,12/22/2025,12/30/2025,01/01/2026,Yang Ming Marine Transport,MSC PALOMA 211W,FOB,40GP,Ningbo-Zhoushan,Manzanillo,1,36705.96,"$36,705.96",7244.21,141.11,7772.0,8877.6,17.27,8422309900,44091.28,"MXN 81,221.43",6497.71,143989.35,8199.77,17901.59,0.0,0.0,18.4212,,,China
IMP-2025-0308,PO-202508-038,INV-1011-202508-0003,SUP-1011,SKU-129,2025-08-27,2025-11-15,2025-12-18,2025-12-18,2025-12-27,2025-12-30,Ocean Network Express,EVER LIBRA 491E,ddp,40GP,Shanghai,Manzanillo,1,"53,767.97","$53,767.97",6556.81,,3825.5,4174.2,19.82,8422309900,60534.74,111512.26,8920.98,197688.93,6284.08,24144.14,0.0,0.0,18.4212,0,No issues found on inspection,China
IMP-2025-0309,PO-202508-039,INV-1014-202508-0002,SUP-1014,SKU-119,2025-08-28,2025-11-01,2025-12-09,2025-12-09,2025-12-11,2025-12-14,COSCO Shipping Lines,HAPAG BERLIN EXPRESS 794W,EXW,20GP,Nantong,Manzanillo,3,49951.74,149855.22,,,7464.9,8310.8,10.68,847950,157353.86,144932.35,23189.18,490682.95,6362.23,45876.12,0.0,0.0,18.4212,,,China
IMP-2025-0310,PO-202509-001,INV-1001-202509-0001,SUP-1001,SKU-111,09/01/2025,10/29/2025,11/29/2025,11/29/2025,12/02/2025,12/04/2025,Hapag-Lloyd,YM WELLNESS 150W,FOB,40GP,Yantian,Manzanillo,2,43422.02,86844.04,8209.91,406.59,3712.0,4027.7,31.4,8456110100,95460.54,177127.03,14170.16,314010.8,9051.7,24011.96,0.0,,18.555,,,China
IMP-2025-0311,PO-202509-002,INV-1007-202509-0001,SUP-1007,SKU-129,04/09/2025,12/12/2025,16/01/2026,16/01/2026,07/02/2026,08/02/2026,,HAPAG BERLIN EXPRESS 256W,FOB,40GP,Ningbo-Zhoushan,Manzanillo,1,"36,741.55",36741.55,7871.6,,7772.0,8991.4,18.47,842230,44826.91,82434.0,6594.72,146138.99,9066.24,24706.55,,3651.57,18.3894,,,China
IMP-2025-0312,PO-202509-003,INV-1003-202509-0001,SUP-1003,SKU-113,2025-09-07,2025-12-16,2026-01-17,2026-01-17,2026-01-23,2026-01-25,Evergreen Marine,ONE APUS 284E,FOB,40GP,Nansha,Manzanillo,1,61700.90,"$61,700.90",6923.26,307.66,3195.7,3539.9,17.76,8456110100,68931.82,126761.48,10140.92,224722.75,4092.21,20710.13,0.0,0.0,18.3894,0,No issues found on inspection,China
IMP-2025-0313,PO-202509-004,INV-1013-202509-0001,SUP-1013,SKU-117,45908,45994,46029,46029,46031,46033,Evergreen Marine,HAPAG BERLIN EXPRESS 714E,CIF,40GP,Shanghai,Manzanillo,1,"33,731.35","$33,731.35",0.0,,11584.0,12816.4,17.24,8477100100,33862.54,"MXN 62,271.18",4981.69,110394.35,7439.34,24910.64,0.0,0.0,18.3894,,,China
IMP-2025-0314,PO-202509-005,INV-1006-202509-0001,SUP-1006,SKU-119,08/09/2025,03/12/2025,28/12/2025,28/12/2025,01/01/2026,05/01/2026,Hapag-Lloyd,EVER LIBRA 152E,FOB,20GP,Ningbo-Zhoushan,Lázaro Cárdenas,2,"49,468.48",98936.96,7830.8,,4976.6,5714.4,7.29,8479500100,107090.64,98636.9,15781.9,333945.11,6252.29,38315.17,0.0,0.0,18.4212,,,China
IMP-2025-0315,PO-202509-006,INV-1012-202509-0001,SUP-1012,SKU-103,2025-09-09,2025-12-04,2026-01-15,2026-01-15,2026-01-23,2026-01-24,Ocean Network Express,HAPAG BERLIN EXPRESS 345W,CIF,40GP,Shanghai,Veracruz,4,"$172,453.45",689813.80,0.0,2872.11,73364.8,84505.7,72.5,8457100100,692685.91,1273807.83,101904.63,2258206.52,6077.36,113600.28,,0.0,18.3894,,,China
IMP-2025-0316,PO-202509-007,INV-1005-202509-0001,SUP-1005,SKU-139,09/09/2025,27/10/2025,24/11/2025,25/11/2025,04/12/2025,08/12/2025,Hapag-Lloyd,MAERSK COLUMBUS 663E,EXW,20GP,Shekou,Lázaro Cárdenas,4,21124.81,84499.24,7453.92,,4135.2,4633.6,37.89,8428330100,91953.16,170619.09,13649.53,302473.52,4586.76,71240.97,0.0,0.0,18.555,0,No issues found on inspection,China
IMP-2025-0317,PO-202509-008,INV-1002-202509-0001,SUP-1002,SKU-102,09/10/2025,11/06/2025,12/11/2025,12/29/2025,01/05/2026,01/08/2026,COSCO Shipping Lines,MAERSK ESSEX 741W,FOB,40GP,Shekou,Manzanillo,1,9769110.00,97691.10,5627.61,,15063.7,16488.6,19.24,8457100100,103809.93,191230.35,15298.43,339013.16,6582.42,25507.33,,,18.4212,,,China
IMP-2025-0318,PO-202509-009,INV-1002-202509-0002,SUP-1002,SKU-106,2025-09-11,2025-11-22,2026-01-01,2026-01-01,2026-01-05,2026-01-08,OCEAN NETWORK EXPRESS,ONE APUS 679E,FOB,40GP,Shekou,veracruz,1,82094.91,"$82,094.91",10129.85,323.26,13327.3,15281.2,17.43,8458110100,92548.02,170190.26,13615.22,301713.29,8020.11,64703.96,0.0,,18.3894,,,China
IMP-2025-0319,PO-202509-010,INV-1003-202509-0002,SUP-1003,SKU-999,11/09/2025,05/12/2025,,01/01/2026,10/01/2026,12/01/2026,COSCO Shipping Lines,HAPAG BERLIN EXPRESS 314W,FOB,20GP,Nansha,LZC,2,18789.76,37579.52,7758.1,,3071.8,3467.0,14.27,8414809900,45529.73,125589.66,6698.12,155128.35,5614.54,44432.52,0.0,0.0,18.3894,,,China
IMP-2025-0320,PO-202509-011,INV-1002-202509-0003,SUP-1002,SKU-128,2025-09-12,2025-12-01,2026-01-02,2026-01-05,2026-01-16,2026-01-19,Maersk,HAPAG BERLIN EXPRESS 598W,FOB,20GP,Shekou,Lázaro Cárdenas,4,50046.00,200184.00,6697.9,,20611.2,22575.4,44.85,8422309900,207872.63,382265.29,30581.22,677679.91,6223.11,58313.29,,0.0,18.3894,72,Vibración excesiva al arranque,China
IMP-2025-0321,PO-202509-012,INV-1002-202509-0004,SUP-1002,SKU-106,09/13/2025,12/08/2025,01/15/2026,01/15/2026,01/21/2026,01/22/2026,cosco shipping lines,MAERSK ESSEX 758W,FOB,40GP,Shekou,Manzanillo,4,84956.58,"$339,826.32",,1171.46,53309.2,59342.1,69.05,8458110100,348912.25,641628.69,51330.3,1137479.35,4427.31,47045.59,0.0,0.0,18.3894,5,Sello de empaque roto,China
IMP-2025-0322,PO-202509-013,INV-1009-202509-0001,SUP-1009,SKU-131,14/09/2025,12/12/2025,26/01/2026,26/01/2026,01/02/2026,03/02/2026,Hapag-Lloyd,YM WELLNESS 159W,CIF,40HC,Ningbo-Zhoushan,Veracruz,2,76529.84,"$153,059.68",0.0,756.38,45155.4,49255.4,51.88,8462910100,153816.06,282858.51,22628.68,501451.56,4553.97,83109.98,,0.0,18.3894,,,China
IMP-2025-0323,PO-202509-014,INV-1003-202509-0003,SUP-1003,SKU-113,09/14/2025,12/12/2025,01/13/2026,01/13/2026,01/22/2026,01/25/2026,Maersk,EVER LIBRA 154E,FOB,40 HC,Nansha,Lázaro Cárdenas,1,64391.73,"$64,391.73",5365.62,,3195.7,3597.8,18.34,8456110100,70128.37,128961.86,10316.95,228623.59,9116.88,37863.42,,0.0,18.3894,,,China
IMP-2025-0324,PO-202509-015,INV-1013-202509-0002,SUP-1013,SKU-140,2025-09-16,2025-12-09,2026-01-07,2026-01-15,2026-01-26,2026-01-28,Hapag-Lloyd,YM WELLNESS 629W,FOB,20GP,Shanghai,Manzanillo,1,"26.880,54",26880.54,,142.61,1777.7,1999.2,3.23,8515310100,35297.8,97365.8,5192.84,120266.24,8861.98,21184.34,0.0,0.0,18.3894,,,China
IMP-2025-0325,PO-202509-016,INV-1008-202509-0001,SUP-1008,SKU-112,16/09/2025,28/11/2025,26/12/2025,27/12/2025,03/01/2026,04/01/2026,Maersk,ONE APUS 262E,FOB,20GP,Wenzhou,Manzanillo,6,65353.51,"$392,121.06",7861.5,2261.75,12861.6,14150.5,44.47,8456 11 01 00,402244.31,740982.29,59278.58,1313613.4,6769.93,58802.71,0.0,0.0,18.4212,,,China
IMP-2025-0326,PO-202509-017,INV-1012-202509-0002,SUP-1012,SKU-108,09/16/2025,11/20/2025,12/24/2025,12/24/2025,12/31/2025,12/28/2025,MSC,ONE APUS 613W,DDP,20GP,Shanghai,Veracruz,2,"111,701.54","$223,403.08",,1249.08,22438.4,26011.6,21.98,8458110100,232768.4,428787.33,34302.99,760154.17,5324.83,71738.61,0.0,,18.4212,,,China
IMP-2025-0327,PO-202509-018,INV-1003-202509-0004,SUP-1003,SKU-113,17/09/2025,19/12/2025,27/01/2026,27/01/2026,02/02/2026,04/02/2026,MSC,YM WELLNESS 183E,CIF,40GP,Nansha,Veracruz,4,61078.89,244315.56,0.0,996.04,12782.8,14194.2,70.77,8456 11 01 00,245311.6,451113.31,36089.07,799733.68,3726.57,122129.93,0.0,0.0,18.3894,,,China
IMP-2025-0328,PO-202509-019,INV-1003-202509-0005,SUP-1003,SKU-113,2025-09-18,2025-12-28,2026-02-03,2026-02-03,,2026-02-12,Evergreen Marine,COSCO VEGA 780E,FOB,40GP,Nansha,Manzanillo,2,"58,854.01",117708.02,5934.34,489.22,6391.4,7024.8,35.17,8456.11.01.00,124131.58,230238.01,18419.04,408165.95,8671.13,32842.55,0.0,0.0,18.5479,0,No issues found on inspection,China
IMP-2025-0329,PO-202509-020,INV-1013-202509-0003,SUP-1013,SKU-117,09/19/2025,12/15/2025,01/24/2026,01/24/2026,01/26/2026,01/28/2026,Maersk,COSCO VEGA 352E,FOB,40GP,Shanghai,Veracruz,1,31583.04,"$31,583.04",11023.8,112.01,11584.0,13010.0,16.44,8477100100,42718.85,78557.4,#REF!,139266.56,7564.84,48871.49,0.0,0.0,18.3894,1,Perforación fuera de tolerancia,China
IMP-2025-0330,PO-202509-021,INV-1013-202509-0004,SUP-1013,SKU-120,20/09/2025,28/12/2025,07/02/2026,07/02/2026,10/02/2026,11/02/2026,Ocean Network Express,EVER LIBRA 599E,FOB,20GP,Shanghai,Veracruz,1,"$58,965.64","$58,965.64",10033.38,251.85,2182.8,2357.6,3.12,8479500100,69250.87,64222.91,10275.67,217433.09,3762.69,52703.28,0.0,0.0,18.5479,,,China
IMP-2025-0331,PO-202509-022,INV-1007-202509-0002,SUP-1007 ,SKU-115,09/20/2025,12/16/2025,01/12/2026,01/12/2026,01/16/2026,01/19/2026,Evergreen Marine,YM WELLNESS 520E,FOB,40GP,Ningbo-Zhoushan,Manzanillo,1,43908.39,"$43,908.39",6277.88,,4563.0,5015.2,18.9,8477100100,50344.44,92580.4,7406.43,164126.54,3801.22,23783.83,0.0,0.0,18.3894,,,China
IMP-2025-0332,PO-202509-023,INV-1002-202509-0005,SUP-1002,SKU-102,20/09/2025,01/12/2025,03/01/2026,03/01/2026,12/01/2026,14/01/2026,Hapag-Lloyd,HAPAG BERLIN EXPRESS 609E,FOB,40GP,Shekou,Lazaro Cardenas,6,97173.92,583043.52,6445.81,,90382.2,98480.0,122.73,8457100100,592434.19,1089450.93,87156.07,1931378.61,3907.16,102059.37,0.0,0.0,18.3894,1,Control panel door misaligned,China
IMP-2025-0333,PO-202509-024,INV-1010-202509-0001,SUP-1010,SKU-140,09/20/2025,12/09/2025,01/13/2026,01/15/2026,01/17/2026,01/21/2026,MSC,COSCO ARIES 543E,FOB,20GP,Taizhou,Manzanillo,1,25429.43,"$25,429.43",5469.74,,1777.7,1986.1,3.13,8515310100,31049.55,85647.39,4567.86,105791.66,6289.92,21908.83,0.0,0.0,18.3894,,,China
IMP-2025-0334,PO-202509-025,INV-1005-202509-0002,SUP-1005,SKU-138,2025-09-21,2025-11-21,2025-12-18,2025-12-18,2025-12-20,2025-12-24,Ocean Network Express,YM WELLNESS 253E,CIF,40GP,Shekou,Manzanillo,4,"11,744.46",46977.84,,172.06,21014.8,23678.1,50.02,8428330100,47149.9,86855.77,6948.46,153977.92,5878.04,35958.97,0.0,0.0,18.4212,,,China
IMP-2025-0335,PO-202509-026,INV-1014-202509-0001,SUP-1014,SKU-122,2025-09-22,2025-12-28,2026-02-01,2026-02-01,2026-02-04,2026-02-05,MSC,HAPAG BERLIN EXPRESS 677W,FOB,20GP,Nantong,Manzanillo,2,"22,628.22","$45,256.44",,,2588.4,2926.4,8.87,8414809900,52766.58,146806.39,7829.67,181335.25,4874.67,23679.46,0.0,0.0,18.5479,2,Vibración excesiva al arranque,China
IMP-2025-0336,PO-202509-027,INV-1014-202509-0002,SUP-1014,SKU-134,2025-09-22,2025-11-16,2025-12-22,2025-12-22,2026-01-02,2026-01-03,Maersk,HAPAG BERLIN EXPRESS 425W,FOB,20GP,Nantong,Manzanillo,1,"6,981.20",6981.20,8341.95,27.1,1398.5,1574.3,4.29,8480710100,15350.25,14138.5,2262.16,47867.31,5441.64,26797.31,0.0,0.0,18.4212,1,Tornillería incompleta,China
IMP-2025-0337,PO-202509-028,INV-1007-202509-0003,SUP-1007,SKU-130,2025-09-23,2025-11-27,2025-12-29,2025-12-29,2026-01-19,2026-01-22,Yang Ming Marine Transport,COSCO VEGA 837W,FOB,40HC,Ningbo-Zhoushan,Manzanillo,1,"$79,719.03",79719.03,7357.81,,22799.0,25249.6,30.58,8462910100,87360.27,160928.1,12874.25,285293.34,5883.71,17474.48,0.0,5046.8,18.4212,1,Etiqueta de seguridad desprendida,China
IMP-2025-0338,PO-202509-029,INV-1003-202509-0006,SUP-1003,SKU-130,24/09/2025,12/12/2025,08/01/2026,08/01/2026,12/01/2026,13/01/2026,COSCO Shipping Lines,HAPAG BERLIN EXPRESS 548W,FOB,40HC,Nansha,Manzanillo,1,82381.71,82381.71,7982.39,455.54,22799.0,25878.6,30.83,8462910100,90819.64,"MXN 167,011.87",13360.95,296078.64,8769.07,26773.19,0.0,0.0,18.3894,,,China
IMP-2025-0339,PO-202509-030,INV-1003-202509-0007,SUP-1003,SKU-133,09/24/2025,12/02/2025,01/08/2026,01/08/2026,01/28/2026,02/01/2026,Evergreen Marine,MAERSK ESSEX 220E,FOB,40HC,Nansha,Manzanillo,4,"90,987.07","$363,948.28",9281.22,1513.7,81089.2,92537.7,126.53,8462910100,374743.2,689130.26,55130.42,1221690.13,5199.61,35295.76,0.0,,18.3894,,Pallet damaged on arrival,China
IMP-2025-0340,PO-202509-031,INV-1014-202509-0003,SUP-1014,SKU-105,2025-09-24,2025-12-10,2026-01-07,2026-01-07,2026-01-12,2026-01-15,COSCO Shipping Lines,EVER LIBRA 544W,FOB,40GP,Nantong,Manzanillo,1,"167,084.46","$167,084.46",5721.14,538.38,14233.9,15564.0,14.39,8457100100,173343.98,318769.18,25501.53,565114.0,4857.51,19878.54,,,18.3894,,,China
IMP-2025-0341,PO-202509-032,INV-1014-202509-0004,SUP-1014,SKU-118,25/09/2025,27/12/2025,01/02/2026,01/02/2026,03/02/2026,07/02/2026,Maersk,MAERSK COLUMBUS 639W,CIF,20GP,Nantong,Manzanillo,3,27634.42,82903.26,0.0,,20018.4,21865.4,35.59,8477100100,83285.48,154477.08,12358.17,273856.96,6017.18,32068.98,0.0,0.0,18.5479,,,China
IMP-2025-0342,PO-202509-033,INV-1013-202509-0005,SUP-1013,SKU-109,25/09/2025,05/11/2025,13/12/2025,16/12/2025,31/12/2025,04/01/2026,Ocean Network Express,HAPAG BERLIN EXPRESS 272E,CIF,40GP,Shanghai,Manzanillo,2,82389.60,164779.20,0.0,615.45,26814.4,30135.3,25.5,8458110100,165394.65,304676.79,24374.14,540131.02,7094.45,34781.84,0.0,10097.62,18.4212,0,Sin observaciones durante la inspección,China
IMP-2025-0343,PO-202509-034,INV-1002-202509-0006,SUP-1002,SKU-102,45926,45985,46014,46014,46022,46026,MSC,MSC ANZU 719W,FOB,40GP,Shekou,Manzanillo,2,97084.34,194168.68,,764.79,30127.4,33322.3,42.54,8457100100,201547.43,371274.55,29701.96,658195.53,8040.15,26633.5,0.0,0.0,18.4212,,Etiqueta de seguridad desprendida,China
IMP-2025-0344,PO-202509-035,INV-1006-202509-0002,SUP-1006,SKU-119,2025-09-26,2025-12-14,2026-01-19,2026-01-19,2026-01-24,2026-01-28,Maersk,HAPAG BERLIN EXPRESS 168W,FOB,20GP,Ningbo-Zhoushan,Manzanillo,2,49539.85,"$99,079.70",7877.26,417.21,4976.6,5437.3,7.18,8479500100,107374.17,98727.33,15796.37,334251.24,9126.6,33054.35,0.0,0.0,18.3894,,,China
IMP-2025-0345,PO-202509-036,INV-1004-202509-0001,SUP-1004,SKU-136,2025-09-26,2025-12-05,2026-01-03,2026-01-03,2026-01-19,2026-01-22,Evergreen Marine,MSC PALOMA 129E,CIF,20GP,Yantian,Manzanillo,1,18016.53,"$18,016.53",0.0,65.41,1677.1,1945.1,6.12,8480710100,18081.94,"MXN 16,625.80",2660.13,56288.31,5997.99,20550.73,0.0,7523.53,18.3894,,,China
IMP-2025-0346,PO-202509-037,INV-1003-202509-0008,SUP-1003,SKU-113,2025-09-26,2026-01-05,2026-02-11,2026-02-11,2026-02-15,2026-02-18,MSC,COSCO VEGA 830E,EXW,40GP,Nansha,Manzanillo,1,58633.20,"$58,633.20",6557.28,,3195.7,3506.9,17.73,8456110100,65190.48,120914.65,9673.17,214357.49,5309.54,26893.08,0.0,,18.5479,0,Sin observaciones durante la inspección,China
IMP-2025-0347,PO-202509-038,INV-1013-202509-0006,SUP-1013,SKU-140,27/09/2025,27/12/2025,01/02/2026,01/02/2026,08/02/2026,10/02/2026,COSCO Shipping Lines,EVER LIBRA 629W,FOB,20GP,Shanghai,Manzanillo,2,25563.27,"$51,126.54",6147.84,,3555.4,3953.8,6.09,851531,57477.41,159912.79,8528.68,197524.28,7866.41,23998.9,0.0,0.0,18.5479,0,Sin observaciones durante la inspección,China
IMP-2025-0348,PO-202509-039,INV-1002-202509-0007,SUP-1002,SKU-102,09/27/2025,11/29/2025,01/02/2026,01/04/2026,01/07/2026,01/09/2026,Yang Ming Marine Transport,HAPAG BERLIN EXPRESS 141W,FOB,40GP,Shekou,Manzanillo,3,98483.23,"$295,449.69",7212.97,1121.08,45191.1,51110.9,64.36,8457100100,303783.74,558640.07,44691.21,990357.12,5028.8,33575.36,,0.0,18.3894,0,Sin observaciones durante la inspección,China
IMP-2025-0349,PO-202509-040,INV-1011-202509-0001,SUP-1011,SKU-135,2025-09-27,2025-11-27,2025-12-30,2025-12-30,2026-01-08,2026-01-09,,MAERSK COLUMBUS 400E,CIF,20GP,Shanghai,Lázaro Cárdenas,2,"3,914.78",7829.56,0.0,31.65,3776.6,4119.2,9.41,8480710100,7861.21,7240.65,1158.5,24513.93,6065.27,44402.77,0.0,0.0,18.4212,,,China
IMP-2025-0350,PO-202509-041,INV-1014-202509-0005,SUP-1014,SKU-116,2025-09-28,2026-01-08,2026-02-15,2026-02-15,2026-02-24,2026-02-25,Hapag-Lloyd,MSC PALOMA 746W,FOB,20GP,Nantong,Veracruz,1,88586.45,"$88,586.45",7240.08,,6421.4,7091.6,10.17,8477100100,96273.69,178567.48,14285.4,316564.42,5855.49,52523.53,0.0,,18.5479,,,China
IMP-2025-0351,PO-202509-042,INV-1003-202509-0009,SUP-1003,SKU-113,09/28/2025,12/24/2025,01/23/2026,01/31/2026,02/04/2026,02/07/2026,Hapag-Lloyd,MSC PALOMA 430E,FOB,40GP,Nansha,Lázaro Cárdenas,2,63711.32,"$127,422.64",7013.65,671.61,6391.4,7215.8,36.05,8456110100,135107.9,248455.32,19876.43,440461.59,6630.34,47524.8,,0.0,18.3894,,,China
IMP-2025-0352,PO-202509-043,INV-1014-202509-0006,SUP-1014,SKU-118,09/28/2025,12/23/2025,01/28/2026,01/28/2026,01/31/2026,02/04/2026,Hapag-Lloyd,MAERSK COLUMBUS 840E,CIF,40GP,Nantong,Manzanillo,3,"28,675.39","$86,026.17",0.0,307.0,20018.4,22848.1,39.12,8477100100,86333.17,158761.52,12700.92,281452.42,8539.12,43443.82,0.0,0.0,18.3894,0,No issues found on inspection,China
IMP-2025-0353,PO-202510-001,INV-1005-202510-0001,SUP-1005,SKU-139,2025-10-01,2025-11-01,2025-12-02,2025-12-10,2025-12-19,2025-12-23,Maersk,COSCO VEGA 847E,FOB,20GP,Shekou,Manzanillo,3,23738.76,71216.28,7137.95,,3101.4,3523.6,29.4,8428330100,78758.28,"MXN 145,082.20",11606.58,257201.73,7140.35,36214.74,4729.46,0.0,18.4212,,,China
IMP-2025-0354,PO-202510-002,INV-1014-202510-0001,SUP-1014,SKU-109,01/10/2025,30/10/2025,06/12/2025,06/12/2025,17/12/2025,19/12/2025,Evergreen Marine,ONE APUS 528W,FOB,40GP,Nantong,Manzanillo,4,77015.31,308061.24,9511.48,1575.7,53628.8,61868.6,52.46,8458110100,319148.42,587909.69,47032.77,1042246.29,6435.93,44628.58,0.0,0.0,18.4212,,,China
IMP-2025-0355,PO-202510-003,INV-1002-202510-0001,SUP-1002,SKU-125,10/01/2025,11/29/2025,12/25/2025,12/25/2025,12/30/2025,01/01/2026,Evergreen Marine,MSC ANZU 665E,FOB,20GP,Shekou,Lázaro Cárdenas,3,14367.38,43102.14,7884.38,,9991.5,10955.7,19.48,8414809900,51151.14,141339.81,7538.12,174582.93,3575.86,54878.14,0.0,0.0,18.4212,0,No issues found on inspection,China
IMP-2025-0356,PO-202510-004,INV-1009-202510-0001,SUP-1009,SKU-131,2025-10-02,2025-12-08,2026-01-06,2026-01-06,2026-01-12,2026-01-13,Hapag-Lloyd,MSC ANZU 453W,CIF,40HC,Ningbo-Zhoushan,Lázaro Cárdenas,1,"71,833.59","$71,833.59",0.0,388.56,22577.7,25260.6,26.27,8462910100,72222.15,132812.2,10624.98,235449.47,8844.16,39372.24,0.0,0.0,18.3894,1,Vibración excesiva al arranque,China
IMP-2025-0357,PO-202510-005,INV-1012-202510-0001,SUP-1012,SKU-103,02/10/2025,09/12/2025,12/01/2026,12/01/2026,23/01/2026,24/01/2026,Maersk,HAPAG BERLIN EXPRESS 333E,EXW,40GP,Shanghai,Manzanillo,3,164775.68,494327.04,6568.2,0.0,55023.6,62216.0,55.01,8457100100,500895.24,921116.29,73689.3,1632954.96,5136.89,42384.31,,0.0,18.3894,,,China
IMP-2025-0358,PO-202510-006,INV-1011-202510-0001,SUP-1011,SKU-133,10/02/2025,11/30/2025,01/10/2026,01/10/2026,01/18/2026,,MSC,EVER LIBRA 346W,fob,40'GP,Shanghai,Veracruz,1,90780.07,"$90,780.07",10309.13,532.28,20272.3,22390.8,30.06,8462910100,101621.48,186875.8,14950.06,331293.43,7963.46,64927.41,0.0,0.0,18.3894,0,No issues found on inspection,China
IMP-2025-0359,PO-202510-007,INV-1014-202510-0002,SUP-1014,SKU-112,10/04/2025,12/20/2025,01/22/2026,01/22/2026,01/25/2026,01/29/2026,Yang Ming Marine Transport,HAPAG BERLIN EXPRESS 337E,CIF,20GP,Nantong,Veracruz,3,71300.42,"$213,901.26",0.0,888.51,6430.8,7363.8,22.26,8456110100,214789.77,394985.5,31598.84,700230.29,7497.13,105216.21,0.0,0.0,18.3894,,,China
IMP-2025-0360,PO-202510-008,INV-1001-202510-0001,SUP-1001,SKU-111,2025-10-04,2025-11-24,2026-01-03,2026-01-03,2026-01-11,2026-01-12,Ocean Network Express,YM WELLNESS 246E,FOB,40GP,"YANTIAN, CN",Veracruz,1,"43,017.11",43017.11,8619.41,148.76,1856.0,2133.5,15.93,8456110100,51785.28,95230.02,7618.4,168823.78,5825.25,61252.9,0.0,,18.3894,,,China
IMP-2025-0361,PO-202510-009,INV-1014-202510-0003,SUP-1014,SKU-104,10/04/2025,12/03/2025,01/04/2026,01/04/2026,01/25/2026,01/27/2026,COSCO Shipping Lines,MAERSK ESSEX 226E,FOB,40HC,Nantong,Manzanillo,1,"$146,785.21","$146,785.21",6920.67,641.57,8636.7,9975.4,28.47,8457100100,154347.45,"MXN 283,835.70",22706.86,503183.93,7310.33,21484.79,0.0,0.0,18.3894,,,China
IMP-2025-0362,PO-202510-010,INV-1013-202510-0001,SUP-1013,SKU-140,2025-10-06,2025-12-24,2026-01-27,2026-01-27,2026-01-31,2026-02-02,Maersk,MAERSK ESSEX 508E,FOB,20GP,Shanghai,Lázaro Cárdenas,6,27352.22,"$164,113.32",9347.13,917.09,10666.2,11558.8,19.06,8515310100,174377.54,481004.75,25653.59,594137.07,5165.77,91728.58,0.0,0.0,18.3894,0,No issues found on inspection,China
IMP-2025-0363,PO-202510-011,INV-1007-202510-0001,SUP-1007,SKU-132,10/06/2025,12/15/2025,01/22/2026,01/22/2026,02/10/2026,02/13/2026,Hapag-Lloyd,HAPAG BERLIN EXPRESS 696W,CIF,40GP,Ningbo-Zhoushan,Manzanillo,1,31044.33,31044.33,0.0,,14439.6,16192.4,13.49,846291,31186.86,57350.76,4588.06,101671.44,8034.25,20437.74,0.0,2010.21,18.3894,0,Sin observaciones durante la inspección,China
IMP-2025-0364,PO-202510-012,INV-1001-202510-0002,SUP-1001,SKU-121,2025-10-07,2025-12-23,,2026-02-25,2026-03-06,2026-03-09,Ocean Network Express,MSC ANZU 332W,FOB,20GP,Yantian,Manzanillo,3,61194.12,183582.36,5987.51,,7097.7,7804.8,23.89,8479500100,190440.2,176613.29,28258.13,597941.95,4711.03,32165.68,40238.9,0.0,18.5479,,,China
IMP-2025-0365,PO-202510-013,INV-1002-202510-0002,SUP-1002,SKU-102,07-10-2025,03-12-2025,04-01-2026,09-01-2026,12-01-2026,16-01-2026,COSCO Shipping Lines,MAERSK ESSEX 538E,CIF,40GP,Shekou,Manzanillo,4,"$91,435.50",365742.00,0.0,,60254.8,68398.9,85.0,8457100100,367263.27,675375.12,54030.01,1197305.01,9156.96,40726.48,,0.0,18.3894,,,China
IMP-2025-0366,PO-202510-014,INV-1004-202510-0001,SUP-1004,SKU-142,2025-10-07,2025-12-19,2026-01-16,2026-01-16,2026-01-22,2026-01-25,Hapag-Lloyd,ONE APUS 605W,FOB,20GP,Yantian,Manzanillo,1,"$7,653.60","$7,653.60",6686.73,26.3,1186.9,1337.2,3.4,8515310100,14366.63,39629.06,2113.55,48949.81,8479.79,26499.76,0.0,0.0,18.3894,,,China
IMP-2025-0367,PO-202510-015,INV-1002-202510-0003,SUP-1002,SKU-102,10/08/2025,12/05/2025,01/08/2026,01/08/2026,01/10/2026,01/13/2026,MSC,MAERSK COLUMBUS 281E,FOB,40GP,Shekou,Manzanillo,2,"92,799.77",185599.54,7295.67,,30127.4,33751.8,41.83,8457100100,193876.69,356527.6,28522.21,632052.13,5096.45,27113.58,0.0,,18.3894,,,China
IMP-2025-0368,PO-202510-016,INV-1002-202510-0004,SUP-1002,SKU-106,08/10/2025,17/12/2025,19/01/2026,19/01/2026,26/01/2026,28/01/2026,Ocean Network Express,MAERSK ESSEX 640E,FOB,40GP,Shekou,Lázaro Cárdenas,2,83446.45,166892.90,5479.8,,26654.6,29112.0,33.48,8458110100,173244.16,318585.62,25486.85,564788.58,3775.55,44170.23,0.0,0.0,18.3894,,Pallet damaged on arrival,China
IMP-2025-0369,PO-202510-017,INV-1007-202510-0002,SUP-1007,SKU-113,2025-10-10,2026-01-06,2026-02-03,2026-02-03,2026-02-09,2026-02-12,Maersk,MSC ANZU 537E,CIF,40GP,Ningbo-Zhoushan,Lazaro Cardenas,3,"63,995.95","$191,987.85",0.0,,9587.1,10558.0,52.73,8456110100,192758.86,357527.21,28602.18,633824.23,5997.09,69408.67,0.0,,18.5479,0,Sin observaciones durante la inspección,China
IMP-2025-0370,PO-202510-018,INV-1012-202510-0002,SUP-1012,SKU-108,11/10/2025,02/12/2025,09/01/2026,12/02/2026,20/02/2026,24/02/2026,COSCO Shipping Lines,COSCO ARIES 292W,CIF,20GP,Shanghai,Manzanillo,1,113987.88,"$113,987.88",0.0,351.51,11219.2,12693.8,11.51,8458110100,114339.39,212075.56,16966.04,375967.55,8971.94,21265.42,0.0,0.0,18.5479,,,China
IMP-2025-0371,PO-202510-019,INV-1007-202510-0003,SUP-1007,SKU-132,12/10/2025,24/12/2025,23/01/2026,23/01/2026,28/01/2026,29/01/2026,MSC,ONE APUS 818E,CIF,40GP,Ningbo-Zhoushan,Manzanillo,1,"$29,416.35",29416.35,0.0,138.82,14439.6,15864.4,13.08,8462910100,29555.17,54350.18,4348.01,96352.01,6658.76,17323.74,0.0,,18.3894,,,China
IMP-2025-0372,PO-202510-020,INV-1008-202510-0001,SUP-1008,SKU-112,2025-10-12,2025-12-18,2026-01-21,2026-01-21,2026-01-23,2026-01-24,Maersk,COSCO VEGA 403E,FOB,20GP,Wenzhou,Manzanillo,1,"$71,836.07",71836.07,6915.15,,2143.6,2480.5,7.89,8456110100,79108.27,145475.36,11638.03,257898.72,8211.13,25133.54,0.0,,18.3894,,,China
IMP-2025-0373,PO-202510-021,INV-1005-202510-0002,SUP-1005,SKU-119,2025-10-13,2026-01-05,2026-02-02,2026-02-02,2026-02-05,2026-02-07,COSCO Shipping Lines,COSCO ARIES 615W,CIF,20GP,Shekou,Manzanillo,1,46538.57,46538.57,0.0,215.89,2488.3,2862.6,3.51,8479500100,46754.46,43359.85,6937.58,146799.12,7926.17,17526.89,0.0,0.0,18.5479,,,China
IMP-2025-0374,PO-202510-022,INV-1013-202510-0002,SUP-1013,SKU-122,2025-10-15,2026-01-12,2026-02-14,2026-02-14,2026-02-18,2026-02-22,MSC,MAERSK COLUMBUS 850E,FOB,20GP,Shanghai,Manzanillo,4,25067.03,"$100,268.12",6353.96,,5176.8,5686.9,15.88,8414809900,106929.97,"MXN 297,498.96",15866.61,367470.71,8917.33,42699.14,0.0,0.0,18.5479,,,China
IMP-2025-0375,PO-202510-023,INV-1010-202510-0001,SUP-1010,SKU-110,16/10/2025,02/12/2025,06/01/2026,06/01/2026,08/01/2026,11/01/2026,Evergreen Marine,YM WELLNESS 573E,CIF,20GP,Taizhou,Manzanillo,1,"18,662.32","$18,662.32",0.0,95.25,4689.9,5234.5,10.94,8456110100,18757.57,34494.05,2759.52,61151.04,5969.8,23275.42,0.0,0.0,18.3894,0,Sin observaciones durante la inspección,China
IMP-2025-0376,PO-202510-024,INV-1014-202510-0004,SUP-1014,SKU-116,2025-10-16,2025-12-31,2026-02-05,2026-02-05,,2026-02-11,MSC,HAPAG BERLIN EXPRESS 386W,CIF,20GP,Nantong,Manzanillo,2,79061.66,"$158,123.32",0.0,487.09,12842.8,14874.5,20.86,8477100100,158610.41,294189.0,23535.12,521538.26,8059.87,34853.37,,0.0,18.5479,0,No issues found on inspection,China
IMP-2025-0377,PO-202510-025,INV-1007-202510-0004,SUP-1007,SKU-132,17/10/2025,10/01/2026,13/02/2026,13/02/2026,28/02/2026,04/03/2026,Evergreen Marine,YM WELLNESS 726W,EXW,40GP,Ningbo-Zhoushan,Manzanillo,3,30961.39,"$92,884.17",5783.81,,43318.8,47143.7,36.83,8462910100,98667.98,183008.38,14640.67,324437.26,6395.74,36391.0,0.0,0.0,18.5479,,Bearing play detected on spindle,China
IMP-2025-0378,PO-202510-026,INV-1003-202510-0001,SUP-1003,SKU-113,2025-10-18,2026-01-05,2026-02-02,2026-02-28,2026-03-07,2026-03-09,Ocean Network Express,EVER LIBRA 235W,FOB,40GP,Nansha,Manzanillo,4,"60,866.93","$243,467.72",7749.99,,12782.8,14789.1,72.7,8456110100,252206.57,467790.22,37423.22,829298.51,8979.54,55237.73,33288.89,,18.5479,,Pallet damaged on arrival,China
IMP-2025-0379,PO-202510-027,INV-1006-202510-0001,SUP-1006,SKU-119,2025-10-20,2026-01-05,2026-02-11,2026-03-09,2026-03-11,2026-03-13,Ocean Network Express,COSCO ARIES 389E,EXW,20GP,Ningbo-Zhoushan,Manzanillo,4,"$50,790.36","$203,161.44",9199.37,,9953.2,11111.1,14.0,8479500100,212360.81,196763.97,31482.24,666164.1,6522.82,53847.25,0.0,0.0,18.5311,,,China
IMP-2025-0380,PO-202510-028,INV-1002-202510-0005,SUP-1002,SKU-123,20-10-2025,14-01-2026,19-02-2026,19-02-2026,25-02-2026,28-02-2026,Ocean Network Express,MAERSK ESSEX 487W,FOB,20GP,Shekou,Manzanillo,1,19269.08,"$19,269.08",5238.74,,1535.9,1697.2,7.27,8414809900,24574.18,68369.91,3646.4,84450.52,3569.65,18033.95,0.0,0.0,18.5479,,,China
IMP-2025-0381,PO-202510-029,INV-1011-202510-0002,SUP-1011,SKU-136,10/21/2025,12/11/2025,01/18/2026,01/19/2026,01/24/2026,01/25/2026,Yang Ming Marine Transport,HAPAG BERLIN EXPRESS 712E, FOB,20GP,Shanghai,Manzanillo,1,18520.26,18520.26,6128.51,,1677.1,1828.1,6.08,8480710100,24715.29,22724.97,3635.99,76937.65,5410.41,22954.09,0.0,,18.3894,,,China
IMP-2025-0382,PO-202510-030,INV-1004-202510-0002,SUP-1004,SKU-111,2025-10-23,2025-12-16,2026-01-12,2026-01-12,2026-02-02,2026-01-29,Maersk,MAERSK ESSEX 254W,CIF,40GP,Yantian,Manzanillo,3,43860.61,"$131,581.83",,499.45,5568.0,6406.4,49.47,8456110100,132081.28,242889.55,19431.16,430594.59,7106.02,44244.17,0.0,10114.13,18.3894,,,China
IMP-2025-0383,PO-202510-031,INV-1006-202510-0002,SUP-1006,SKU-129,24/10/2025,05/01/2026,09/02/2026,09/02/2026,17/02/2026,21/02/2026,COSCO Shipping Lines,HAPAG BERLIN EXPRESS 242E,FOB,40GP,Ningbo-Zhoushan,Lázaro Cárdenas,1,39887.30,"$39,887.30",7424.35,139.24,7772.0,8608.9,18.7,8422309900,47450.89,88011.44,7040.91,156026.67,6598.38,33627.72,0.0,0.0,18.5479,,,China
IMP-2025-0384,PO-202511-001,INV-1014-202511-0001,SUP-1014,SKU-106,11/01/2025,01/11/2026,02/09/2026,02/09/2026,02/15/2026,02/17/2026,Hapag-Lloyd,MAERSK COLUMBUS 256W,FOB,40GP,Nantong,Manzanillo,4,91509.88,"$366,039.52",8884.3,1505.0,53309.2,57961.0,68.52,8458110100,376428.82,698196.41,55855.71,1237762.6,6087.24,53455.94,0.0,0.0,18.5479,,,China
IMP-2025-0385,PO-202511-002,INV-1005-202511-0001,SUP-1005,SKU-139,2025-11-01,2025-12-19,2026-01-24,2026-01-24,2026-01-27,2026-01-28,Hapag-Lloyd,MAERSK COLUMBUS 801E,DDP,20GP,Shekou,Manzanillo,3,21740.19,"$65,220.57",,,3101.4,3413.2,30.03,8428330100,73537.99,135231.95,10818.56,239739.2,4351.95,44101.01,0.0,0.0,18.3894,0,Sin observaciones durante la inspección,China
IMP-2025-0386,PO-202511-003,INV-1014-202511-0002,SUP-1014,SKU-116,01/11/2025,18/01/2026,17/02/2026,17/02/2026,19/02/2026,21/02/2026,Maersk,HAPAG BERLIN EXPRESS 307W,FOB,20GP,Nantong,"MANZANILLO, COL",1,81825.79,81825.79,7094.12,436.72,6421.4,7110.7,10.29,8477100100,89356.63,165737.78,13259.02,293819.94,8232.51,19138.51,0.0,0.0,18.5479,0,Sin observaciones durante la inspección,China
IMP-2025-0387,PO-202511-004,INV-1014-202511-0003,SUP-1014,SKU-116,02/11/2025,18/01/2026,23/02/2026,23/02/2026,25/02/2026,01/03/2026,Yang Ming Marine Transport,COSCO ARIES 644W,CIF,40'GP,Nantong,Manzanillo,2,84828.22,"$169,656.44",0.0,,12842.8,14374.2,20.72,8477.10.01.00,170296.52,315864.28,25269.14,559964.2,5140.41,34682.4,0.0,0.0,18.5479,0,Sin observaciones durante la inspección,China
IMP-2025-0388,PO-202511-005,INV-1007-202511-0001,SUP-1007,SKU-141,2025-11-03,2025-12-25,2026-01-29,2026-01-29,2026-02-03,2026-02-07,Ocean Network Express,MAERSK COLUMBUS 694E,FOB,20GP,Ningbo-Zhoushan,Manzanillo,1,"$27,932.17",27932.17,8725.58,,1895.6,2091.0,4.14,8515310100,36761.7,101403.84,5408.2,125254.02,4664.25,21129.06,0.0,0.0,18.3894,,,China
IMP-2025-0389,PO-202511-006,INV-1010-202511-0001,SUP-1010,SKU-110,2025-11-04,2025-12-24,2026-01-30,2026-02-01,2026-02-05,2026-02-07,Evergreen Marine,ONE APUS 580W,FOB,20GP,Taizhou,Manzanillo,2,19614.27,"$39,228.54",6334.16,208.66,9379.8,10600.7,23.01,8456110100,45771.36,84896.26,6791.7,150504.09,5339.23,32108.83,0.0,,18.5479,,,China
IMP-2025-0390,PO-202511-007,INV-1001-202511-0001,SUP-1001,SKU-111,11/05/2025,12/31/2025,02/03/2026,12/15/2025,02/07/2026,02/08/2026,Evergreen Marine,ONE APUS 684E,FOB,40GP,Yantian,Manzanillo,4,47315.48,189261.92,10436.6,921.54,7424.0,8356.7,65.94,8456110100,200620.06,372108.08,29768.65,659673.21,4436.9,36309.88,0.0,0.0,18.5479,0,Sin observaciones durante la inspección,China
IMP-2025-0391,PO-202511-008,INV-1001-202511-0002,SUP-1001,SKU-109,11/05/2025,12/18/2025,01/19/2026,01/19/2026,01/22/2026,01/23/2026,Evergreen Marine,MSC PALOMA 779W,FOB,40GP,Yantian,Manzanillo,1,79963.14,79963.14,5725.37,,13407.2,15301.1,12.86,8458110100,86134.07,158395.39,12671.63,280803.34,5848.29,21394.06,0.0,0.0,18.3894,,Bearing play detected on spindle,China
IMP-2025-0392,PO-202511-009,INV-1006-202511-0001,SUP-1006,SKU-119,2025-11-05,2026-01-08,2026-02-08,2026-02-08,2026-02-15,2026-02-17,COSCO Shipping Lines,COSCO VEGA 370E,FOB,20GP,Ningbo-Zhoushan,Manzanillo,1,"47,159.62","$47,159.62",7313.69,206.4,2488.3,2755.9,3.73,8479500100,54679.71,50709.69,8113.55,171682.73,6626.9,22563.15,0.0,0.0,18.5479,,,China
IMP-2025-0393,PO-202511-010,INV-1012-202511-0001,SUP-1099,SKU-108,2025-11-07,2025-12-20,2026-01-27,2026-01-27,2026-01-30,2026-01-31,COSCO Shipping Lines,COSCO VEGA 784W,FOB,20GP,Shanghai,Manzanillo,4,114570.38,"$458,281.52",6827.5,,44876.8,50872.4,46.82,8458110100,466875.52,"MXN 858,556.07",68684.49,1522048.2,6044.88,47223.8,0.0,,18.3894,,,China
IMP-2025-0394,PO-202511-011,INV-1012-202511-0002,SUP-1012,SKU-108,2025-11-06,2025-12-28,2026-02-02,2026-02-02,2026-02-10,2026-02-07,COSCO Shipping Lines,MAERSK COLUMBUS 143E,FOB,20GP,Shanghai,Manzanillo,1,113720.22,"$113,720.22",8380.08,,11219.2,12763.9,11.16,8458110100,122547.31,227299.53,18183.96,402956.6,8490.55,17180.56,0.0,0.0,18.5479,,,China
IMP-2025-0395,PO-202511-012,INV-1006-202511-0002,SUP-1006,SKU-101,08/11/2025,30/12/2025,05/02/2026,07/02/2026,16/02/2026,18/02/2026,Evergreen Marine,COSCO ARIES 180E,FOB,40HC,"Ningbo, CN",Manzanillo,2,"$162,539.57",325079.14,,,17085.0,19453.0,60.6,8457.10.01.00,333242.65,"MXN 618,095.13",49447.61,1095759.05,6926.62,32270.52,0.0,0.0,18.5479,,,China
IMP-2025-0396,PO-202511-013,INV-1011-202511-0001,SUP-1011,SKU-115,45970,46039,46068,46086,46092,46096,Hapag-Lloyd,MSC PALOMA 587E,FOB,40GP,Shanghai (Waigaoqiao),Manzanillo,3,41993.31,125979.93,8266.04,580.14,13689.0,15539.3,58.39,8477100100,134826.11,249847.61,19987.81,442929.85,7303.35,34402.17,30904.02,0.0,18.5311,,,China
IMP-2025-0397,PO-202511-014,INV-1012-202511-0003,SUP-1012,SKU-142,09-11-2025,03-01-2026,01-02-2026,01-02-2026,17-02-2026,21-02-2026,Ocean Network Express,MAERSK ESSEX 523E,FOB,20GP,Shanghai,Manzanillo,1,"7,499.83","$7,499.83",5672.75,33.5,1186.9,1306.0,3.52,8515310100,13206.08,36741.76,1959.56,45383.42,3517.83,20476.55,0.0,2785.9,18.5479,0,No issues found on inspection,China
IMP-2025-0398,PO-202511-015,INV-1013-202511-0001,SUP-1013,SKU-137,2025-11-09,2025-12-09,2026-01-07,2026-01-07,2026-01-12,2026-01-14,Ocean Network Express,EVER LIBRA 209W,FOB,40GP,Shanghai,Manzanillo,1,32994.07,"$32,994.07",8298.73,,5455.3,6001.4,18.15,8428330100,41411.2,76152.71,6092.22,135003.53,4780.99,24289.18,0.0,0.0,18.3894,,,China
IMP-2025-0399,PO-202511-016,INV-1003-202511-0001,SUP-1003,SKU-123,10/11/2025,20/01/2026,17/02/2026,17/02/2026,11/03/2026,13/03/2026,Yang Ming Marine Transport,MAERSK ESSEX 379W,FOB,20GP,Nansha,Manzanillo,2,"$18,012.78",36025.56,5712.53,110.34,3071.8,3449.7,14.35,8414809900,41848.43,"MXN 116,430.07",6209.6,143814.43,6181.16,29881.27,0.0,0.0,18.5479,,,China
IMP-2025-0400,PO-202511-017,INV-1013-202511-0002,SUP-1013,SKU-139,11/11/2025,12/27/2025,01/27/2026,01/27/2026,01/30/2026,01/31/2026,Hapag-Lloyd,YM WELLNESS 896E,FOB,20GP,Shanghai,Manzanillo,1,21533.64,21533.64,,81.68,1033.8,1117.6,9.15,8428330100,29381.33,54030.5,4322.44,95785.28,5561.97,21183.35,0.0,0.0,18.3894,,,China
IMP-2025-0401,PO-202511-018,INV-1014-202511-0004,SUP-1014,SKU-104,11/11/2025,13/01/2026,17/02/2026,23/03/2026,26/03/2026,27/03/2026,MSC,EVER LIBRA 155E,FOB,40HC,Nantong,Manzanillo,1,156739.41,156739.41,5196.58,,8636.7,9354.7,29.28,845710,162465.34,301066.15,24085.29,533730.06,7123.88,18997.15,13668.69,0.0,18.5311,,,China
IMP-2025-0402,PO-202511-019,INV-1002-202511-0001,SUP-1002,SKU-106,11-11-2025,25-01-2026,07-03-2026,15-03-2026,17-03-2026,21-03-2026,Maersk,MSC ANZU 107W,FOB,40GP,Shekou,Veracruz,1,91559.30,"$91,559.30",6783.29,,13327.3,15072.0,17.62,8458110100,98650.4,182810.04,14624.8,324085.64,8323.96,52206.85,22455.34,0.0,18.5311,,,China
IMP-2025-0403,PO-202511-020,INV-1003-202511-0002,SUP-1003,SKU-101,45972,46029,46064,46082,,46091,COSCO Shipping Lines,ONE APUS 792E,FOB,40HC,Guangzhou (Nansha),Manzanillo,1,153328.68,153328.68,8901.8,,8542.5,9526.3,28.32,8457100100,162864.11,301805.11,24144.41,535040.1,6841.27,26916.57,0.0,0.0,18.5311,0,No issues found on inspection,China
IMP-2025-0404,PO-202511-021,INV-1014-202511-0005,SUP-1014,SKU-104,12/11/2025,27/01/2026,05/03/2026,05/03/2026,08/03/2026,12/03/2026,Yang Ming Marine Transport,MAERSK ESSEX 195E,FOB,40HC,Nantong,Manzanillo,6,"$144,321.34","$865,928.04",9429.18,2694.82,51820.2,59188.7,169.58,8457100100,878052.04,1627127.02,130170.16,2884570.77,6568.9,67914.24,0.0,0.0,18.5311,,,China
IMP-2025-0405,PO-202511-022,INV-1011-202511-0002,SUP-1099,SKU-140,12/11/2025,25/01/2026,01/03/2026,19/03/2026,21/03/2026,23/03/2026,Ocean Network Express,HAPAG BERLIN EXPRESS 639E,DDP,20GP,Shanghai,Manzanillo,4,28271.92,"$113,087.68",7922.47,341.26,7110.8,7877.5,12.79,8515310100,121351.41,"MXN 337,316.27",17990.2,416653.05,5910.91,46837.51,0.0,,18.5311,0,Sin observaciones durante la inspección,China
IMP-2025-0406,PO-202511-023,INV-1006-202511-0003,SUP-1006,SKU-119,2025-11-13,2026-01-19,2026-02-26,2026-02-26,2026-03-07,2026-03-09,Ocean Network Express,COSCO ARIES 474E,FOB,20GP,Ningbo-Zhoushan,Manzanillo,3,49716.48,149149.44,9432.3,,7464.9,8097.8,10.65,8479500100,159188.75,"MXN 147,630.85",23620.94,499819.01,6135.82,31599.02,0.0,,18.5479,,,China
IMP-2025-0407,PO-202511-024,INV-1014-202511-0006,SUP-1014,SKU-134,2025-11-13,2026-01-06,2026-02-07,2026-02-07,2026-02-11,2026-02-13,Yang Ming Marine Transport,HAPAG BERLIN EXPRESS 533W,EXW,20GP,Nantong,Manzanillo,1,7655.32,"$7,655.32",6906.83,0.0,1398.5,1511.3,4.35,8480710100,14562.15,13504.87,2160.78,45722.07,8438.5,25129.82,0.0,,18.5479,,,China
IMP-2025-0408,PO-202511-025,INV-1001-202511-0003,SUP-1001,SKU-114,11/14/2025,02/21/2026,03/26/2026,03/28/2026,04/06/2026,04/09/2026,Hapag-Lloyd,MAERSK COLUMBUS 372W,FOB,40HC,Yantian,"Manzanillo, Colima",2,69438.51,"$138,877.02",8317.02,614.35,26212.4,28872.2,55.72,8477100100,147808.39,273905.21,21912.42,485579.15,8431.09,31457.63,0.0,0.0,18.5311,,,China
IMP-2025-0409,PO-202511-026,INV-1009-202511-0001,SUP-1009,SKU-136,2025-11-14,2026-01-01,2026-01-29,2026-01-29,2026-02-20,2026-02-21,Hapag-Lloyd,YM WELLNESS 629E,FOB,20GP,Ningbo-Zhoushan,Manzanillo,3,18808.60,"$56,425.80",5519.75,,5031.3,5750.1,16.54,8480710100,62132.91,"MXN 57,129.35",9140.7,193417.12,5444.44,45327.67,0.0,,18.3894,2,Etiqueta de seguridad desprendida,China
IMP-2025-0410,PO-202511-027,INV-1011-202511-0003,SUP-1011,SKU-135,2025-11-15,2026-01-14,2026-02-19,2026-02-19,2026-02-28,2026-03-02,Ocean Network Express,YM WELLNESS 873E,FOB,20GP,Shanghai,Veracruz,2,"$4,190.11","$8,380.22",7830.41,38.51,3776.6,4277.7,8.55,8480710100,16249.14,15069.37,2411.1,51018.86,8989.41,66463.85,,0.0,18.5479,,,China
IMP-2025-0411,PO-202511-028,INV-1002-202511-0002,SUP-1002,SKU-106,2025-11-16,2026-01-21,2026-02-27,2026-02-27,2026-03-03,,Yang Ming Marine Transport,YM WELLNESS 359W,CIF,40GP,Shekou,Manzanillo,1,88143.53,"$88,143.53",0.0,310.23,13327.3,14835.5,17.26,8458110100,88453.76,164063.15,13125.05,290851.15,6721.15,25224.0,0.0,0.0,18.5479,0,Sin observaciones durante la inspección,China
IMP-2025-0412,PO-202511-029,INV-1014-202511-0007,SUP-1014,SKU-116,19/11/2025,28/01/2026,25/02/2026,05/03/2026,11/03/2026,15/03/2026,MSC,ONE APUS 625E,FOB,20GP,Nantong,Manzanillo,4,85992.16,343968.64,7827.28,,25685.6,29767.7,39.23,8477100100,353620.2,655297.13,52423.77,1161710.75,3839.46,40860.07,,0.0,18.5311,,,China
IMP-2025-0413,PO-202511-030,INV-1001-202511-0004,SUP-1001,SKU-111,17/11/2025,05/01/2026,10/02/2026,10/02/2026,19/02/2026,20/02/2026,ocean network express,HAPAG BERLIN EXPRESS 240E,FOB,40GP,Yantian,Manzanillo,2,45757.34,"$91,514.68",9269.87,473.75,3712.0,4126.7,33.19,8456110100,101258.3,187812.88,15025.03,332954.68,7621.83,28834.45,0.0,0.0,18.5479,,,China
IMP-2025-0414,PO-202511-031,INV-1002-202511-0003,SUP-1002,SKU-140,17/11/2025,07/02/2026,08/03/2026,08/03/2026,17/03/2026,18/03/2026,Hapag-Lloyd,ONE APUS 817E,CIF,20GP,Shekou,Lázaro Cárdenas,1,"$26,489.67",26489.67,0.0,110.04,1777.7,2034.9,3.13,8515310100,26599.71,73938.28,3943.38,91328.57,8037.76,35987.97,0.0,0.0,18.5311,,,China
IMP-2025-0415,PO-202511-032,INV-1009-202511-0002,SUP-1009,SKU-131,45979,46047,46083,46083,46092,46093,COSCO Shipping Lines,COSCO VEGA 666E,EXW,40HC,Ningbo-Zhoushan,Manzanillo,1,74939.21,74939.21,5733.69,,22577.7,26041.6,26.72,8462910100,80672.9,"MXN 149,495.76",11959.66,265026.08,8800.15,20544.99,0.0,,18.5311,,,China
IMP-2025-0416,PO-202511-033,INV-1009-202511-0003,SUP-1009,SKU-133,18/11/2025,16/01/2026,18/02/2026,18/02/2026,11/03/2026,14/03/2026,Maersk,COSCO ARIES 475E,FOB,40HC,Ningbo-Zhoushan,Lázaro Cárdenas,1,100189.56,100189.56,8042.0,,20272.3,22957.3,,8462910100,108584.65,201401.72,16112.14,357044.97,4948.67,38820.22,,,18.5479,,,China
IMP-2025-0417,PO-202511-034,INV-1011-202511-0004,SUP-1011,SKU-135,19/11/2025,21/01/2026,23/02/2026,23/02/2026,25/02/2026,28/02/2026,Hapag-Lloyd,COSCO VEGA 792E,CIF,20GP,Shanghai,Manzanillo,2,3982.39,"$7,964.78",0.0,,3776.6,4112.7,9.24,8480710100,8005.32,7424.09,1187.85,25135.01,3928.23,29376.29,0.0,0.0,18.5479,,,China
IMP-2025-0418,PO-202511-035,INV-1001-202511-0005,SUP-1001,SKU-111,2025-11-19,2025-12-31,2026-02-03,2026-02-07,2026-02-12,2026-02-16,Hapag-Lloyd,EVER LIBRA 335W,EXW,40GP,Yantian,Lázaro Cárdenas,1,"42,616.60",42616.60,,0.0,1856.0,2022.5,16.35,8456110100,49777.91,92327.57,7386.21,163678.32,4571.67,38327.2,0.0,0.0,18.5479,0,No issues found on inspection,China
IMP-2025-0419,PO-202511-036,INV-1013-202511-0003,SUP-1013,SKU-124,19/11/2025,13/02/2026,16/03/2026,16/03/2026,20/03/2026,23/03/2026,cosco shipping lines,YM WELLNESS 118W,CIF,20GP,Shanghai,Manzanillo,2,"7,493.44",14986.88,0.0,,1142.4,1279.6,10.86,8414809900,15070.38,41890.61,2234.17,51743.28,6904.81,31669.85,0.0,,18.5311,0,No issues found on inspection,China
IMP-2025-0420,PO-202511-037,INV-1003-202511-0003,SUP-1003,SKU-113,19/11/2025,13/02/2026,24/03/2026,19/04/2026,21/04/2026,22/04/2026,Yang Ming Marine Transport,EVER LIBRA 807E,FOB,40GP,Nansha,Veracruz,4,61998.58,"$247,994.32",7458.04,,12782.8,13976.4,76.35,8456110100,256700.11,474697.54,37975.8,841543.81,4095.92,113942.29,34252.46,0.0,18.4923,,,China
IMP-2025-0421,PO-202511-038,INV-1009-202511-0004,SUP-1009,SKU-124,11/20/2025,02/16/2026,03/22/2026,03/22/2026,04/05/2026,04/09/2026,MSC,MAERSK COLUMBUS 459W,EXW,20GP,Ningbo-Zhoushan,Manzanillo,1,7655.42,"$7,655.42",7185.22,0.0,571.2,622.9,5.25,8414809900,14840.64,41252.01,2200.11,50954.48,9116.47,19168.94,0.0,8300.32,18.5311,,,China
IMP-2025-0422,PO-202511-039,INV-1003-202511-0004,SUP-1003,SKU-136,11/20/2025,01/14/2026,02/18/2026,02/18/2026,02/22/2026,02/23/2026,MSC,YM WELLNESS 857E,CIF,20GP,Nansha,Manzanillo,4,19773.95,79095.80,0.0,,6708.4,7707.9,23.3,8480710100,79540.85,73765.79,11802.53,249741.45,7738.8,45475.84,0.0,0.0,18.5479,,,China
IMP-2025-0423,PO-202511-040,INV-1007-202511-0002,SUP-1007,SKU-123,2025-11-21,2026-02-05,2026-03-12,2026-03-12,2026-03-19,2026-03-22,Maersk,MSC PALOMA 682E,FOB,20GP,Ningbo-Zhoushan,Lázaro Cárdenas,1,18035.52,18035.52,8344.08,86.41,1535.9,1771.0,7.16,8414809900,26466.01,73566.64,3923.55,90869.52,4969.05,30296.12,0.0,0.0,18.5311,1,Óxido superficial en la carcasa,China
IMP-2025-0424,PO-202511-041,INV-1003-202511-0005,SUP-1003,SKU-138,2025-11-21,2026-01-19,2026-02-18,2026-02-18,2026-02-27,2026-03-01,MSC,MSC PALOMA 539W,FOB,40GP,Nansha,Manzanillo,3,"$11,703.02","$35,109.06",7058.81,163.31,15761.1,17704.9,38.38,842833,42331.18,78515.45,6281.24,139192.19,3971.19,31780.22,0.0,0.0,18.5479,,,China
IMP-2025-0425,PO-202511-042,INV-1003-202511-0006,SUP-1003,SKU-105,11/22/2025,01/28/2026,03/06/2026,03/06/2026,03/14/2026,03/15/2026,COSCO Shipping Lines,MAERSK COLUMBUS 870W,CIF,40GP,Nansha,Manzanillo,4,"170,823.64",683294.56,0.0,3410.25,56935.6,64108.8,60.34,8457100100,686704.81,1272539.55,101803.16,2255958.12,4558.73,50826.66,0.0,0.0,18.5311,,Tornillería incompleta,China
IMP-2025-0426,PO-202511-043,INV-1005-202511-0002,SUP-1005,SKU-117,2025-11-22,2026-02-11,2026-03-14,2026-03-19,2026-03-25,2026-03-28,Hapag-Lloyd,HAPAG BERLIN EXPRESS 782E,FOB,40GP,Shekou,Manzanillo,1,"$31,784.88","$31,784.88",5944.44,,11584.0,12582.9,16.15,8477100100,37861.87,70162.21,5612.98,124383.57,7013.01,26369.73,0.0,0.0,18.5311,0,Sin observaciones durante la inspección,China
IMP-2025-0427,PO-202511-044,INV-1007-202511-0003,SUP-1007,SKU-130,23/11/2025,22/01/2026,22/02/2026,22/02/2026,24/02/2026,28/02/2026,MSC,MSC PALOMA 296E,FOB,40HC,Ningbo-Zhoushan,Manzanillo,2,80117.45,"$160,234.90",6348.83,,45598.0,51634.3,67.22,8462910100,167097.27,309930.35,24794.43,549444.52,3819.34,34732.96,0.0,0.0,18.5479,0,Sin observaciones durante la inspección,China
IMP-2025-0428,PO-202511-045,INV-1003-202511-0007,SUP-1003,SKU-139,24/11/2025,25/12/2025,24/01/2026,27/01/2026,05/02/2026,09/02/2026,COSCO Shipping Lines,COSCO VEGA 209E,FOB,20GP,Nansha,Manzanillo,3,"$22,814.27",68442.81,6948.01,,3101.4,3546.3,28.01,8428.33.01.00,75699.35,139206.56,11136.53,246785.39,8741.24,30295.33,0.0,0.0,18.3894,,,China
IMP-2025-0429,PO-202511-046,INV-1008-202511-0001,SUP-1008,SKU-126,11/26/2025,02/19/2026,03/27/2026,04/22/2026,04/27/2026,04/28/2026,Yang Ming Marine Transport,COSCO VEGA 210W,FOB,40GP,Wenzhou,Manzanillo,1,31915.41,31915.41,,,6230.8,7225.3,13.86,8422309900,40043.59,74049.81,5923.98,131275.5,4634.79,19911.85,0.0,0.0,18.4923,0,No issues found on inspection,China
IMP-2025-0430,PO-202511-047,INV-1003-202511-0008,SUP-1003,SKU-133,11/26/2025,02/05/2026,03/07/2026,03/07/2026,03/11/2026,03/12/2026,MSC,ONE APUS 105E,CIF ,40HC,Nansha,Manzanillo,2,92445.60,"$184,891.20",0.0,,40544.6,46274.1,62.16,8462910100,185785.95,344281.8,27542.54,610342.78,8275.58,25860.28,0.0,,18.5311,,,China
IMP-2025-0431,PO-202511-048,INV-1009-202511-0005,SUP-1009,SKU-131,45987,46048,46077,46077,46079,46083,COSCO Shipping Lines,COSCO VEGA 244E,FOB,40HC,Ningbo-Zhoushan,Manzanillo,3,80713.64,242140.92,7145.86,1078.74,67733.1,75051.8,72.42,8462910100,250365.52,464375.46,37150.04,823244.82,6413.74,33770.21,0.0,,18.5479,3,Óxido superficial en la carcasa,China
IMP-2025-0432,PO-202511-049,INV-1007-202511-0004,SUP-1007,SKU-115,2025-11-27,2026-02-06,2026-03-07,2026-03-07,2026-03-11,2026-03-13,COSCO Shipping Lines,MAERSK COLUMBUS 820W,EXW,40GP,Ningbo-Zhoushan,Manzanillo,2,40131.36,"$80,262.72",,0.0,9126.0,10113.0,37.06,8477100100,86745.37,160748.71,12859.9,284975.32,4321.76,25656.58,,0.0,18.5311,,,China
IMP-2025-0433,PO-202512-001,INV-1001-202512-0001,SUP-1001,SKU-128,02/12/2025,25/02/2026,02/04/2026,02/04/2026,04/04/2026,05/04/2026,COSCO Shipping Lines,YM WELLNESS 898W,CIF,20GP,Yantian,Manzanillo,1,52348.05,52348.05,0.0,163.17,5152.8,5859.9,11.03,8422309900,52511.22,97105.32,7768.43,172148.32,4556.22,22212.11,0.0,0.0,18.4923,1,Accessory kit incomplete,China
IMP-2025-0434,PO-202512-002,INV-1011-202512-0001,SUP-1011,SKU-127,2025-12-03,2026-03-09,2026-04-05,2026-04-06,2026-04-13,2026-04-17,Hapag-Lloyd,MAERSK ESSEX 774E,DDP,40GP,Shanghai,Manzanillo,1,55859.82,"$55,859.82",7556.23,,3825.5,4411.8,19.59,8422309900,63634.24,117674.35,9413.95,208613.08,6387.98,26041.5,0.0,0.0,18.4923,,,China
IMP-2025-0435,PO-202512-003,INV-1002-202512-0001,SUP-1002,SKU-124,12/03/2025,03/09/2026,04/06/2026,04/06/2026,,04/28/2026,evergreen marine,HAPAG BERLIN EXPRESS 657W,FOB,20GP,Shekou,Manzanillo,1,"8,008.33",8008.33,6053.89,,571.2,625.1,5.23,8414.80.99.00,14108.34,39134.35,2087.17,48338.75,3736.69,20326.88,0.0,0.0,18.4923,1,Hydraulic leak at fitting,China
IMP-2025-0436,PO-202512-004,INV-1006-202512-0001,SUP-1006,SKU-101,12/03/2025,02/05/2026,03/05/2026,03/05/2026,03/08/2026,03/10/2026,Yang Ming Marine Transport,EVER LIBRA 122W,FOB,40HC,Ningbo-Zhoushan,Manzanillo,1,161134.89,"$161,134.89",5309.07,876.57,8542.5,9414.0,28.97,8457100100,167320.53,310063.35,24805.07,549680.3,4968.52,18719.52,0.0,0.0,18.5311,,Sello de empaque roto,China
IMP-2025-0437,PO-202512-005,INV-1012-202512-0001,SUP-1012,SKU-108,2025-12-04,2026-02-03,2026-03-12,2026-03-20,2026-03-29,2026-03-30,Maersk,MAERSK COLUMBUS 340E,FOB,20GP,Shanghai,Manzanillo,4,110274.13,"$441,096.52",9282.81,1962.0,44876.8,51139.1,46.81,8458110100,452341.33,838238.24,67059.06,1486028.76,3621.86,36315.96,13987.44,0.0,18.5311,0,No issues found on inspection,China
IMP-2025-0438,PO-202512-006,INV-1012-202512-0002,SUP-1012,SKU-119,2025-12-04,2026-03-01,2026-04-01,2026-04-01,2026-04-23,2026-04-24,MSC,COSCO ARIES 839W,FOB,40'HC,Shanghai,Manzanillo,1,"$49,020.49","$49,020.49",8451.27,255.96,2488.3,2717.7,3.69,8479500100,57727.72,53375.92,8540.15,180709.5,4581.43,19232.46,0.0,0.0,18.4923,0,No issues found on inspection,China
IMP-2025-0439,PO-202512-007,INV-1012-202512-0003,SUP-1012,SKU-141,2025-12-05,2026-02-17,2026-03-27,2026-03-28,2026-04-05,2026-04-06,COSCO Shipping Lines,MAERSK ESSEX 568W,CIF,20GP,Shanghai,"MANZANILLO, COL",1,"$7,065.58","$7,065.58",0.0,22.39,1186.9,1369.3,3.49,8515310100,7087.97,19702.18,1050.78,24336.14,5539.35,19689.26,0.0,0.0,18.5311,,,China
IMP-2025-0440,PO-202512-008,INV-1002-202512-0002,SUP-1002,SKU-124,2025-12-05,2026-03-16,2026-04-13,2026-04-16,2026-04-22,2026-04-26,Yang Ming Marine Transport,EVER LIBRA 166E,FOB,20GP,Shekou,Lázaro Cárdenas,2,7428.75,14857.50,7621.0,79.42,1142.4,1294.4,11.0,8414809900,22557.92,62572.17,3337.18,77289.15,5301.59,39188.08,0.0,0.0,18.4923,,Hydraulic leak at fitting,China
IMP-2025-0441,PO-202512-009,INV-1014-202512-0001,SUP-1014,SKU-134,05/12/2025,16/02/2026,19/03/2026,19/03/2026,27/03/2026,28/03/2026,Ocean Network Express,HAPAG BERLIN EXPRESS 826W,FOB,20GP,Nantong,Manzanillo,4,7171.73,"$28,686.92",8043.79,151.5,5594.0,6077.8,16.45,8480710100,36882.21,34173.4,5467.74,115697.45,5845.67,42068.16,0.0,0.0,18.5311,,,China
IMP-2025-0442,PO-202512-010,INV-1009-202512-0001,SUP-1099,SKU-131,2025-12-05,2026-02-23,2026-04-01,2026-04-01,2026-04-06,2026-04-10,MSC,ONE APUS 842E,FOB,40HC,Ningbo-Zhoushan,Veracruz,6,76228.17,457369.02,9598.55,,135466.2,147296.5,144.98,8462910100,469674.13,"MXN 868,535.49",69482.84,1539739.72,9004.6,144502.88,,0.0,18.4923,,,China
IMP-2025-0443,PO-202512-011,INV-1005-202512-0001,SUP-1005,SKU-139,2025-12-07,2026-01-20,2026-02-22,2026-02-22,2026-02-25,2026-02-27,MSC,YM WELLNESS 780W,FOB,20GP,Shekou,Manzanillo,1,21510.75,21510.75,7932.95,,1033.8,1148.7,8.98,8428330100,29512.7,54739.86,4379.19,97042.83,4609.95,24622.97,,0.0,18.5479,1,Paint chipping on enclosure,China
IMP-2025-0444,PO-202512-012,INV-1008-202512-0001,SUP-1008,SKU-112,2025-12-07,2026-03-03,2026-04-09,2026-04-10,2026-04-24,2026-04-28,MSC,MAERSK COLUMBUS 442E,FOB,20GP,Wenzhou,Manzanillo,2,"71,954.00",143908.00,6663.66,579.94,4287.2,4819.0,15.67,8456110100,151151.6,279514.07,22361.13,495522.55,7953.68,26248.76,0.0,,18.4923,0,Sin observaciones durante la inspección,China
IMP-2025-0445,PO-202512-013,INV-1013-202512-0001,SUP-1013,SKU-133,08/12/2025,11/03/2026,20/04/2026,20/04/2026,27/04/2026,29/04/2026,Ocean Network Express,MAERSK ESSEX 162W,CIF,40HC,Shanghai,Veracruz,1,90033.40,"$90,033.40",,,20272.3,22015.3,29.0,,90342.34,"MXN 167,063.77",13365.1,296170.64,6198.2,65617.19,,0.0,18.4923,0,No issues found on inspection,China
IMP-2025-0446,PO-202512-014,INV-1012-202512-0004,SUP-1012,SKU-142,46000,46082,46113,46113,46118,46119,Hapag-Lloyd,ONE APUS 376E, FOB,20GP,Shanghai,Manzanillo,4,"$6,806.34",27225.36,9576.14,,4747.6,5338.3,13.31,8515310100,36938.3,102461.12,5464.59,126559.97,6574.52,43436.34,0.0,0.0,18.4923,3,Hydraulic leak at fitting,China
IMP-2025-0447,PO-202512-015,INV-1011-202512-0002,SUP-1011,SKU-127,12/10/2025,03/12/2026,04/13/2026,04/13/2026,04/18/2026,04/22/2026,COSCO Shipping Lines,EVER LIBRA 483E,DDP,40GP,Shanghai,Manzanillo,1,55235.89,55235.89,5177.77,,3825.5,4204.6,17.98,8422309900,60722.45,112289.78,8983.18,199067.32,7860.08,22395.34,0.0,0.0,18.4923,,,China
IMP-2025-0448,PO-202512-016,INV-1002-202512-0003,SUP-1002,SKU-107,12/10/2025,02/01/2026,02/27/2026,02/27/2026,03/02/2026,03/05/2026,Yang Ming Marine Transport,COSCO VEGA 101E,FOB,40GP,Shekou,Lázaro Cárdenas,1,46056.20,46056.20,5365.87,,10542.4,11907.7,12.93,8458110100,51618.45,95741.38,7659.31,169730.33,6058.51,39324.7,0.0,,18.5479,,,China
IMP-2025-0449,PO-202512-017,INV-1004-202512-0001,SUP-1004,SKU-112,11-12-2025,28-02-2026,03-04-2026,03-04-2026,09-04-2026,11-04-2026,MSC,ONE APUS 447W,FOB,20GP,Yantian,Manzanillo,6,71587.08,429522.48,8208.06,1969.77,12861.6,14171.2,44.28,8456110100,439700.31,813107.0,65048.56,1441476.1,6770.45,63629.62,0.0,,18.4923,2,Wiring harness loose in cabinet,China
IMP-2025-0450,PO-202512-018,INV-1005-202512-0002,SUP-1005,SKU-132,2025-12-11,2026-03-11,2026-04-14,2026-04-15,2026-04-21,2026-04-23,COSCO Shipping Lines,MAERSK COLUMBUS 658W,FOB,40GP,Shekou,manzanillo,3,30720.92,92162.76,6180.9,279.77,43318.8,48234.9,37.28,8462910100,98623.43,182377.41,14590.19,323318.66,4275.37,34107.13,0.0,0.0,18.4923,,,China
IMP-2025-0451,PO-202512-019,INV-1009-202512-0002,SUP-1009,SKU-131,12/13/2025,03/19/2026,04/25/2026,04/25/2026,04/28/2026,05/02/2026,Evergreen Marine,COSCO ARIES 312W,FOB,40HC,Ningbo-Zhoushan,Manzanillo,1,"75,353.66",75353.66,7605.57,,22577.7,25312.0,24.69,8462910100,83257.56,153962.38,12316.99,272944.5,4576.94,25601.93,,,18.4923,1,Control panel door misaligned,China
IMP-2025-0452,PO-202512-020,INV-1013-202512-0002,SUP-1013,SKU-137,2025-12-13,2026-02-16,2026-03-19,2026-03-31,2026-04-02,2026-04-05,MSC,MSC ANZU 150E,CIF,40GP,Shanghai,Manzanillo,1,32760.23,32760.23,,,5455.3,6184.6,19.15,8428330100,32888.66,60946.3,4875.7,108045.61,5193.14,17579.68,0.0,0.0,18.5311,,,China
IMP-2025-0453,PO-202512-021,INV-1011-202512-0003,SUP-1011,SKU-115,12/13/2025,03/10/2026,04/11/2026,04/11/2026,04/14/2026,04/15/2026,COSCO Shipping Lines,HAPAG BERLIN EXPRESS 548E,FOB,40GP,Shanghai,Manzanillo,2,40312.46,80624.92,,394.6,9126.0,10415.5,38.99,8477100100,89484.99,165478.33,13238.27,293359.98,3552.66,25824.2,,,18.4923,,,China
IMP-2025-0454,PO-202512-022,INV-1014-202512-0002,SUP-1014,SKU-139,2025-12-15,2026-01-25,2026-02-28,2026-02-28,2026-03-02,2026-03-04,MSC,MSC PALOMA 179E,CIF,20GP,Nantong,Manzanillo,2,23191.20,"$46,382.40",0.0,270.36,2067.6,2249.6,18.55,8428330100,46652.76,86531.07,6922.49,153402.29,4757.21,29970.24,0.0,0.0,18.5479,,Revisión eléctrica sin hallazgos,China
IMP-2025-0455,PO-202512-023,INV-1013-202512-0003,SUP-1013,SKU-117,12/15/2025,03/19/2026,04/19/2026,04/21/2026,04/25/2026,04/27/2026,Yang Ming Marine Transport,MSC PALOMA 797W,FOB,40GP,Shanghai,Lázaro Cárdenas,1,34909.98,34909.98,5127.34,105.89,11584.0,12638.3,16.24,8477100100,40143.21,74234.03,5938.72,131602.09,6220.76,29798.23,0.0,0.0,18.4923,0,Sin observaciones durante la inspección,China
IMP-2025-0456,PO-202512-024,INV-1001-202512-0002,SUP-1001,SKU-111,2025-12-16,2026-02-14,2026-03-17,2026-03-17,2026-04-03,2026-04-07,Hapag-Lloyd,MAERSK ESSEX 650W,EXW,40GP,Yantian,Manzanillo,1,45260.84,"$45,260.84",7285.65,0.0,1856.0,2026.8,16.52,8456110100,52546.49,"MXN 97,374.43",7789.95,172625.38,4384.26,20799.13,,7759.72,18.5311,,,China
IMP-2025-0457,PO-202512-025,INV-1003-202512-0001,SUP-1003,SKU-102,12/16/2025,03/08/2026,04/06/2026,04/06/2026,04/15/2026,04/18/2026,MSC,HAPAG BERLIN EXPRESS 106W,CIF,40GP,Nansha,Manzanillo,3,99000.27,"$297,000.81",0.0,1051.14,45191.1,52241.9,63.7,8457100100,298051.95,"MXN 551,166.61",44093.33,977108.16,9006.69,29451.96,0.0,0.0,18.4923,,,China
IMP-2025-0458,PO-202512-026,INV-1003-202512-0002,SUP-1003,SKU-133,16/12/2025,21/03/2026,20/04/2026,20/04/2026,25/04/2026,27/04/2026,Evergreen Marine,EVER LIBRA 181W,CIF,40HC,Nansha,"Manzanillo, Colima",4,95147.17,"$380,588.68",0.0,,81089.2,90362.8,119.04,8462910100,382427.84,"MXN 707,197.03",56575.76,1253718.9,3922.0,46197.58,0.0,0.0,18.4923,,,China
IMP-2025-0459,PO-202512-027,INV-1005-202512-0003,SUP-1005,SKU-136,2025-12-16,2026-02-24,2026-03-30,2026-04-02,2026-04-06,2026-04-09,Yang Ming Marine Transport,YM WELLNESS 464E,FOB,20GP,Shekou,Manzanillo,2,19416.84,38833.68,8712.35,,3354.2,3727.4,10.87,8480710100,47685.96,44091.15,7054.58,149275.01,7971.75,26912.48,0.0,,18.4923,,,China
IMP-2025-0460,PO-202512-028,INV-1006-202512-0002,SUP-1006,SKU-102,12/17/2025,02/24/2026,03/26/2026,03/27/2026,03/29/2026,04/01/2026,Maersk,YM WELLNESS 533E,EXW,40GP,Ningbo-Zhoushan,Manzanillo,3,94316.35,"$282,949.05",7941.2,0.0,45191.1,50768.0,62.76,8457100100,290890.25,539051.63,43124.13,955630.73,4788.46,37917.57,0.0,0.0,18.5311,,Etiqueta de seguridad desprendida,China
IMP-2025-0461,PO-202512-029,INV-1002-202512-0004,SUP-1002,SKU-107,12/17/2025,02/10/2026,03/10/2026,03/28/2026,04/06/2026,04/08/2026,Maersk,MSC ANZU 704W,FOB,40GP,Shekou,Lázaro Cárdenas,6,46039.59,276237.54,9743.71,1209.35,63254.4,68692.6,77.98,8458110100,287190.6,532195.77,42575.66,943476.67,7721.96,92954.73,0.0,,18.5311,,,China
IMP-2025-0462,PO-202512-030,INV-1011-202512-0004,SUP-1011,SKU-127,2025-12-18,2026-03-28,2026-04-29,2026-04-29,2026-05-07,2026-05-09,Evergreen Marine,COSCO ARIES 638E,CIF,40GP,Shanghai,Manzanillo,3,57202.66,171607.98,0.0,937.07,11476.5,12638.4,54.85,8422309900,172545.05,319075.48,25526.04,565657.02,6292.68,34394.2,0.0,0.0,18.4923,,,China
IMP-2025-0463,PO-202512-031,INV-1001-202512-0003,SUP-1001,SKU-121,19/12/2025,29/03/2026,08/05/2026,08/05/2026,13/05/2026,16/05/2026,Ocean Network Express,ONE APUS 659E,FOB,20GP,Yantian,Veracruz,4,"62,321.22","$249,284.88",9266.24,750.14,9463.6,10529.5,31.28,8479500100,259301.26,241578.02,38652.48,817886.54,7190.19,128207.75,0.0,0.0,18.633,,,China
IMP-2025-0464,PO-202512-032,INV-1010-202512-0001,SUP-1010,SKU-110,19/12/2025,20/02/2026,29/03/2026,29/03/2026,31/03/2026,01/04/2026,COSCO Shipping Lines,COSCO ARIES 557W,FOB,20GP,Taizhou,Manzanillo,1,19965.24,"$19,965.24",,,4689.9,5233.0,10.76,8456110100,25386.07,47043.18,3763.45,83398.15,7018.61,24853.96,0.0,0.0,19.0532,,,China
IMP-2025-0465,PO-202512-033,INV-1004-202512-0002,SUP-1004,SKU-113,12/23/2025,03/30/2026,05/02/2026,05/01/2026,05/23/2026,05/25/2026,Yang Ming Marine Transport,COSCO ARIES 457W,DDP,40GP,Yantian,Manzanillo,2,59420.25,118840.50,,,6391.4,7354.6,37.24,8456110100,126945.44,236537.44,18923.0,419333.57,6269.63,28924.17,0.0,0.0,18.633,0,Sin observaciones durante la inspección,China
IMP-2025-0466,PO-202512-034,INV-1011-202512-0005,SUP-1011,SKU-135,12/23/2025,03/01/2026,04/01/2026,04/01/2026,04/03/2026,04/07/2026,Yang Ming Marine Transport,COSCO VEGA 821E,FOB,20GP,Shanghai,Manzanillo,3,3936.38,"$11,809.14",8767.99,,5664.9,6236.1,13.4,8480 71 01 00,20622.27,19067.66,3050.83,64555.47,5508.94,40496.47,0.0,,18.4923,,,China
IMP-2025-0467,PO-202512-035,INV-1014-202512-0003,SUP-1014,SKU-120,46016,46116,46153,46153,46161,,Maersk,COSCO VEGA 387W,FOB,20GP,Nantong,Manzanillo,2,60157.87,120315.74,8490.09,438.7,4365.6,4760.3,5.74,8479500100,129244.53,120410.67,19265.71,407662.35,5375.7,32842.87,,,18.633,,,China
IMP-2025-0468,PO-202512-036,INV-1012-202512-0005,SUP-1012,SKU-106,2025-12-26,2026-02-22,2026-03-23,2026-03-23,2026-03-30,2026-03-31,Ocean Network Express,MAERSK COLUMBUS 269E,FOB,20GP,Shanghai,"Manzanillo, Colima",2,"109.193,86","$218,387.72",9281.58,965.01,22438.4,24474.1,21.6,8458110100,228634.31,423684.53,33894.76,751107.93,6233.03,28493.04,0.0,0.0,18.5311,,,China
IMP-2025-0469,PO-202512-037,INV-1003-202512-0003,SUP-1003,SKU-141,2025-12-26,2026-03-11,2026-04-14,2026-04-14,,2026-04-22,Yang Ming Marine Transport,MSC ANZU 394E,FOB,20GP,Nansha,Manzanillo,2,28557.45,57114.90,5853.29,227.09,3791.2,4318.3,7.86,8515310100,63195.28,175293.91,9349.01,216523.04,7557.09,28348.49,0.0,0.0,18.4923,3,Calibration certificate missing,China
IMP-2025-0470,PO-202512-038,INV-1010-202512-0002,SUP-1010,SKU-110,2025-12-26,2026-02-26,2026-03-25,2026-03-25,2026-04-02,2026-04-03,Evergreen Marine,MAERSK COLUMBUS 220E,CIF,20GP,Taizhou,Manzanillo,1,19061.07,"$19,061.07",0.0,75.8,4689.9,5433.5,11.31,8456110100,19136.87,35462.73,2837.02,62868.32,5657.25,18020.29,0.0,0.0,18.5311,,,China
IMP-2025-0471,PO-202512-039,INV-1010-202512-0003,SUP-1010,SKU-110,12/27/2025,03/16/2026,04/16/2026,04/16/2026,04/24/2026,04/28/2026,Hapag-Lloyd,MAERSK COLUMBUS 266E,FOB,20GP,Taizhou,Manzanillo,6,18625.98,111755.88,7546.98,652.04,28139.4,32132.8,66.01,8456110100,119954.9,221824.2,17745.94,393249.94,8871.49,61266.44,0.0,,18.4923,,,China
IMP-2025-0472,PO-202512-040,INV-1011-202512-0006,SUP-1011,SKU-128,27/12/2025,24/03/2026,29/04/2026,29/04/2026,18/05/2026,19/05/2026,MAERSK,MSC PALOMA 397E,,20GP,Shanghai,Manzanillo,2,50691.62,"$101,383.24",8793.95,,10305.6,11273.9,23.39,8422309900,110713.39,204734.52,16378.76,362953.36,7449.63,27547.49,0.0,0.0,18.4923,,,China
IMP-2025-0473,PO-202512-041,INV-1013-202512-0004,SUP-1013,SKU-117,12/27/2025,03/27/2026,05/04/2026,05/04/2026,05/21/2026,05/24/2026,MSC,MAERSK COLUMBUS 890W,FOB,40GP,Shanghai,Manzanillo,1,"$31,825.76","$31,825.76",8866.1,168.33,11584.0,12956.9,16.36,8477100100,40860.19,76134.79,6090.78,134971.76,7807.71,23594.25,0.0,0.0,18.633,,,China
IMP-2025-0474,PO-202512-042,INV-1010-202512-0004,SUP-1010,SKU-102,27/12/2025,04/03/2026,05/04/2026,08/04/2026,22/04/2026,24/04/2026,Evergreen Marine,ONE APUS 874E,FOB,40GP,Taizhou,Manzanillo,1,98578.21,"$98,578.21",,,15063.7,17102.1,18.99,8457100100,106879.84,197645.41,15811.63,350385.78,5426.5,18595.96,0.0,,18.4923,,Pallet damaged on arrival,China
IMP-2023-0362,PO-202310-010,INV-1012-202310-0001,SUP-1012,SKU-108,10/06/2023,11/24/2023,12/30/2023,12/30/2023,01/05/2024,01/08/2024,MSC,YM WELLNESS 601W,FOB,20GP,Shanghai,Manzanillo,1,"$111,723.34",111723.34,7152.99,,11219.2,12301.8,11.85,8458110100,119308.04,201291.75,16103.34,356850.02,5061.02,24769.1,,0.0,16.8716,0,No issues found on inspection,China
IMP-2023-0324,PO-202309-015,INV-1008-202309-0001,SUP-1008,SKU-112,09/11/2023,12/01/2023,01/02/2024,01/02/2024,01/10/2024,01/13/2024,COSCO Shipping Lines,COSCO ARIES 232W,CIF,20GP,Wenzhou,Manzanillo,3,"71.164,59",213493.77,0.0,,6430.8,7136.2,21.17,8456110100,214716.19,371839.06,29747.12,659196.28,7303.79,37997.77,,0.0,17.3177,1,Faltó el manual en español,China
IMP-2023-0361,PO-202310-009,INV-1014-202310-0002,SUP-1014,SKU-122,2023-10-04,2023-12-25,2024-01-27,2024-01-27,2024-01-31,2024-02-02,Evergreen Marine,COSCO ARIES 388W,FOB,20GP,Nantong,Manzanillo,2,24745.81,49491.62,7927.99,176.99,2588.4,2893.2,8.29,8414809900,57596.6,149616.1,7979.53,184805.8,8976.18,31212.69,0.0,,17.3177,0,No issues found on inspection,China
IMP-2024-0301,PO-202408-031,INV-1001-202408-0002,SUP-1001,SKU-111,23/08/2024,05/10/2024,03/11/2024,03/11/2024,10/11/2024,14/11/2024,Yang Ming Marine Transport,ONE APUS 438W,CIF,40GP,Yantian,"LÁZARO CÁRDENAS, MICH",4,42770.17,"$171,080.68",0.0,,7424.0,8354.6,63.17,8456110100,171959.91,"MXN 344,193.24",27535.46,610185.77,6536.46,64368.62,0.0,0.0,20.0159,,,China
IMP-2025-0446,PO-202512-014,INV-1012-202512-0004,SUP-1012,SKU-142,46000,46082,46113,46113,46118,46119,Hapag-Lloyd,ONE APUS 376E, FOB,20GP,Shanghai,Manzanillo,4,"$6,806.34",27225.36,9576.14,,4747.6,5338.3,13.31,8515310100,36938.3,102461.12,5464.59,126559.97,6574.52,43436.34,0.0,0.0,18.4923,3,Hydraulic leak at fitting,China
IMP-2023-0179,PO-202305-032,INV-1001-202305-0003,SUP-1001,SKU-111,22/05/2023,29/06/2023,27/07/2023,14/08/2023,19/08/2023,23/08/2023,Maersk,MSC PALOMA 570W,FOB,40GP,Yantian,Manzanillo,1,46335.40,"$46,335.40",5262.06,235.05,1856.0,2099.3,15.38,8456110100,51832.51,92103.26,7368.26,163280.66,4587.22,20037.99,33087.44,0.0,17.7694,,,China
IMP-2025-0293,PO-202508-023,INV-1006-202508-0002,SUP-1006,SKU-125,08/16/2025,10/12/2025,11/08/2025,11/08/2025,11/13/2025,11/17/2025,Hapag-Lloyd,COSCO ARIES 498E,FOB,20GP,Ningbo-Zhoushan,Manzanillo,3,"$15,234.13","$45,702.39",6009.03,,9991.5,11123.3,20.88,8414809900,51849.92,144311.29,7696.6,178253.31,7384.89,35234.25,0.0,0.0,18.555,,,China
IMP-2025-0266,PO-202507-035,INV-1001-202507-0003,SUP-1001,SKU-125,2025-07-25,2025-10-02,2025-10-31,2025-10-31,2025-11-02,2025-11-03,Maersk,MSC PALOMA 838E,FOB,20GP,Yantian,Lázaro Cárdenas,3,"15,346.83",46040.49,8616.7,274.66,9991.5,11158.8,21.42,8414809900,54931.85,152900.61,8154.7,188862.83,7393.26,67680.69,0.0,0.0,18.5564,,,China
IMP-2024-0119,PO-202404-017,INV-1010-202404-0001,SUP-1010,SKU-110,45393,45459,45489,45489,45496,45500,Hapag-Lloyd,ONE APUS 647E,FOB,20GP,Taizhou,Manzanillo,3,"$18,374.46",55123.38,8093.12,,14069.7,16211.8,34.96,8456110100,63392.65,118197.5,9455.8,209540.52,6297.14,33016.42,0.0,,18.6453,,,China
IMP-2023-0174,PO-202305-027,INV-1003-202305-0001,SUP-1003,SKU-133,2023-05-21,2023-07-19,2023-08-22,2023-08-22,2023-09-13,2023-09-17,,MSC PALOMA 441E,FOB,40HC,Nansha,Manzanillo,3,94816.01,"$284,448.03",7617.9,,60816.9,66970.8,90.47,8462910100,293103.01,520826.46,41666.12,923321.15,5120.73,30223.66,0.0,0.0,17.7694,,,China
IMP-2023-0476,PO-202312-044,INV-1011-202312-0004,SUP-1011,SKU-135,2023-12-24,2024-03-01,2024-04-05,2024-04-05,2024-04-11,2024-04-14,Yang Ming Marine Transport,MAERSK COLUMBUS 753E,FOB,20GP,Shanghai,Manzanillo,2,4036.25,"$8,072.50",8081.45,41.82,3776.6,4186.1,8.98,8480710100,16195.77,14586.56,2333.85,49384.25,7227.39,32818.1,0.0,0.0,18.0128,,,China
IMP-2025-0374,PO-202510-022,INV-1013-202510-0002,SUP-1013,SKU-122,2025-10-15,2026-01-12,2026-02-14,2026-02-14,2026-02-18,2026-02-22,MSC,MAERSK COLUMBUS 850E,FOB,20GP,Shanghai,Manzanillo,4,25067.03,"$100,268.12",6353.96,,5176.8,5686.9,15.88,8414809900,106929.97,"MXN 297,498.96",15866.61,367470.71,8917.33,42699.14,0.0,0.0,18.5479,,,China
IMP-2025-91452,PO-202505-001,INV-1003-202505-0001,SUP-1003,SKU-113,05/05/2025,25/07/2025,20/08/2025,21/08/2025,24/08/2025,27/08/2025,MSC,MSC PALOMA 319E,FOB,40GP,Nansha,Manzanillo,3,"$59,192.86","$177,578.58",8582.35,544.17,9587.1,10926.6,57.2,8456110100,186705.1,354892.79,28391.42,629153.93,6795.34,29493.48,0.0,0.0,19.0082,0,No issues found on inspection,China
IMP-2025-91453,PO-202506-012,INV-1009-202506-0002,SUP-1009,SKU-131,45820,45878,,45907,45916,45917,Evergreen Marine,COSCO VEGA 793E,CIF,40HC,Ningbo-Zhoushan,Manzanillo,6,78696.17,472177.02,0.0,1843.33,135466.2,147033.8,149.31,8462910100,474020.35,886844.67,70947.57,1572198.24,3928.0,47820.07,0.0,0.0,18.709,,,China
IMP-2024-91454,PO-202412-032,INV-1003-202412-0006,SUP-1003,SKU-123,20/12/2024,27/03/2025,25/04/2025,25/04/2025,27/04/2025,30/04/2025,Ocean Network Express,COSCO ARIES 144W,CIF,20GP,Nansha,Manzanillo,4,17429.59,"$69,718.36",0.0,,6143.6,6766.9,29.39,8414809900,69967.82,205332.81,10951.08,253627.09,5838.99,41361.13,0.0,0.0,19.5645,,,China
IMP-2024-91455,PO-202407-007,INV-1002-202407-0001,SUP-1002,SKU-131,12/07/2024,10/09/2024,09/10/2024,14/10/2024,17/10/2024,20/10/2024,Evergreen Marine,MSC ANZU 515W,CIF,40HC,Shekou,Manzanillo,4,74152.24,"$296,608.96",,1505.19,90310.8,103679.1,104.73,8462910100,298114.15,590409.11,47232.73,1046677.27,8434.56,37034.93,,0.0,19.8048,,,China
IMP-2024-91456,PO-202411-024,INV-1013-202411-0004,SUP-1013,SKU-120,11/14/2024,02/16/2025,03/16/2025,03/24/2025,03/26/2025,03/30/2025,Evergreen Marine,YM WELLNESS 204E,EXW,20GP,Shanghai,Manzanillo,1,59820.95,"$59,820.95",5988.58,0.0,2182.8,2425.4,3.08,8479500100,65809.53,65360.71,10457.71,221285.22,6334.57,26730.63,,0.0,19.8636,,,China
IMP-2024-91457,PO-202408-032,INV-1010-202408-0003,SUP-1010,SKU-110,2024-08-24,2024-10-26,2024-11-30,2024-11-30,2024-12-07,2024-12-08,COSCO Shipping Lines,ONE APUS 515E,FOB,20GP,Taizhou,Manzanillo,1,20160.26,20160.26,8149.64,117.42,4689.9,5068.0,11.31,8456110100,28427.32,56899.84,4551.99,100872.04,6843.25,20164.37,0.0,0.0,20.0159,,,China
